EID,PROCOUNT,BS_PROCOUNT,WS_PROCOUNT,BS_RATE
5,22,22,0,1.0
168,1,0,1,0.0
252,2,2,0,1.0
319,1,1,0,1.0
353,3,3,0,1.0
439,3,3,0,1.0
535,1,0,1,0.0
541,2,1,1,0.5
559,1,1,0,1.0
722,2,2,0,1.0
1041,1,1,0,1.0
1052,1,1,0,1.0
1104,1,1,0,1.0
1572,1,1,0,1.0
1653,7,0,7,0.0
1692,1,0,1,0.0
1778,7,5,2,0.7142857142857143
1914,1,1,0,1.0
1964,2,2,0,1.0
2065,2,2,0,1.0
2082,1,0,1,0.0
2090,2,2,0,1.0
2205,1,1,0,1.0
2333,1,1,0,1.0
2403,5,0,5,0.0
2452,2,2,0,1.0
2455,1,1,0,1.0
2491,1,0,1,0.0
2707,5,5,0,1.0
2797,2,2,0,1.0
2806,1,0,1,0.0
2944,1,1,0,1.0
2957,1,0,1,0.0
3220,1,1,0,1.0
3273,1,0,1,0.0
3300,1,0,1,0.0
3524,1,0,1,0.0
3649,1,1,0,1.0
3711,1,1,0,1.0
3743,1,0,1,0.0
3875,3,0,3,0.0
3919,1,1,0,1.0
4224,1,1,0,1.0
4253,1,0,1,0.0
4308,1,1,0,1.0
4458,1,0,1,0.0
4510,8,4,4,0.5
4583,8,2,6,0.25
4595,3,0,3,0.0
4644,1,1,0,1.0
4802,1,1,0,1.0
4877,1,1,0,1.0
5289,10,0,10,0.0
5534,1,1,0,1.0
5666,12,11,1,0.9166666666666666
5697,2,0,2,0.0
5717,3,3,0,1.0
5785,2,0,2,0.0
5836,1,1,0,1.0
5965,1,1,0,1.0
5977,2,2,0,1.0
5986,11,10,1,0.9090909090909091
6076,2,0,2,0.0
6100,10,8,2,0.8
6357,1,1,0,1.0
6397,3,0,3,0.0
6591,1,0,1,0.0
6758,1,0,1,0.0
6824,1,0,1,0.0
7078,1,1,0,1.0
7236,8,8,0,1.0
7602,8,4,4,0.5
7617,1,1,0,1.0
7648,7,1,6,0.14285714285714285
7708,4,4,0,1.0
7805,5,0,5,0.0
7905,4,0,4,0.0
7965,1,0,1,0.0
8025,1,1,0,1.0
8158,1,1,0,1.0
8287,1,1,0,1.0
8323,1,0,1,0.0
8471,1,1,0,1.0
8721,1,0,1,0.0
8755,4,4,0,1.0
8768,17,5,12,0.29411764705882354
8793,1,1,0,1.0
8860,1,1,0,1.0
8883,1,1,0,1.0
8909,1,1,0,1.0
8983,3,3,0,1.0
9006,4,2,2,0.5
9155,1,0,1,0.0
9176,1,0,1,0.0
9358,1,0,1,0.0
9366,1,1,0,1.0
9751,1,1,0,1.0
9988,17,5,12,0.29411764705882354
10126,3,2,1,0.6666666666666666
10208,1,1,0,1.0
10253,2,2,0,1.0
10275,20,10,10,0.5
10367,1,1,0,1.0
10399,1,1,0,1.0
10485,1,0,1,0.0
10567,1,1,0,1.0
10663,1,0,1,0.0
10828,24,24,0,1.0
11055,1,1,0,1.0
11119,1,0,1,0.0
11285,2,0,2,0.0
11317,1,0,1,0.0
11396,16,16,0,1.0
11693,2,2,0,1.0
11848,1,0,1,0.0
11860,3,0,3,0.0
11897,16,15,1,0.9375
12072,1,1,0,1.0
12089,11,11,0,1.0
12127,2,2,0,1.0
12168,1,0,1,0.0
12322,2,2,0,1.0
12335,2,2,0,1.0
12563,7,0,7,0.0
12665,11,2,9,0.18181818181818182
12763,1,0,1,0.0
12824,1,0,1,0.0
12928,1,0,1,0.0
12941,1,0,1,0.0
12946,3,0,3,0.0
13017,2,2,0,1.0
13120,3,1,2,0.3333333333333333
13125,1,1,0,1.0
13130,2,2,0,1.0
13153,1,1,0,1.0
13428,1,1,0,1.0
13452,2,0,2,0.0
13478,1,1,0,1.0
13505,1,1,0,1.0
13537,1,1,0,1.0
13600,1,1,0,1.0
13905,3,3,0,1.0
13922,1,1,0,1.0
14040,1,1,0,1.0
14134,1,1,0,1.0
14174,1,0,1,0.0
14175,1,1,0,1.0
14317,2,0,2,0.0
14321,1,1,0,1.0
14439,1,1,0,1.0
14460,5,5,0,1.0
14474,1,1,0,1.0
14932,15,0,15,0.0
14996,1,0,1,0.0
15049,22,22,0,1.0
15101,1,1,0,1.0
15360,2,2,0,1.0
15513,30,30,0,1.0
15750,3,0,3,0.0
15757,1,1,0,1.0
15778,1,0,1,0.0
15833,8,8,0,1.0
16156,1,1,0,1.0
16453,2,2,0,1.0
16706,1,1,0,1.0
16740,1,1,0,1.0
16876,6,0,6,0.0
16893,1,1,0,1.0
17085,3,3,0,1.0
17197,1,1,0,1.0
17515,15,11,4,0.7333333333333333
17607,1,1,0,1.0
17837,1,1,0,1.0
17846,12,12,0,1.0
17854,1,1,0,1.0
17922,1,1,0,1.0
17985,1,1,0,1.0
18017,1,1,0,1.0
18021,40,10,30,0.25
18067,3,1,2,0.3333333333333333
18078,550,292,258,0.5309090909090909
18105,1,0,1,0.0
18124,2,2,0,1.0
18379,7,2,5,0.2857142857142857
18480,20,0,20,0.0
18534,3,0,3,0.0
18656,2,0,2,0.0
18707,4,1,3,0.25
18739,1,0,1,0.0
18834,5,1,4,0.2
19103,1,1,0,1.0
19235,1,1,0,1.0
19238,5,5,0,1.0
19347,1,1,0,1.0
19397,1,0,1,0.0
19549,1,1,0,1.0
19661,2,2,0,1.0
19673,5,5,0,1.0
19855,2,2,0,1.0
19868,12,8,4,0.6666666666666666
19874,5,5,0,1.0
19948,1,1,0,1.0
19957,1,1,0,1.0
19978,2,2,0,1.0
20067,2,2,0,1.0
20146,50,12,38,0.24
20211,5,0,5,0.0
20226,6,5,1,0.8333333333333334
20232,2,2,0,1.0
20233,2,2,0,1.0
20296,1,0,1,0.0
20339,5,1,4,0.2
20400,143,53,90,0.3706293706293706
20609,1,1,0,1.0
20689,1,1,0,1.0
20731,2,2,0,1.0
20807,4,2,2,0.5
20818,1,0,1,0.0
20866,6,3,3,0.5
20938,1,0,1,0.0
20980,1,1,0,1.0
21035,1,1,0,1.0
21067,1,1,0,1.0
21200,1,1,0,1.0
21240,1,0,1,0.0
21271,1,1,0,1.0
21743,1,1,0,1.0
21851,1,1,0,1.0
21961,1,1,0,1.0
21967,1,0,1,0.0
22048,1,1,0,1.0
22055,1,1,0,1.0
22136,1,1,0,1.0
22250,1,1,0,1.0
22517,2,1,1,0.5
22593,2,2,0,1.0
22683,2,2,0,1.0
22720,3,0,3,0.0
22835,2,1,1,0.5
22866,1,0,1,0.0
22898,3,0,3,0.0
22931,24,12,12,0.5
23221,2,2,0,1.0
23582,3,3,0,1.0
23811,2,0,2,0.0
23880,1,1,0,1.0
23892,3,3,0,1.0
24063,1,1,0,1.0
24103,6,0,6,0.0
24210,3,3,0,1.0
24321,1,1,0,1.0
24365,1,0,1,0.0
24691,5,5,0,1.0
24711,8,0,8,0.0
24754,13,9,4,0.6923076923076923
24810,1,1,0,1.0
24978,1,0,1,0.0
25070,1,0,1,0.0
25084,6,6,0,1.0
25143,3,3,0,1.0
25337,3,2,1,0.6666666666666666
25454,1,0,1,0.0
25463,5,5,0,1.0
25693,1,0,1,0.0
25854,2,2,0,1.0
26083,5,5,0,1.0
26189,10,10,0,1.0
26192,1,0,1,0.0
26224,1,0,1,0.0
26268,10,8,2,0.8
26348,3,2,1,0.6666666666666666
26427,2,1,1,0.5
26429,2,2,0,1.0
26565,1,1,0,1.0
26737,1,1,0,1.0
26771,1,1,0,1.0
26796,2,2,0,1.0
26821,6,6,0,1.0
27011,1,1,0,1.0
27023,1,1,0,1.0
27235,3,2,1,0.6666666666666666
27413,1,1,0,1.0
27467,3,0,3,0.0
27497,5,0,5,0.0
27560,1,1,0,1.0
27562,3,2,1,0.6666666666666666
27828,2,1,1,0.5
27945,3,3,0,1.0
28059,24,22,2,0.9166666666666666
28165,1,1,0,1.0
28242,2,2,0,1.0
28280,12,1,11,0.08333333333333333
28310,2,0,2,0.0
28348,1,1,0,1.0
28352,1,1,0,1.0
28368,2,1,1,0.5
28392,1,1,0,1.0
28610,1,0,1,0.0
28618,1,0,1,0.0
28681,3,3,0,1.0
28819,1,1,0,1.0
28893,6,1,5,0.16666666666666666
28929,4,4,0,1.0
28939,1,1,0,1.0
29041,2,2,0,1.0
29093,114,111,3,0.9736842105263158
29151,4,4,0,1.0
29177,6,6,0,1.0
29361,98,60,38,0.6122448979591837
29399,19,5,14,0.2631578947368421
29416,4,4,0,1.0
29512,1,0,1,0.0
29642,1,1,0,1.0
29665,17,12,5,0.7058823529411765
29668,3,3,0,1.0
29700,2,2,0,1.0
29731,1,0,1,0.0
29810,1,1,0,1.0
29832,2,2,0,1.0
29895,2,2,0,1.0
29915,1,1,0,1.0
30117,1,1,0,1.0
30283,1,1,0,1.0
30365,7,7,0,1.0
30470,82,57,25,0.6951219512195121
30785,1,0,1,0.0
30953,1,1,0,1.0
30959,1,1,0,1.0
31040,3,1,2,0.3333333333333333
31241,2,2,0,1.0
31541,1,1,0,1.0
31979,1,1,0,1.0
32159,15,0,15,0.0
32180,2,2,0,1.0
32186,2,0,2,0.0
32422,3,3,0,1.0
32476,3,3,0,1.0
32496,1,1,0,1.0
32512,5,5,0,1.0
32713,1,1,0,1.0
32722,32,18,14,0.5625
32732,8,4,4,0.5
32826,2,1,1,0.5
32929,2,2,0,1.0
33306,1,1,0,1.0
33334,1,0,1,0.0
33424,3,3,0,1.0
33577,2,0,2,0.0
33635,1,1,0,1.0
33787,1,0,1,0.0
33873,17,3,14,0.17647058823529413
33882,3,0,3,0.0
34070,4,0,4,0.0
34083,8,8,0,1.0
34175,8,3,5,0.375
34204,1,1,0,1.0
34316,1,1,0,1.0
34319,1,1,0,1.0
34414,1,0,1,0.0
34664,1,0,1,0.0
34749,2,2,0,1.0
34855,2,0,2,0.0
34857,1,1,0,1.0
34895,9,9,0,1.0
35098,1,0,1,0.0
35186,3,3,0,1.0
35235,3,3,0,1.0
35990,21,15,6,0.7142857142857143
36539,4,0,4,0.0
36546,2,0,2,0.0
36814,12,6,6,0.5
36972,8,1,7,0.125
36997,1,1,0,1.0
37033,1,1,0,1.0
37246,1,1,0,1.0
37295,22,14,8,0.6363636363636364
37298,1,1,0,1.0
37687,2,0,2,0.0
37803,3,2,1,0.6666666666666666
37804,11,11,0,1.0
37843,1,0,1,0.0
37963,1,1,0,1.0
37971,1,1,0,1.0
38037,1,1,0,1.0
38043,1,1,0,1.0
38063,1,0,1,0.0
38087,9,6,3,0.6666666666666666
38160,1,1,0,1.0
38273,27,25,2,0.9259259259259259
38341,1,1,0,1.0
38447,24,6,18,0.25
38611,9,9,0,1.0
38724,2,0,2,0.0
39001,1,1,0,1.0
39061,2,2,0,1.0
39228,39,21,18,0.5384615384615384
39238,1,0,1,0.0
39308,130,102,28,0.7846153846153846
39372,1,1,0,1.0
39458,2,2,0,1.0
39489,1,1,0,1.0
39520,75,75,0,1.0
39598,1,1,0,1.0
39623,1,0,1,0.0
39771,2,0,2,0.0
39863,1,1,0,1.0
39870,2,0,2,0.0
39896,1,0,1,0.0
39928,1,0,1,0.0
39992,3,0,3,0.0
40121,1,1,0,1.0
40324,1,1,0,1.0
40381,1,1,0,1.0
40433,4,0,4,0.0
40477,3,0,3,0.0
40496,2,0,2,0.0
40524,1,1,0,1.0
40560,1,1,0,1.0
40682,1,1,0,1.0
41021,2,0,2,0.0
41209,2,0,2,0.0
41220,5,5,0,1.0
41328,5,0,5,0.0
41415,1,1,0,1.0
41451,3,3,0,1.0
41580,1,1,0,1.0
41820,1,0,1,0.0
41869,1,1,0,1.0
41893,62,0,62,0.0
42045,1,1,0,1.0
42089,1,0,1,0.0
42336,3,2,1,0.6666666666666666
42369,1,0,1,0.0
42577,81,81,0,1.0
42634,1,1,0,1.0
43114,1,1,0,1.0
43139,1,0,1,0.0
43162,1,0,1,0.0
43217,1,1,0,1.0
43517,3,2,1,0.6666666666666666
43623,1,0,1,0.0
43632,2,2,0,1.0
43659,3,3,0,1.0
43666,1,1,0,1.0
44016,3,2,1,0.6666666666666666
44259,1,1,0,1.0
44397,5,5,0,1.0
44425,1,1,0,1.0
44435,1,1,0,1.0
44472,3,2,1,0.6666666666666666
44595,4,0,4,0.0
44836,1,1,0,1.0
45016,2,0,2,0.0
45148,1,1,0,1.0
45211,1,0,1,0.0
45257,1,1,0,1.0
45351,19,13,6,0.6842105263157895
45407,1,1,0,1.0
45426,2,0,2,0.0
45594,1,0,1,0.0
45901,7,7,0,1.0
45964,2,0,2,0.0
45992,1,1,0,1.0
46071,25,5,20,0.2
46097,3,2,1,0.6666666666666666
46257,2,2,0,1.0
46262,16,3,13,0.1875
46288,2,2,0,1.0
46303,2,0,2,0.0
46304,4,0,4,0.0
46317,3,1,2,0.3333333333333333
46430,1,1,0,1.0
46592,7,7,0,1.0
46674,3,3,0,1.0
46709,4,4,0,1.0
46775,3,3,0,1.0
46901,1,0,1,0.0
47115,1,0,1,0.0
47175,2,2,0,1.0
47226,1,1,0,1.0
47246,7,7,0,1.0
47471,13,12,1,0.9230769230769231
47505,1,0,1,0.0
47575,2,2,0,1.0
47603,1,0,1,0.0
47714,3,3,0,1.0
47769,1,1,0,1.0
47981,1,1,0,1.0
48010,1,1,0,1.0
48037,1,1,0,1.0
48039,2,0,2,0.0
48333,3,2,1,0.6666666666666666
48421,2,2,0,1.0
48475,1,1,0,1.0
48587,1,1,0,1.0
48624,1,1,0,1.0
48744,2,0,2,0.0
48782,1,1,0,1.0
49118,1,1,0,1.0
49223,1,1,0,1.0
49540,1,1,0,1.0
49551,2,1,1,0.5
49715,1,1,0,1.0
49887,1,1,0,1.0
49924,2,2,0,1.0
49976,109,82,27,0.7522935779816514
49995,2,2,0,1.0
50070,4,4,0,1.0
50257,1,1,0,1.0
50267,3,3,0,1.0
50334,1,1,0,1.0
50362,2,1,1,0.5
50820,1,1,0,1.0
50879,1,1,0,1.0
50896,1,1,0,1.0
50920,3,1,2,0.3333333333333333
50945,10,10,0,1.0
51008,3,3,0,1.0
51130,1,1,0,1.0
51181,1,1,0,1.0
51194,5,5,0,1.0
51399,1,1,0,1.0
51415,2,0,2,0.0
51445,1,1,0,1.0
51467,3,3,0,1.0
51521,3,3,0,1.0
51588,21,12,9,0.5714285714285714
51605,13,0,13,0.0
51888,1,0,1,0.0
51943,1,1,0,1.0
52038,3,3,0,1.0
52059,1,0,1,0.0
52146,2,0,2,0.0
52190,6,5,1,0.8333333333333334
52339,1,1,0,1.0
52447,2,2,0,1.0
52473,3,2,1,0.6666666666666666
52536,4,0,4,0.0
52580,2,1,1,0.5
52613,3,2,1,0.6666666666666666
52665,7,1,6,0.14285714285714285
52703,1,1,0,1.0
52717,1,0,1,0.0
52833,1,1,0,1.0
52938,1,1,0,1.0
52943,1,1,0,1.0
53033,1,1,0,1.0
53036,2,2,0,1.0
53370,4,4,0,1.0
53464,3,3,0,1.0
53820,2,2,0,1.0
53850,6,6,0,1.0
54012,1,1,0,1.0
54063,2,1,1,0.5
54136,1,0,1,0.0
54170,1,0,1,0.0
54258,29,29,0,1.0
54260,1,1,0,1.0
54363,1,0,1,0.0
54404,2,2,0,1.0
54465,8,3,5,0.375
54669,1,0,1,0.0
54731,59,26,33,0.4406779661016949
54957,1,1,0,1.0
55161,2,2,0,1.0
55162,2,2,0,1.0
55189,2,2,0,1.0
55190,1,1,0,1.0
55345,2,2,0,1.0
55418,9,8,1,0.8888888888888888
55428,4,0,4,0.0
55488,2,2,0,1.0
55553,1,1,0,1.0
55705,1,0,1,0.0
55839,5,5,0,1.0
55934,1,0,1,0.0
56017,1,1,0,1.0
56202,8,5,3,0.625
56232,1,0,1,0.0
56642,3,3,0,1.0
56656,1,1,0,1.0
56744,1,1,0,1.0
56863,7,2,5,0.2857142857142857
56877,1,1,0,1.0
56951,20,19,1,0.95
57125,1,1,0,1.0
57218,2,2,0,1.0
57258,1,1,0,1.0
57292,1,1,0,1.0
57305,2,1,1,0.5
57366,2,2,0,1.0
57660,1,0,1,0.0
57669,1,0,1,0.0
57771,4,4,0,1.0
57930,1,0,1,0.0
57942,4,1,3,0.25
57968,2,1,1,0.5
58020,1,1,0,1.0
58195,1,1,0,1.0
58299,1,1,0,1.0
58324,1,1,0,1.0
58352,2,2,0,1.0
58367,2,1,1,0.5
58382,1,0,1,0.0
58465,1,1,0,1.0
58869,6,6,0,1.0
58892,1,0,1,0.0
58994,4,0,4,0.0
58998,1,1,0,1.0
59047,1,1,0,1.0
59130,2,0,2,0.0
59466,3,3,0,1.0
59504,1,1,0,1.0
59536,1,1,0,1.0
60070,7,6,1,0.8571428571428571
60126,4,4,0,1.0
60302,22,21,1,0.9545454545454546
60324,1,1,0,1.0
60466,1,0,1,0.0
60588,1,1,0,1.0
60599,1,1,0,1.0
60623,1,1,0,1.0
60646,1,1,0,1.0
60662,24,24,0,1.0
60831,16,15,1,0.9375
60930,1,1,0,1.0
61024,1,0,1,0.0
61090,1,1,0,1.0
61225,1,1,0,1.0
61268,3,0,3,0.0
61368,1,1,0,1.0
61408,2,0,2,0.0
61417,1,1,0,1.0
61420,1,1,0,1.0
61463,5,1,4,0.2
61595,6,0,6,0.0
61746,2,1,1,0.5
61747,3,3,0,1.0
61807,1,1,0,1.0
61820,1,0,1,0.0
61990,2,2,0,1.0
62010,1,0,1,0.0
62047,1,1,0,1.0
62109,1,0,1,0.0
62192,4,2,2,0.5
62418,2,0,2,0.0
62431,1,1,0,1.0
62452,2,0,2,0.0
62508,2,2,0,1.0
62708,1,0,1,0.0
62805,1,0,1,0.0
62836,2,2,0,1.0
62847,2,2,0,1.0
62889,12,1,11,0.08333333333333333
62999,1,0,1,0.0
63172,1,0,1,0.0
63197,1,0,1,0.0
63270,11,6,5,0.5454545454545454
63465,1,1,0,1.0
63540,2,0,2,0.0
63849,1,0,1,0.0
63874,2,0,2,0.0
63889,4,4,0,1.0
63961,114,2,112,0.017543859649122806
64001,1,1,0,1.0
64031,1,0,1,0.0
64061,1,1,0,1.0
64191,68,8,60,0.11764705882352941
64262,2,1,1,0.5
64305,1,0,1,0.0
64370,1,0,1,0.0
64452,13,13,0,1.0
64466,1,1,0,1.0
64525,2,2,0,1.0
64609,1,1,0,1.0
64866,1,1,0,1.0
64981,1,1,0,1.0
65035,1,1,0,1.0
65070,1,0,1,0.0
65104,4,4,0,1.0
65279,21,16,5,0.7619047619047619
65354,1,1,0,1.0
65510,1,1,0,1.0
65610,9,8,1,0.8888888888888888
65679,1,0,1,0.0
65707,32,13,19,0.40625
65743,2,2,0,1.0
65753,13,13,0,1.0
65770,9,0,9,0.0
65803,1,1,0,1.0
66055,1,0,1,0.0
66325,1,1,0,1.0
66439,1,1,0,1.0
66742,1,1,0,1.0
66856,1,0,1,0.0
66982,2,1,1,0.5
67145,1,0,1,0.0
67182,1,1,0,1.0
67186,1,1,0,1.0
67273,2,0,2,0.0
67388,4,4,0,1.0
67434,12,5,7,0.4166666666666667
67517,2,1,1,0.5
67738,1,0,1,0.0
67824,1,1,0,1.0
67825,1,1,0,1.0
67855,11,11,0,1.0
67931,5,3,2,0.6
68066,1,1,0,1.0
68095,3,2,1,0.6666666666666666
68124,1,0,1,0.0
68128,1,0,1,0.0
68148,5,3,2,0.6
68240,6,6,0,1.0
68423,3,3,0,1.0
68678,1,1,0,1.0
68937,1,1,0,1.0
68958,1,1,0,1.0
69088,4,4,0,1.0
69101,3,0,3,0.0
69253,1,1,0,1.0
69279,1,1,0,1.0
69287,1,1,0,1.0
69498,23,23,0,1.0
69681,1,1,0,1.0
69722,6,6,0,1.0
69739,37,37,0,1.0
69896,2,2,0,1.0
69994,2,2,0,1.0
69996,1,1,0,1.0
70074,5,5,0,1.0
70081,7,4,3,0.5714285714285714
70100,9,3,6,0.3333333333333333
70200,5,0,5,0.0
70238,1,1,0,1.0
70592,2,1,1,0.5
70601,1,1,0,1.0
70683,1,0,1,0.0
71140,9,9,0,1.0
71253,3,3,0,1.0
71306,25,25,0,1.0
71374,47,15,32,0.3191489361702128
71418,1,1,0,1.0
71428,49,2,47,0.04081632653061224
71450,1,1,0,1.0
71561,3,2,1,0.6666666666666666
71595,2,2,0,1.0
71708,1,0,1,0.0
71904,2,0,2,0.0
71928,2,0,2,0.0
72035,1,1,0,1.0
72057,1,0,1,0.0
72122,10,5,5,0.5
72162,14,3,11,0.21428571428571427
72247,5,5,0,1.0
72373,1,0,1,0.0
72416,1,0,1,0.0
72517,3,3,0,1.0
72575,1,0,1,0.0
72678,1,0,1,0.0
72724,1,1,0,1.0
72773,2,2,0,1.0
72811,2,2,0,1.0
72878,6,6,0,1.0
72941,21,2,19,0.09523809523809523
73054,1,1,0,1.0
73202,1,0,1,0.0
73260,4,1,3,0.25
73492,2,0,2,0.0
73529,5,1,4,0.2
73651,3,3,0,1.0
73692,5,5,0,1.0
73808,2,1,1,0.5
73946,1,1,0,1.0
73947,1,0,1,0.0
73963,3,0,3,0.0
74275,6,6,0,1.0
74420,10,0,10,0.0
74525,2,0,2,0.0
74547,3,0,3,0.0
74582,1,0,1,0.0
74686,1,0,1,0.0
74910,2,2,0,1.0
74990,1,1,0,1.0
75011,1,0,1,0.0
75185,6,6,0,1.0
75271,6,6,0,1.0
75474,1,0,1,0.0
75718,2,0,2,0.0
75787,33,10,23,0.30303030303030304
75798,1,1,0,1.0
75801,2,1,1,0.5
75843,1,1,0,1.0
75870,3,3,0,1.0
76022,1,1,0,1.0
76192,5,0,5,0.0
76224,5,5,0,1.0
76227,46,26,20,0.5652173913043478
76241,3,0,3,0.0
76342,2,2,0,1.0
76361,2,2,0,1.0
76510,2,0,2,0.0
76570,2,0,2,0.0
76684,3,3,0,1.0
76706,75,74,1,0.9866666666666667
76840,2,1,1,0.5
76865,1,1,0,1.0
77224,16,6,10,0.375
77285,1,0,1,0.0
77364,4,0,4,0.0
77512,3,0,3,0.0
77678,1,1,0,1.0
77836,3,3,0,1.0
77845,7,2,5,0.2857142857142857
77987,2,2,0,1.0
78069,1,1,0,1.0
78081,1,0,1,0.0
78128,1,0,1,0.0
78180,1,0,1,0.0
78347,9,9,0,1.0
78515,6,6,0,1.0
78537,2,2,0,1.0
78996,2,2,0,1.0
79181,1,1,0,1.0
79247,6,4,2,0.6666666666666666
79493,3,3,0,1.0
79697,3,1,2,0.3333333333333333
79734,16,2,14,0.125
79761,14,3,11,0.21428571428571427
79786,8,6,2,0.75
79947,1,1,0,1.0
80020,3,0,3,0.0
80031,3,1,2,0.3333333333333333
80053,3,1,2,0.3333333333333333
80107,2,2,0,1.0
80117,1,1,0,1.0
80230,2,2,0,1.0
80373,7,7,0,1.0
80622,1,1,0,1.0
80692,1,0,1,0.0
80758,1,1,0,1.0
80896,1,0,1,0.0
80951,4,2,2,0.5
81458,1,0,1,0.0
81513,1,1,0,1.0
81570,1,0,1,0.0
81590,1,1,0,1.0
81705,9,7,2,0.7777777777777778
81721,3,0,3,0.0
81786,1,1,0,1.0
81793,2,2,0,1.0
82270,7,7,0,1.0
82338,8,2,6,0.25
82428,5,4,1,0.8
82586,7,2,5,0.2857142857142857
82745,1,1,0,1.0
82799,1,1,0,1.0
82815,1,1,0,1.0
82859,41,4,37,0.0975609756097561
83020,26,26,0,1.0
83133,1,0,1,0.0
83227,6,6,0,1.0
83384,5,1,4,0.2
83692,36,36,0,1.0
84216,3,3,0,1.0
84253,1,1,0,1.0
84506,1,0,1,0.0
84532,1,1,0,1.0
84560,14,14,0,1.0
84620,1,1,0,1.0
84665,1,1,0,1.0
84683,1,1,0,1.0
84725,1,0,1,0.0
84815,1,0,1,0.0
85105,18,6,12,0.3333333333333333
85259,2,2,0,1.0
85383,1,1,0,1.0
85394,1,1,0,1.0
85439,3,3,0,1.0
85688,17,17,0,1.0
86065,1,0,1,0.0
86161,6,1,5,0.16666666666666666
86239,1,1,0,1.0
86261,1,1,0,1.0
86362,1,0,1,0.0
86473,1,1,0,1.0
86482,8,8,0,1.0
86488,1,1,0,1.0
86585,1,0,1,0.0
86625,3,3,0,1.0
87009,19,18,1,0.9473684210526315
87033,2,2,0,1.0
87162,2,0,2,0.0
87169,1,1,0,1.0
87283,2,2,0,1.0
87627,5,5,0,1.0
87743,1,1,0,1.0
87957,1,1,0,1.0
87974,2,0,2,0.0
88082,1,0,1,0.0
88188,1,0,1,0.0
88217,1,1,0,1.0
88441,1,1,0,1.0
88452,70,70,0,1.0
88481,2,0,2,0.0
88487,2,2,0,1.0
88574,2,0,2,0.0
88881,1,1,0,1.0
89055,1,0,1,0.0
89065,1,1,0,1.0
89067,1,1,0,1.0
89087,1,1,0,1.0
89236,1,0,1,0.0
89641,1,1,0,1.0
89820,4,4,0,1.0
89848,42,37,5,0.8809523809523809
89956,9,8,1,0.8888888888888888
89967,4,4,0,1.0
90105,1,1,0,1.0
90155,1,1,0,1.0
90221,2,2,0,1.0
90266,1,1,0,1.0
90395,1,0,1,0.0
90518,1,1,0,1.0
90668,4,4,0,1.0
90699,3,2,1,0.6666666666666666
90762,6,3,3,0.5
90817,3,3,0,1.0
90913,2,2,0,1.0
90979,1,1,0,1.0
91349,1,0,1,0.0
91479,1,0,1,0.0
91640,11,1,10,0.09090909090909091
91641,2,2,0,1.0
91732,9,9,0,1.0
91806,8,5,3,0.625
91858,2,2,0,1.0
91915,1,1,0,1.0
92208,7,2,5,0.2857142857142857
92306,1,1,0,1.0
92527,1,1,0,1.0
92579,1,1,0,1.0
92865,1,1,0,1.0
92896,1,1,0,1.0
92988,3,2,1,0.6666666666666666
93138,1,1,0,1.0
93150,1,1,0,1.0
93232,5,4,1,0.8
93314,8,5,3,0.625
93594,2,2,0,1.0
93685,1,1,0,1.0
93761,3,3,0,1.0
93854,1,1,0,1.0
93921,3,1,2,0.3333333333333333
93954,1,1,0,1.0
94213,1,1,0,1.0
94262,3,3,0,1.0
94463,1,0,1,0.0
94512,4,1,3,0.25
94693,1,1,0,1.0
94753,1,1,0,1.0
94758,2,1,1,0.5
94899,1,0,1,0.0
94966,1,1,0,1.0
95101,445,444,1,0.9977528089887641
95184,4,4,0,1.0
95373,5,5,0,1.0
95446,1,1,0,1.0
95493,1,1,0,1.0
95587,7,6,1,0.8571428571428571
95652,1,1,0,1.0
96004,1,0,1,0.0
96247,1,1,0,1.0
96327,1,1,0,1.0
96714,5,5,0,1.0
96775,1,1,0,1.0
96812,1,1,0,1.0
96864,1,0,1,0.0
97028,2,0,2,0.0
97117,6,2,4,0.3333333333333333
97480,4,4,0,1.0
97546,23,19,4,0.8260869565217391
97586,1,1,0,1.0
97660,42,42,0,1.0
97664,3,0,3,0.0
97780,1,0,1,0.0
97788,7,7,0,1.0
97851,3,3,0,1.0
97857,1,1,0,1.0
98034,1,0,1,0.0
98359,9,0,9,0.0
98372,2,2,0,1.0
98506,1,1,0,1.0
98508,1,0,1,0.0
98597,1,0,1,0.0
98847,1,1,0,1.0
98950,2,2,0,1.0
99075,2,2,0,1.0
99271,1,1,0,1.0
99295,1,1,0,1.0
99436,1,1,0,1.0
99461,1,1,0,1.0
99624,34,27,7,0.7941176470588235
99875,6,0,6,0.0
99945,1,0,1,0.0
99957,1,0,1,0.0
100114,16,8,8,0.5
100215,2,2,0,1.0
100226,1,0,1,0.0
100616,15,15,0,1.0
100660,1,0,1,0.0
100891,3,3,0,1.0
101224,2,0,2,0.0
101279,1,1,0,1.0
101411,1,1,0,1.0
101458,10,10,0,1.0
101464,1,1,0,1.0
101516,1,0,1,0.0
101605,3,3,0,1.0
101811,1,1,0,1.0
102076,17,17,0,1.0
102353,14,2,12,0.14285714285714285
102532,2,0,2,0.0
102623,1,1,0,1.0
102629,1,1,0,1.0
102770,1,1,0,1.0
102881,1,0,1,0.0
102922,1,1,0,1.0
103060,1,0,1,0.0
103071,2,2,0,1.0
103700,2,2,0,1.0
103920,2,0,2,0.0
104112,36,3,33,0.08333333333333333
104135,1,1,0,1.0
104211,3,3,0,1.0
104267,1,1,0,1.0
104301,2,0,2,0.0
104538,1,1,0,1.0
104701,12,0,12,0.0
104830,1,0,1,0.0
104935,5,5,0,1.0
105072,6,6,0,1.0
105252,1,0,1,0.0
105383,67,31,36,0.4626865671641791
105757,2,2,0,1.0
105779,2,0,2,0.0
105829,1,1,0,1.0
105866,1,1,0,1.0
105893,25,25,0,1.0
105998,2,0,2,0.0
106237,2,0,2,0.0
106374,1,1,0,1.0
106436,3,3,0,1.0
106440,13,6,7,0.46153846153846156
106545,1,0,1,0.0
106878,4,1,3,0.25
107193,3,3,0,1.0
107486,5,5,0,1.0
107580,2,0,2,0.0
107604,1,1,0,1.0
107978,4,4,0,1.0
108172,1,1,0,1.0
108214,3,0,3,0.0
108335,8,5,3,0.625
108525,3,0,3,0.0
108544,1,1,0,1.0
108720,11,11,0,1.0
108756,1,1,0,1.0
109137,1,1,0,1.0
109164,3,0,3,0.0
109256,1,0,1,0.0
109291,28,14,14,0.5
109350,1,1,0,1.0
109610,1,1,0,1.0
109716,3,0,3,0.0
109834,1,0,1,0.0
109862,6,2,4,0.3333333333333333
109924,2,0,2,0.0
110059,1,1,0,1.0
110308,2,0,2,0.0
110425,1,0,1,0.0
110544,20,0,20,0.0
110601,8,8,0,1.0
110638,1,1,0,1.0
110696,3,3,0,1.0
110772,83,29,54,0.3493975903614458
110835,1,1,0,1.0
110863,1,1,0,1.0
111064,33,31,2,0.9393939393939394
111303,1,0,1,0.0
111344,1,1,0,1.0
111374,29,23,6,0.7931034482758621
111625,32,31,1,0.96875
111758,1,0,1,0.0
111848,1,1,0,1.0
111885,3,3,0,1.0
112039,2,0,2,0.0
112042,2,2,0,1.0
112136,1,0,1,0.0
112182,2,0,2,0.0
112204,2,2,0,1.0
112292,1,1,0,1.0
112430,4,2,2,0.5
112439,4,3,1,0.75
112562,1,0,1,0.0
112615,5,5,0,1.0
112632,1,1,0,1.0
112679,1,1,0,1.0
112948,3,3,0,1.0
112986,2,2,0,1.0
112992,9,4,5,0.4444444444444444
113017,2,0,2,0.0
113088,2,2,0,1.0
113188,1,1,0,1.0
113301,1,1,0,1.0
113482,1,0,1,0.0
113526,4,0,4,0.0
113542,11,11,0,1.0
113569,1,1,0,1.0
113592,1,1,0,1.0
113635,7,0,7,0.0
113888,3,3,0,1.0
113917,1,1,0,1.0
113952,1,1,0,1.0
114133,1,1,0,1.0
114213,22,18,4,0.8181818181818182
114382,1,1,0,1.0
114462,1,1,0,1.0
114500,1,1,0,1.0
114580,1,1,0,1.0
114593,2,0,2,0.0
114662,4,1,3,0.25
114779,1,1,0,1.0
114797,16,1,15,0.0625
114802,7,7,0,1.0
114911,1,1,0,1.0
114972,1,1,0,1.0
115004,2,2,0,1.0
115495,1,0,1,0.0
115646,2,0,2,0.0
115662,2,2,0,1.0
115989,1,1,0,1.0
116552,1,0,1,0.0
116784,1,0,1,0.0
116797,8,0,8,0.0
116819,1,1,0,1.0
116926,2,0,2,0.0
116965,1,1,0,1.0
117059,5,4,1,0.8
117062,1,1,0,1.0
117250,3,0,3,0.0
117374,3,2,1,0.6666666666666666
117505,1,1,0,1.0
117631,1,1,0,1.0
117675,1,1,0,1.0
117737,1,0,1,0.0
117898,7,0,7,0.0
117903,1,0,1,0.0
117929,1,1,0,1.0
117966,1,1,0,1.0
117978,1,0,1,0.0
117999,1,0,1,0.0
118001,1,1,0,1.0
118136,1,0,1,0.0
118262,1,1,0,1.0
118315,1,0,1,0.0
118781,3,1,2,0.3333333333333333
118830,1,1,0,1.0
118854,2,0,2,0.0
118863,5,1,4,0.2
118959,43,42,1,0.9767441860465116
118999,6,6,0,1.0
119033,1,1,0,1.0
119131,1,1,0,1.0
119172,69,66,3,0.9565217391304348
119285,2,2,0,1.0
119367,4,4,0,1.0
119704,2,2,0,1.0
119739,1,1,0,1.0
119869,14,8,6,0.5714285714285714
119891,2,2,0,1.0
120025,1,1,0,1.0
120075,1,1,0,1.0
120195,1,1,0,1.0
120268,1,1,0,1.0
120344,1,1,0,1.0
120449,1,1,0,1.0
120486,1,0,1,0.0
120764,2,2,0,1.0
120848,4,4,0,1.0
121004,1,1,0,1.0
121100,1,0,1,0.0
121301,3,3,0,1.0
121309,2,2,0,1.0
121387,2,0,2,0.0
121706,2,2,0,1.0
121815,1,1,0,1.0
121831,23,16,7,0.6956521739130435
121846,10,0,10,0.0
121866,15,3,12,0.2
121957,1,1,0,1.0
122031,1,0,1,0.0
122075,2,2,0,1.0
122387,115,15,100,0.13043478260869565
122399,6,6,0,1.0
122481,1,1,0,1.0
122532,2,0,2,0.0
122698,16,16,0,1.0
122731,19,18,1,0.9473684210526315
122876,38,7,31,0.18421052631578946
122976,2,2,0,1.0
122983,2,2,0,1.0
123075,327,324,3,0.9908256880733946
123440,1,1,0,1.0
123490,1,0,1,0.0
123501,1,1,0,1.0
123699,3,1,2,0.3333333333333333
123724,1,1,0,1.0
123786,13,13,0,1.0
123794,4,4,0,1.0
123811,34,4,30,0.11764705882352941
124069,63,63,0,1.0
124111,1,0,1,0.0
124130,1,1,0,1.0
124135,1,1,0,1.0
124239,8,7,1,0.875
124351,5,0,5,0.0
124466,1,0,1,0.0
124670,16,16,0,1.0
124800,1,1,0,1.0
125027,1,1,0,1.0
125059,3,3,0,1.0
125102,1,0,1,0.0
125129,1,0,1,0.0
125158,1,1,0,1.0
125170,1,1,0,1.0
125224,1,0,1,0.0
125243,3,3,0,1.0
125285,18,2,16,0.1111111111111111
125511,31,31,0,1.0
125528,1,0,1,0.0
125829,2,1,1,0.5
126034,73,73,0,1.0
126120,1,1,0,1.0
126236,5,5,0,1.0
126308,3,0,3,0.0
126328,1,0,1,0.0
126357,1,1,0,1.0
126427,1,1,0,1.0
126619,1,0,1,0.0
126707,1,1,0,1.0
126847,5,5,0,1.0
127001,2,2,0,1.0
127085,8,8,0,1.0
127106,1,1,0,1.0
127157,1,1,0,1.0
127235,1,0,1,0.0
127308,11,11,0,1.0
127380,10,10,0,1.0
127523,4,0,4,0.0
127695,1,1,0,1.0
127739,21,10,11,0.47619047619047616
127959,3,1,2,0.3333333333333333
128314,28,5,23,0.17857142857142858
128363,7,0,7,0.0
128383,1,1,0,1.0
128488,11,3,8,0.2727272727272727
128556,1,0,1,0.0
128704,3,3,0,1.0
128712,1,1,0,1.0
128869,2,0,2,0.0
128953,1,1,0,1.0
129042,3,0,3,0.0
129199,1,0,1,0.0
129308,1,1,0,1.0
129311,3,1,2,0.3333333333333333
129356,3,0,3,0.0
129369,1,1,0,1.0
129393,6,2,4,0.3333333333333333
129673,1,1,0,1.0
129688,1,0,1,0.0
129778,1,1,0,1.0
129812,3,0,3,0.0
129961,5,5,0,1.0
129979,1,1,0,1.0
130130,2,0,2,0.0
130160,5,0,5,0.0
130260,1,1,0,1.0
130356,1,0,1,0.0
130488,8,7,1,0.875
130616,3,1,2,0.3333333333333333
130653,1,1,0,1.0
130889,2,2,0,1.0
130896,1,0,1,0.0
130906,2,2,0,1.0
130989,1,0,1,0.0
131168,62,14,48,0.22580645161290322
131286,2,2,0,1.0
131372,45,44,1,0.9777777777777777
131421,3,0,3,0.0
131449,2,0,2,0.0
131465,1,0,1,0.0
131576,5,5,0,1.0
131588,1,1,0,1.0
131669,3,0,3,0.0
131779,1,1,0,1.0
132012,1,1,0,1.0
132126,1,1,0,1.0
132145,1,0,1,0.0
132157,5,4,1,0.8
132252,1,0,1,0.0
132411,1,1,0,1.0
132658,360,91,269,0.25277777777777777
133014,1,1,0,1.0
133059,1,1,0,1.0
133152,9,7,2,0.7777777777777778
133155,2,1,1,0.5
133176,1,1,0,1.0
133195,1,1,0,1.0
133333,6,0,6,0.0
133382,1,1,0,1.0
133483,1,1,0,1.0
133662,1,0,1,0.0
133709,17,17,0,1.0
133906,1,1,0,1.0
134085,10,9,1,0.9
134102,4,0,4,0.0
134199,1,1,0,1.0
134298,1,1,0,1.0
134442,2,0,2,0.0
134659,1,1,0,1.0
134737,1,1,0,1.0
134766,10,0,10,0.0
134853,2,0,2,0.0
134857,8,0,8,0.0
134947,5,5,0,1.0
135008,1,0,1,0.0
135105,2,0,2,0.0
135125,3,3,0,1.0
135170,1,1,0,1.0
135338,91,64,27,0.7032967032967034
135365,1,1,0,1.0
135378,1,1,0,1.0
135490,3,3,0,1.0
135869,3,2,1,0.6666666666666666
135879,1,1,0,1.0
136117,1,1,0,1.0
136186,2,2,0,1.0
136188,1,1,0,1.0
136236,1,0,1,0.0
136248,2,0,2,0.0
136259,2,0,2,0.0
136319,1,1,0,1.0
136670,1,1,0,1.0
136798,3,0,3,0.0
136813,2,2,0,1.0
136954,1,0,1,0.0
137150,3,3,0,1.0
137194,8,8,0,1.0
137250,2,2,0,1.0
137359,5,2,3,0.4
137395,1,1,0,1.0
137546,3,3,0,1.0
137603,157,109,48,0.6942675159235668
137701,1,1,0,1.0
137728,1,1,0,1.0
137805,2,1,1,0.5
137960,2,0,2,0.0
138061,1,0,1,0.0
138368,3,3,0,1.0
138389,2,2,0,1.0
138509,5,5,0,1.0
138598,1,0,1,0.0
138638,5,2,3,0.4
138844,8,8,0,1.0
138901,1,1,0,1.0
139008,2,0,2,0.0
139031,39,38,1,0.9743589743589743
139275,5,1,4,0.2
139326,4,4,0,1.0
139382,1,1,0,1.0
139458,4,1,3,0.25
139500,2,2,0,1.0
139596,6,1,5,0.16666666666666666
139678,4,4,0,1.0
139735,2,2,0,1.0
140086,3,3,0,1.0
140190,2,2,0,1.0
140245,8,8,0,1.0
140515,1,1,0,1.0
140516,1,1,0,1.0
140940,1,1,0,1.0
140980,2,2,0,1.0
141215,2,2,0,1.0
141220,8,8,0,1.0
141357,1,1,0,1.0
141473,1,1,0,1.0
141522,8,3,5,0.375
141589,15,15,0,1.0
141779,6,0,6,0.0
141889,1,1,0,1.0
142209,13,13,0,1.0
142287,1,1,0,1.0
142348,1,1,0,1.0
142895,1,0,1,0.0
142910,3,0,3,0.0
142947,2,2,0,1.0
143019,1,0,1,0.0
143077,1,1,0,1.0
143161,3,3,0,1.0
143322,2,2,0,1.0
143345,2,2,0,1.0
143375,1,0,1,0.0
143386,1,1,0,1.0
143572,3,3,0,1.0
143668,4,4,0,1.0
143695,1,1,0,1.0
143727,1,0,1,0.0
143899,2,2,0,1.0
143994,5,5,0,1.0
144262,3,0,3,0.0
144365,1,0,1,0.0
144439,11,11,0,1.0
144493,4,0,4,0.0
144608,1,1,0,1.0
144775,1,1,0,1.0
144877,4,2,2,0.5
144958,2,2,0,1.0
145271,1,0,1,0.0
145355,3,2,1,0.6666666666666666
145433,2,2,0,1.0
145485,1,0,1,0.0
145490,1,1,0,1.0
145650,1,1,0,1.0
145738,1,1,0,1.0
145826,5,5,0,1.0
145881,1,1,0,1.0
145994,1,0,1,0.0
146195,1,1,0,1.0
146268,1,0,1,0.0
146420,1,0,1,0.0
146453,24,8,16,0.3333333333333333
146454,2,1,1,0.5
146460,1,0,1,0.0
146465,1,0,1,0.0
146568,3,3,0,1.0
146678,3,0,3,0.0
146725,1,0,1,0.0
146833,1,1,0,1.0
146993,1,0,1,0.0
147078,4,4,0,1.0
147193,3,2,1,0.6666666666666666
147274,1,0,1,0.0
147516,12,5,7,0.4166666666666667
147564,6,4,2,0.6666666666666666
147867,1,1,0,1.0
147886,3,3,0,1.0
147910,1,1,0,1.0
148098,11,10,1,0.9090909090909091
148099,1,0,1,0.0
148244,1,0,1,0.0
148454,1,0,1,0.0
148461,1,1,0,1.0
148772,23,3,20,0.13043478260869565
148831,2,0,2,0.0
148846,1,1,0,1.0
148857,1,1,0,1.0
148911,1,1,0,1.0
148923,1,0,1,0.0
149025,1,1,0,1.0
149103,1,1,0,1.0
149249,2,2,0,1.0
149324,1,1,0,1.0
149346,1,1,0,1.0
149361,1,1,0,1.0
149369,1,0,1,0.0
149751,1,1,0,1.0
149766,8,8,0,1.0
149867,1,1,0,1.0
149883,1,1,0,1.0
149943,1,0,1,0.0
150007,1,0,1,0.0
150046,19,8,11,0.42105263157894735
150065,1,1,0,1.0
150126,1,1,0,1.0
150290,1,0,1,0.0
150565,1,1,0,1.0
150616,7,1,6,0.14285714285714285
150659,1,1,0,1.0
150702,41,5,36,0.12195121951219512
150718,1,1,0,1.0
150719,5,0,5,0.0
150808,1,0,1,0.0
150834,1,1,0,1.0
150857,2,2,0,1.0
150863,4,4,0,1.0
150890,2,2,0,1.0
150903,5,0,5,0.0
151027,2,2,0,1.0
151101,5,1,4,0.2
151343,2,1,1,0.5
151399,1,1,0,1.0
151495,1,1,0,1.0
151660,1,0,1,0.0
151680,1,0,1,0.0
151728,10,10,0,1.0
151774,4,0,4,0.0
151860,1,1,0,1.0
151870,1,1,0,1.0
151880,99,96,3,0.9696969696969697
152088,2,2,0,1.0
152114,2,1,1,0.5
152145,11,6,5,0.5454545454545454
152226,1,1,0,1.0
152240,1,1,0,1.0
153123,2,0,2,0.0
153617,7,7,0,1.0
153938,8,2,6,0.25
153989,9,5,4,0.5555555555555556
154017,10,4,6,0.4
154053,9,0,9,0.0
154224,2,2,0,1.0
154243,1,1,0,1.0
154335,1,1,0,1.0
154448,1,1,0,1.0
154483,28,11,17,0.39285714285714285
154561,1,0,1,0.0
154760,11,1,10,0.09090909090909091
154793,2,2,0,1.0
154809,1,1,0,1.0
154810,1,1,0,1.0
154860,2,2,0,1.0
154894,1,1,0,1.0
155060,1,1,0,1.0
155068,13,3,10,0.23076923076923078
155069,1,1,0,1.0
155139,8,8,0,1.0
155172,4,4,0,1.0
155175,1,1,0,1.0
155281,1,0,1,0.0
155288,2,0,2,0.0
155340,1,1,0,1.0
155435,1,1,0,1.0
155528,4,4,0,1.0
155561,1,0,1,0.0
155634,1,0,1,0.0
155835,5,5,0,1.0
155851,1,0,1,0.0
155966,1,1,0,1.0
156077,4,0,4,0.0
156221,6,5,1,0.8333333333333334
156261,1,1,0,1.0
156280,1,1,0,1.0
156285,4,1,3,0.25
156320,1,1,0,1.0
156397,4,4,0,1.0
156456,3,0,3,0.0
156595,4,3,1,0.75
156659,1,1,0,1.0
156695,1,1,0,1.0
156707,1,1,0,1.0
156806,2,2,0,1.0
156822,6,6,0,1.0
156997,1,1,0,1.0
157185,1,0,1,0.0
157345,5,5,0,1.0
157680,1,1,0,1.0
157684,6,6,0,1.0
157788,115,6,109,0.05217391304347826
157858,5,5,0,1.0
157865,2,0,2,0.0
157920,5,3,2,0.6
157962,1,0,1,0.0
158028,13,6,7,0.46153846153846156
158050,1,0,1,0.0
158186,1,1,0,1.0
158214,2,2,0,1.0
158360,1,1,0,1.0
158365,2,2,0,1.0
158393,3,3,0,1.0
158564,1,0,1,0.0
158717,3,3,0,1.0
158761,4,4,0,1.0
159275,3,3,0,1.0
159296,3,1,2,0.3333333333333333
159376,7,7,0,1.0
159392,5,3,2,0.6
159411,1,0,1,0.0
159445,30,9,21,0.3
159475,3,3,0,1.0
159758,4,4,0,1.0
160009,1,0,1,0.0
160038,2,0,2,0.0
160056,53,53,0,1.0
160347,1,0,1,0.0
160642,1,1,0,1.0
160655,1,1,0,1.0
160725,2,2,0,1.0
160749,16,2,14,0.125
160914,1,0,1,0.0
161125,2,2,0,1.0
161266,2,0,2,0.0
161319,1,0,1,0.0
161386,1,1,0,1.0
161442,1,1,0,1.0
161773,2,1,1,0.5
162111,2,2,0,1.0
162175,1,0,1,0.0
162272,1,0,1,0.0
162300,5,1,4,0.2
162380,3,3,0,1.0
162435,3,3,0,1.0
162501,1,1,0,1.0
162693,5,1,4,0.2
162736,1,1,0,1.0
162856,1,0,1,0.0
162891,13,0,13,0.0
162912,1,1,0,1.0
162914,2,1,1,0.5
162975,2,2,0,1.0
163091,2,2,0,1.0
163108,1,0,1,0.0
163120,3,1,2,0.3333333333333333
163123,1,0,1,0.0
163148,1,0,1,0.0
163172,9,3,6,0.3333333333333333
163173,2,0,2,0.0
163381,1,1,0,1.0
163434,1,1,0,1.0
163475,6,5,1,0.8333333333333334
163640,4,3,1,0.75
163674,4,1,3,0.25
163681,2,2,0,1.0
163794,5,5,0,1.0
164237,4,2,2,0.5
164416,1,1,0,1.0
164480,1,0,1,0.0
164678,21,21,0,1.0
164747,1,1,0,1.0
164767,2,0,2,0.0
164894,1,0,1,0.0
164896,1,1,0,1.0
164942,18,18,0,1.0
165024,1,1,0,1.0
165049,2,2,0,1.0
165083,13,0,13,0.0
165145,1,1,0,1.0
165215,6,2,4,0.3333333333333333
165249,3,3,0,1.0
165369,7,6,1,0.8571428571428571
165373,1,1,0,1.0
165400,3,3,0,1.0
165485,2,0,2,0.0
165591,5,5,0,1.0
165975,2,0,2,0.0
166007,2,0,2,0.0
166250,1,1,0,1.0
166381,4,3,1,0.75
166519,3,0,3,0.0
166668,1,1,0,1.0
166770,1,1,0,1.0
167014,10,10,0,1.0
167121,1,0,1,0.0
167292,4,3,1,0.75
167300,2,1,1,0.5
167324,11,0,11,0.0
167327,4,4,0,1.0
167511,5,4,1,0.8
167524,1,1,0,1.0
167663,2,2,0,1.0
167861,3,2,1,0.6666666666666666
167962,2,0,2,0.0
167977,2,2,0,1.0
168193,5,4,1,0.8
168238,1,1,0,1.0
168282,1,0,1,0.0
168525,1,0,1,0.0
168557,2,0,2,0.0
168660,7,0,7,0.0
168843,4,4,0,1.0
169015,5,5,0,1.0
169104,1,1,0,1.0
169380,1,0,1,0.0
169500,4,0,4,0.0
169735,23,12,11,0.5217391304347826
169741,1,0,1,0.0
169880,1,0,1,0.0
169988,1,1,0,1.0
170083,6,1,5,0.16666666666666666
170093,1,1,0,1.0
170811,1,0,1,0.0
171008,2,2,0,1.0
171068,6,6,0,1.0
171083,1,1,0,1.0
171364,6,1,5,0.16666666666666666
171460,3,0,3,0.0
171611,1,1,0,1.0
171685,28,6,22,0.21428571428571427
171700,5,0,5,0.0
171772,1,0,1,0.0
171974,1,1,0,1.0
172154,4,3,1,0.75
172239,3,0,3,0.0
172278,1,1,0,1.0
172355,2,0,2,0.0
172420,7,7,0,1.0
172440,2,1,1,0.5
172532,2,2,0,1.0
172772,2,2,0,1.0
172836,9,9,0,1.0
172909,1,1,0,1.0
172941,5,4,1,0.8
172951,1,0,1,0.0
173112,3,2,1,0.6666666666666666
173175,1,0,1,0.0
173259,8,6,2,0.75
173364,1,0,1,0.0
173520,1,1,0,1.0
173578,1,1,0,1.0
173702,1,1,0,1.0
173805,1,1,0,1.0
173919,8,2,6,0.25
173984,1,0,1,0.0
173996,9,1,8,0.1111111111111111
174040,1,1,0,1.0
174068,12,1,11,0.08333333333333333
174372,1,1,0,1.0
174387,2,0,2,0.0
174400,7,1,6,0.14285714285714285
174422,1,1,0,1.0
174495,1,1,0,1.0
174626,1,0,1,0.0
174638,2,0,2,0.0
175030,1,1,0,1.0
175158,8,2,6,0.25
175164,1,0,1,0.0
175169,7,1,6,0.14285714285714285
175236,19,6,13,0.3157894736842105
175245,5,5,0,1.0
175278,5,3,2,0.6
175337,1,1,0,1.0
175516,1,1,0,1.0
175604,47,15,32,0.3191489361702128
175674,1,1,0,1.0
175697,3,3,0,1.0
176053,3,1,2,0.3333333333333333
176132,1,1,0,1.0
176207,70,69,1,0.9857142857142858
176213,2,2,0,1.0
176303,1,0,1,0.0
176348,5,2,3,0.4
176746,2,2,0,1.0
176863,2,0,2,0.0
176896,1,1,0,1.0
177104,2,2,0,1.0
177152,1,1,0,1.0
177411,3,0,3,0.0
177546,1,1,0,1.0
177642,1,1,0,1.0
177784,6,2,4,0.3333333333333333
177817,3,0,3,0.0
177821,1,1,0,1.0
177910,3,0,3,0.0
177971,2,0,2,0.0
178227,1,1,0,1.0
178229,1,1,0,1.0
178284,1,1,0,1.0
178355,3,1,2,0.3333333333333333
178412,4,4,0,1.0
178574,16,15,1,0.9375
178718,11,11,0,1.0
178890,1,1,0,1.0
178903,1,0,1,0.0
179007,2,2,0,1.0
179021,2,0,2,0.0
179168,1,1,0,1.0
179207,1,1,0,1.0
179215,1,0,1,0.0
179229,21,6,15,0.2857142857142857
179472,1,0,1,0.0
179598,1,0,1,0.0
179607,2,2,0,1.0
179608,2,2,0,1.0
179639,17,3,14,0.17647058823529413
179725,1,0,1,0.0
179800,2,2,0,1.0
179875,7,7,0,1.0
179894,2,2,0,1.0
179982,1,1,0,1.0
180062,9,4,5,0.4444444444444444
180102,1,1,0,1.0
180114,2,2,0,1.0
180777,1,1,0,1.0
180806,9,0,9,0.0
180821,2,1,1,0.5
180834,2,2,0,1.0
180890,15,13,2,0.8666666666666667
180928,3,0,3,0.0
180954,1,1,0,1.0
181048,1,0,1,0.0
181339,3,3,0,1.0
181402,3,1,2,0.3333333333333333
181531,1,1,0,1.0
181545,7,5,2,0.7142857142857143
181622,1,0,1,0.0
181745,2,2,0,1.0
181825,1,1,0,1.0
181913,2,0,2,0.0
181937,26,0,26,0.0
181948,1,0,1,0.0
182005,2,2,0,1.0
182111,2,0,2,0.0
182130,1,1,0,1.0
182203,20,19,1,0.95
182233,1,0,1,0.0
182323,1,0,1,0.0
182345,2,2,0,1.0
182520,2,2,0,1.0
182618,1,1,0,1.0
182636,1,1,0,1.0
182817,11,11,0,1.0
182835,1,1,0,1.0
182978,1,1,0,1.0
183014,5,0,5,0.0
183100,1,1,0,1.0
183231,5,4,1,0.8
183238,1,1,0,1.0
183315,4,4,0,1.0
183524,15,15,0,1.0
183554,4,3,1,0.75
183922,5,5,0,1.0
184082,4,3,1,0.75
184086,2,2,0,1.0
184218,1,1,0,1.0
184249,1,1,0,1.0
184283,1,1,0,1.0
184625,3,1,2,0.3333333333333333
184656,1,1,0,1.0
184820,1,1,0,1.0
185008,1,1,0,1.0
185097,4,0,4,0.0
185119,1,1,0,1.0
185163,12,12,0,1.0
185213,1,0,1,0.0
185459,1,1,0,1.0
185569,1,1,0,1.0
185755,1,0,1,0.0
185791,10,4,6,0.4
185818,4,4,0,1.0
185830,2,2,0,1.0
185896,1,1,0,1.0
185915,2,2,0,1.0
186039,1,1,0,1.0
186059,2,1,1,0.5
186116,1,1,0,1.0
186154,12,9,3,0.75
186184,17,17,0,1.0
186499,7,5,2,0.7142857142857143
186525,2,2,0,1.0
186565,5,5,0,1.0
186741,2,0,2,0.0
186813,2,2,0,1.0
186940,1,1,0,1.0
187026,1,1,0,1.0
187080,3,3,0,1.0
187152,2,2,0,1.0
187321,7,7,0,1.0
187659,1,1,0,1.0
187903,2,0,2,0.0
187938,1,0,1,0.0
188179,1,1,0,1.0
188250,1,1,0,1.0
188379,3,3,0,1.0
188486,1,0,1,0.0
188572,1,1,0,1.0
188847,52,50,2,0.9615384615384616
189017,1,0,1,0.0
189086,3,1,2,0.3333333333333333
189245,3,0,3,0.0
189293,3,3,0,1.0
189446,1,1,0,1.0
189575,1,1,0,1.0
189621,7,0,7,0.0
189684,1,1,0,1.0
189842,1,1,0,1.0
189920,2,0,2,0.0
190076,4,0,4,0.0
190129,1,1,0,1.0
190431,17,0,17,0.0
190447,2,2,0,1.0
190457,12,1,11,0.08333333333333333
190610,3,3,0,1.0
190762,1,1,0,1.0
190771,8,8,0,1.0
190851,1,1,0,1.0
190946,1,1,0,1.0
191418,8,7,1,0.875
191520,1,1,0,1.0
191539,1,1,0,1.0
191546,4,3,1,0.75
191738,3,3,0,1.0
191808,1,1,0,1.0
191854,1,1,0,1.0
192133,1,0,1,0.0
192227,3,3,0,1.0
192286,4,4,0,1.0
192609,12,0,12,0.0
192627,1,1,0,1.0
192948,1,1,0,1.0
193119,1,1,0,1.0
193205,1,0,1,0.0
193221,1,1,0,1.0
193253,5,2,3,0.4
193292,1,0,1,0.0
193549,10,10,0,1.0
193828,4,4,0,1.0
193854,1,1,0,1.0
193945,1,1,0,1.0
194158,3,3,0,1.0
194170,1,1,0,1.0
194171,2,2,0,1.0
194179,1,1,0,1.0
194215,5,5,0,1.0
194381,1,1,0,1.0
194490,1,1,0,1.0
194505,15,6,9,0.4
194882,8,8,0,1.0
194890,2,2,0,1.0
194920,1,1,0,1.0
195016,1,1,0,1.0
195273,2,2,0,1.0
195277,1,1,0,1.0
195354,1,1,0,1.0
195386,1,0,1,0.0
195574,2,2,0,1.0
195581,1,1,0,1.0
195613,2,1,1,0.5
195660,1,1,0,1.0
195675,1,1,0,1.0
195710,1,0,1,0.0
195754,1,0,1,0.0
195951,7,7,0,1.0
196010,4,4,0,1.0
196248,10,0,10,0.0
196283,1,0,1,0.0
196436,1,1,0,1.0
196595,3,3,0,1.0
196760,1,1,0,1.0
196865,1,1,0,1.0
196923,58,38,20,0.6551724137931034
197100,7,2,5,0.2857142857142857
197108,2,0,2,0.0
197383,1,1,0,1.0
197428,5,0,5,0.0
197587,2,2,0,1.0
197740,1,1,0,1.0
198014,1,1,0,1.0
198120,1,1,0,1.0
198270,3,0,3,0.0
198313,1,1,0,1.0
198450,1,1,0,1.0
198505,1,1,0,1.0
198633,2,0,2,0.0
198775,4,4,0,1.0
198790,1,1,0,1.0
198984,5,3,2,0.6
199050,2,2,0,1.0
199291,1,1,0,1.0
199316,4,4,0,1.0
199541,1,1,0,1.0
199558,1,1,0,1.0
199567,10,10,0,1.0
199721,1,0,1,0.0
199903,2,0,2,0.0
199932,1,1,0,1.0
199968,2,2,0,1.0
199974,1,0,1,0.0
200016,1,0,1,0.0
200037,2,0,2,0.0
200157,4,4,0,1.0
200166,1,1,0,1.0
200201,1,1,0,1.0
200209,1,0,1,0.0
200289,1,0,1,0.0
200365,2,2,0,1.0
200484,1,1,0,1.0
200805,2,0,2,0.0
200845,6,1,5,0.16666666666666666
200858,1,0,1,0.0
200891,2,0,2,0.0
200911,1,1,0,1.0
200918,40,15,25,0.375
201340,1,1,0,1.0
201474,1,0,1,0.0
201477,2,2,0,1.0
201540,1,0,1,0.0
201649,1,0,1,0.0
201656,2,2,0,1.0
201674,28,14,14,0.5
201702,1,1,0,1.0
201758,2,2,0,1.0
201801,1,1,0,1.0
201904,1,1,0,1.0
201982,1,1,0,1.0
202204,7,1,6,0.14285714285714285
202367,2,2,0,1.0
202389,10,0,10,0.0
202524,4,0,4,0.0
202530,1,0,1,0.0
202644,1,1,0,1.0
202730,1,1,0,1.0
203039,2,0,2,0.0
203115,1,1,0,1.0
203170,4,2,2,0.5
203712,170,25,145,0.14705882352941177
203775,6,6,0,1.0
203979,4,4,0,1.0
204074,1,1,0,1.0
204157,2,2,0,1.0
204377,1,1,0,1.0
204424,19,19,0,1.0
204612,3,0,3,0.0
204615,9,0,9,0.0
204789,7,7,0,1.0
204940,4,3,1,0.75
205129,2,2,0,1.0
205166,20,11,9,0.55
205206,1,1,0,1.0
205520,2,0,2,0.0
205552,1,0,1,0.0
205575,1,1,0,1.0
205745,4,0,4,0.0
205922,2,2,0,1.0
205932,3,3,0,1.0
206832,1,1,0,1.0
207068,5,3,2,0.6
207256,1,0,1,0.0
207342,1,1,0,1.0
207447,1,1,0,1.0
207517,1,0,1,0.0
207579,3,2,1,0.6666666666666666
207811,1,1,0,1.0
207881,2,1,1,0.5
207945,2,0,2,0.0
207992,1,1,0,1.0
208095,1,1,0,1.0
208119,1,1,0,1.0
208184,8,4,4,0.5
208192,73,70,3,0.958904109589041
208243,4,3,1,0.75
208250,1,1,0,1.0
208320,4,4,0,1.0
208438,130,124,6,0.9538461538461539
208567,2,2,0,1.0
208614,1,1,0,1.0
208720,1,1,0,1.0
208780,1,0,1,0.0
208814,2,2,0,1.0
209158,3,3,0,1.0
209241,3,3,0,1.0
209256,6,6,0,1.0
209305,1,1,0,1.0
209339,3,3,0,1.0
209505,1,1,0,1.0
209620,8,3,5,0.375
210023,2,2,0,1.0
210101,1,1,0,1.0
210167,1,0,1,0.0
210321,2,1,1,0.5
210341,3,3,0,1.0
210379,1,1,0,1.0
210541,1,0,1,0.0
210647,3,3,0,1.0
210726,2,2,0,1.0
210818,5,5,0,1.0
211196,55,55,0,1.0
211223,2,2,0,1.0
211257,1,1,0,1.0
211283,8,8,0,1.0
211284,1,0,1,0.0
211475,8,2,6,0.25
211583,4,4,0,1.0
211713,1,1,0,1.0
211743,5,5,0,1.0
211946,3,3,0,1.0
212022,1,1,0,1.0
212119,1,0,1,0.0
212238,17,17,0,1.0
212344,1,0,1,0.0
212428,2,2,0,1.0
212530,4,4,0,1.0
212702,1,1,0,1.0
212878,2,2,0,1.0
212888,1,1,0,1.0
212975,1,1,0,1.0
213045,1,0,1,0.0
213067,21,21,0,1.0
213145,5,5,0,1.0
213223,1,1,0,1.0
213227,4,0,4,0.0
213248,1,1,0,1.0
213381,2,2,0,1.0
213396,4,4,0,1.0
213435,10,10,0,1.0
213449,1,1,0,1.0
213539,4,4,0,1.0
213552,1,1,0,1.0
213786,1,0,1,0.0
213948,1,1,0,1.0
214095,2,0,2,0.0
214116,1,1,0,1.0
214224,2,2,0,1.0
214314,1,1,0,1.0
214367,2,2,0,1.0
214401,2,1,1,0.5
214445,7,7,0,1.0
214501,1,0,1,0.0
214518,2,2,0,1.0
214893,1,0,1,0.0
215259,4,4,0,1.0
215267,2,0,2,0.0
215496,1,1,0,1.0
215769,1,0,1,0.0
215800,3,0,3,0.0
216174,11,9,2,0.8181818181818182
216254,41,40,1,0.975609756097561
216351,1,1,0,1.0
216450,6,6,0,1.0
216566,1,1,0,1.0
217058,31,28,3,0.9032258064516129
217200,3,0,3,0.0
217226,1,0,1,0.0
217295,2,0,2,0.0
217332,2,2,0,1.0
217339,5,5,0,1.0
217576,3,1,2,0.3333333333333333
217845,2,0,2,0.0
217900,1,1,0,1.0
217946,1,1,0,1.0
218212,27,27,0,1.0
218326,3,3,0,1.0
218352,8,0,8,0.0
218463,7,5,2,0.7142857142857143
218479,7,0,7,0.0
218498,1,1,0,1.0
218549,5,3,2,0.6
218551,1,0,1,0.0
218575,838,89,749,0.10620525059665871
218721,17,4,13,0.23529411764705882
218740,1,1,0,1.0
218790,1,1,0,1.0
218903,7,0,7,0.0
218963,1,1,0,1.0
219010,13,13,0,1.0
219167,1,0,1,0.0
219291,2,0,2,0.0
219378,2,2,0,1.0
219379,1,0,1,0.0
219444,2,1,1,0.5
219458,1,1,0,1.0
219734,1,1,0,1.0
219934,1,1,0,1.0
220041,2,1,1,0.5
220082,6,6,0,1.0
220140,1,1,0,1.0
220179,1,1,0,1.0
220190,2,0,2,0.0
220244,6,1,5,0.16666666666666666
220298,1,1,0,1.0
220308,1,0,1,0.0
220369,4,1,3,0.25
220377,11,10,1,0.9090909090909091
220544,5,5,0,1.0
220600,5,0,5,0.0
220616,1,0,1,0.0
220657,1,1,0,1.0
220668,1,1,0,1.0
220896,2,0,2,0.0
221295,4,4,0,1.0
221347,1,0,1,0.0
221429,1,0,1,0.0
221500,4,2,2,0.5
221795,7,1,6,0.14285714285714285
222165,1,1,0,1.0
222228,42,22,20,0.5238095238095238
222499,1,0,1,0.0
222548,1,1,0,1.0
222607,1,1,0,1.0
222748,9,6,3,0.6666666666666666
222841,2,2,0,1.0
223304,14,0,14,0.0
223344,1,1,0,1.0
223345,1,1,0,1.0
223467,8,2,6,0.25
223661,1,0,1,0.0
223707,1,1,0,1.0
223821,2,0,2,0.0
223909,2,2,0,1.0
223943,9,2,7,0.2222222222222222
224070,3,3,0,1.0
224166,1,0,1,0.0
224236,1,0,1,0.0
224258,1,1,0,1.0
224299,1,0,1,0.0
224375,1,1,0,1.0
224519,3,3,0,1.0
224584,30,3,27,0.1
224853,6,6,0,1.0
225186,6,6,0,1.0
225187,1,1,0,1.0
225407,1,0,1,0.0
225464,11,3,8,0.2727272727272727
225594,1,1,0,1.0
225596,1,1,0,1.0
225601,8,8,0,1.0
225619,10,5,5,0.5
225695,1,0,1,0.0
225948,1,1,0,1.0
225977,8,1,7,0.125
226038,1,0,1,0.0
226069,1,1,0,1.0
226081,5,0,5,0.0
226299,1,0,1,0.0
226378,12,12,0,1.0
226429,2,0,2,0.0
226487,6,5,1,0.8333333333333334
226505,1,1,0,1.0
226517,6,6,0,1.0
226554,1,1,0,1.0
226582,3,3,0,1.0
226591,24,24,0,1.0
226699,1,1,0,1.0
226714,1,1,0,1.0
226759,2,0,2,0.0
227163,17,17,0,1.0
227362,5,5,0,1.0
227364,1,0,1,0.0
227492,1,1,0,1.0
227510,4,4,0,1.0
227599,3,0,3,0.0
227620,1,0,1,0.0
227649,2,2,0,1.0
227774,1,1,0,1.0
227858,5,5,0,1.0
227975,2,0,2,0.0
228018,2,2,0,1.0
228025,1,1,0,1.0
228105,5,5,0,1.0
228128,4,2,2,0.5
228519,1,1,0,1.0
228570,2,0,2,0.0
228639,3,0,3,0.0
228733,4,0,4,0.0
228834,1,1,0,1.0
228998,1,1,0,1.0
229093,1,0,1,0.0
229184,2,2,0,1.0
229304,1,0,1,0.0
229313,1,0,1,0.0
229410,1,1,0,1.0
229479,4,0,4,0.0
229509,1,1,0,1.0
229638,2,2,0,1.0
229817,6,6,0,1.0
229878,2,2,0,1.0
229895,1,1,0,1.0
229917,2,1,1,0.5
230124,1,1,0,1.0
230151,1,1,0,1.0
230198,9,9,0,1.0
230272,2,2,0,1.0
230278,1,1,0,1.0
230315,1,1,0,1.0
230322,1,0,1,0.0
230405,11,2,9,0.18181818181818182
230556,4,4,0,1.0
230577,2,2,0,1.0
230838,2,2,0,1.0
231014,6,4,2,0.6666666666666666
231021,1,1,0,1.0
231064,1,1,0,1.0
231139,26,0,26,0.0
231270,3,3,0,1.0
231458,7,1,6,0.14285714285714285
231673,1,1,0,1.0
231693,217,214,3,0.9861751152073732
231876,1,1,0,1.0
231912,2,0,2,0.0
231966,3,3,0,1.0
232029,3,0,3,0.0
232256,11,0,11,0.0
232496,1,0,1,0.0
232599,1,0,1,0.0
232911,54,49,5,0.9074074074074074
232918,17,0,17,0.0
232955,1,1,0,1.0
233360,11,3,8,0.2727272727272727
233467,1,1,0,1.0
233703,8,0,8,0.0
233706,1,1,0,1.0
233873,6,0,6,0.0
233957,10,10,0,1.0
234071,1,1,0,1.0
234228,8,3,5,0.375
234339,18,16,2,0.8888888888888888
234375,1,1,0,1.0
234433,3,3,0,1.0
234518,6,0,6,0.0
234574,1,0,1,0.0
234694,2,2,0,1.0
234871,1,0,1,0.0
234963,2,0,2,0.0
235021,8,7,1,0.875
235167,1,1,0,1.0
235360,1,1,0,1.0
235447,3,3,0,1.0
235743,1,1,0,1.0
235770,1,0,1,0.0
235930,1,1,0,1.0
235992,1,1,0,1.0
236172,2,0,2,0.0
236196,4,2,2,0.5
236280,1,1,0,1.0
236385,1,1,0,1.0
236396,1,1,0,1.0
236829,2,2,0,1.0
237025,1,1,0,1.0
237162,5,0,5,0.0
237299,2,0,2,0.0
237609,1,1,0,1.0
237695,1,0,1,0.0
237726,3,3,0,1.0
237839,1,1,0,1.0
238075,25,6,19,0.24
238085,1,1,0,1.0
238132,1,0,1,0.0
238157,1,1,0,1.0
238497,2,1,1,0.5
238555,1,1,0,1.0
238607,3,0,3,0.0
238697,1,0,1,0.0
238709,5,5,0,1.0
238834,1,1,0,1.0
239238,3,3,0,1.0
239294,1,1,0,1.0
239435,1,0,1,0.0
239541,1,1,0,1.0
239617,12,12,0,1.0
239618,1,1,0,1.0
239673,2,2,0,1.0
239729,6,5,1,0.8333333333333334
239974,1,1,0,1.0
240251,1,0,1,0.0
240340,1,1,0,1.0
240489,3,3,0,1.0
240624,9,9,0,1.0
240754,142,41,101,0.2887323943661972
240782,2,2,0,1.0
241039,3,3,0,1.0
241090,7,2,5,0.2857142857142857
241181,11,11,0,1.0
241366,3,0,3,0.0
241381,10,7,3,0.7
241403,1,1,0,1.0
241417,18,18,0,1.0
241419,7,7,0,1.0
241481,2,0,2,0.0
241625,2,0,2,0.0
241699,1,1,0,1.0
241737,10,1,9,0.1
241767,3,3,0,1.0
242199,1,0,1,0.0
242357,1,0,1,0.0
242369,1,1,0,1.0
242493,1,0,1,0.0
242511,1,1,0,1.0
242524,1,1,0,1.0
242661,3,1,2,0.3333333333333333
242681,1,1,0,1.0
242702,3,3,0,1.0
242737,1,0,1,0.0
242776,8,6,2,0.75
242794,34,25,9,0.7352941176470589
242901,2,2,0,1.0
242904,5,5,0,1.0
242914,1,0,1,0.0
243024,1,1,0,1.0
243034,5,5,0,1.0
243391,1,1,0,1.0
243419,1,1,0,1.0
243453,5,2,3,0.4
243489,4,2,2,0.5
243496,6,2,4,0.3333333333333333
243526,1,1,0,1.0
243550,1,1,0,1.0
243802,1,1,0,1.0
243809,1,1,0,1.0
243999,3,3,0,1.0
244030,1,1,0,1.0
244184,1,0,1,0.0
244199,4,0,4,0.0
244261,1,1,0,1.0
244335,3,2,1,0.6666666666666666
244352,1,0,1,0.0
244648,1,0,1,0.0
244780,14,11,3,0.7857142857142857
244912,1,0,1,0.0
245037,3,3,0,1.0
245310,2,0,2,0.0
245496,1,1,0,1.0
245520,16,2,14,0.125
245563,12,6,6,0.5
245845,1,1,0,1.0
245906,1,1,0,1.0
246102,1,0,1,0.0
246112,1,0,1,0.0
246310,1,0,1,0.0
246580,1,1,0,1.0
246698,2,1,1,0.5
246831,1,1,0,1.0
246901,1,1,0,1.0
247014,3,3,0,1.0
247613,1,0,1,0.0
247727,1,1,0,1.0
247773,1,1,0,1.0
247793,7,7,0,1.0
248008,1,1,0,1.0
248053,7,7,0,1.0
248067,2,2,0,1.0
248097,2,2,0,1.0
248241,3,3,0,1.0
248280,2,0,2,0.0
248373,13,8,5,0.6153846153846154
248418,1,1,0,1.0
248490,1,1,0,1.0
248512,1,1,0,1.0
248625,1,1,0,1.0
248768,4,4,0,1.0
248852,1,1,0,1.0
248853,2,0,2,0.0
248888,24,12,12,0.5
248890,3,3,0,1.0
249517,1,1,0,1.0
249521,3,0,3,0.0
249659,2,2,0,1.0
249868,3,2,1,0.6666666666666666
250173,1,1,0,1.0
250262,2,0,2,0.0
250286,5,5,0,1.0
250346,1,1,0,1.0
250511,1,1,0,1.0
250625,3,2,1,0.6666666666666666
250729,4,4,0,1.0
250760,2,2,0,1.0
250908,1,1,0,1.0
250928,6,6,0,1.0
251022,3,0,3,0.0
251045,1,1,0,1.0
251238,1,1,0,1.0
251261,6,6,0,1.0
251393,2,2,0,1.0
251474,1,1,0,1.0
251658,37,29,8,0.7837837837837838
251682,2,2,0,1.0
251917,1,0,1,0.0
251994,1,1,0,1.0
252085,86,42,44,0.4883720930232558
252134,5,5,0,1.0
252316,1,0,1,0.0
252355,1,1,0,1.0
252364,1,1,0,1.0
252460,4,0,4,0.0
252547,1,1,0,1.0
252559,1,0,1,0.0
252710,2,2,0,1.0
252712,2,2,0,1.0
252765,9,7,2,0.7777777777777778
252825,5,4,1,0.8
252903,16,16,0,1.0
252920,1,1,0,1.0
252922,1,1,0,1.0
253029,3,3,0,1.0
253089,1,1,0,1.0
253120,1,0,1,0.0
253233,8,0,8,0.0
253298,3,2,1,0.6666666666666666
253326,1,1,0,1.0
253336,1,0,1,0.0
253353,1,1,0,1.0
253434,1,0,1,0.0
253535,1,0,1,0.0
253548,2,0,2,0.0
253986,15,11,4,0.7333333333333333
254136,2,2,0,1.0
254165,1,1,0,1.0
254883,1,1,0,1.0
254937,1,1,0,1.0
255090,1,0,1,0.0
255158,1,0,1,0.0
255174,2,0,2,0.0
255184,1,1,0,1.0
255279,21,20,1,0.9523809523809523
255621,1,0,1,0.0
255717,2,1,1,0.5
256028,12,10,2,0.8333333333333334
256159,6,0,6,0.0
257089,1,1,0,1.0
257108,1,1,0,1.0
257133,31,31,0,1.0
257219,4,4,0,1.0
257222,1,0,1,0.0
257415,1,0,1,0.0
257422,2,2,0,1.0
257538,1,1,0,1.0
257599,1,0,1,0.0
257651,8,7,1,0.875
257864,2,0,2,0.0
258067,2,2,0,1.0
258074,1,1,0,1.0
258102,1,0,1,0.0
258148,1,0,1,0.0
258227,1,1,0,1.0
258298,1,0,1,0.0
258354,1,1,0,1.0
258443,2,2,0,1.0
258457,1,0,1,0.0
258541,2,0,2,0.0
258585,18,18,0,1.0
258623,7,1,6,0.14285714285714285
258691,1,0,1,0.0
258784,3,3,0,1.0
258899,1,0,1,0.0
258938,1,0,1,0.0
258942,1,1,0,1.0
258966,2,1,1,0.5
259342,2,2,0,1.0
259386,2,0,2,0.0
259448,3,2,1,0.6666666666666666
259517,1,1,0,1.0
259635,2,1,1,0.5
259702,11,0,11,0.0
259727,2,2,0,1.0
259860,1,0,1,0.0
259932,1,1,0,1.0
259998,1,1,0,1.0
260167,1,1,0,1.0
260351,2,1,1,0.5
260405,3,1,2,0.3333333333333333
260480,3,0,3,0.0
260565,69,67,2,0.9710144927536232
260628,8,8,0,1.0
260901,2,1,1,0.5
260905,3,0,3,0.0
261011,2,2,0,1.0
261032,1,0,1,0.0
261040,1,0,1,0.0
261251,8,0,8,0.0
261284,4,4,0,1.0
261477,1,1,0,1.0
261618,1,1,0,1.0
261766,1,1,0,1.0
261811,1,1,0,1.0
261885,38,26,12,0.6842105263157895
262090,3,0,3,0.0
262308,1,0,1,0.0
262361,2,0,2,0.0
262577,1,0,1,0.0
262682,1,0,1,0.0
262713,2,2,0,1.0
262750,1,1,0,1.0
262939,1,1,0,1.0
263045,6,6,0,1.0
263084,2,1,1,0.5
263088,1,1,0,1.0
263210,1,1,0,1.0
263283,1,1,0,1.0
263507,1,0,1,0.0
263600,1,1,0,1.0
263725,1,1,0,1.0
263756,6,6,0,1.0
263931,2,0,2,0.0
264017,3,0,3,0.0
264019,6,6,0,1.0
264205,1,1,0,1.0
264216,1,1,0,1.0
264333,1,1,0,1.0
264882,2,2,0,1.0
264929,1,1,0,1.0
265146,2,2,0,1.0
265156,1,0,1,0.0
265225,3,1,2,0.3333333333333333
265277,4,4,0,1.0
265423,2,0,2,0.0
265517,2,2,0,1.0
265626,1,1,0,1.0
265989,2,2,0,1.0
266071,2,2,0,1.0
266116,3,3,0,1.0
266120,4,4,0,1.0
266145,25,25,0,1.0
266232,5,5,0,1.0
266519,1,1,0,1.0
266600,1,1,0,1.0
266612,1,1,0,1.0
266613,1,1,0,1.0
266730,1,0,1,0.0
266949,41,41,0,1.0
267227,1,1,0,1.0
267310,2,2,0,1.0
267356,1,1,0,1.0
267400,5,3,2,0.6
267541,1,1,0,1.0
267593,1,1,0,1.0
267769,8,0,8,0.0
267853,1,1,0,1.0
267915,2,0,2,0.0
268053,1,0,1,0.0
268493,2,2,0,1.0
268540,24,0,24,0.0
268683,27,26,1,0.9629629629629629
268741,1,1,0,1.0
268772,2,2,0,1.0
268808,3,3,0,1.0
268859,1,1,0,1.0
268872,2,2,0,1.0
268903,2,2,0,1.0
269054,2,1,1,0.5
269219,3,3,0,1.0
269240,1,0,1,0.0
269296,1,0,1,0.0
269361,2,1,1,0.5
269390,1,0,1,0.0
269469,5,3,2,0.6
269513,1,1,0,1.0
269618,3,3,0,1.0
269737,5,2,3,0.4
269785,42,1,41,0.023809523809523808
269801,1,1,0,1.0
269816,2,2,0,1.0
269879,1,0,1,0.0
269943,5,5,0,1.0
270064,41,41,0,1.0
270148,1,1,0,1.0
270162,3,3,0,1.0
270240,1,1,0,1.0
270292,1,1,0,1.0
270344,76,44,32,0.5789473684210527
270489,8,8,0,1.0
270566,1,1,0,1.0
270592,15,15,0,1.0
270676,2,2,0,1.0
270717,1,1,0,1.0
270733,3,3,0,1.0
270734,3,3,0,1.0
270808,2,2,0,1.0
271396,1,1,0,1.0
271488,3,3,0,1.0
271525,1,0,1,0.0
271531,8,0,8,0.0
271576,2,2,0,1.0
271583,3,3,0,1.0
271585,1,1,0,1.0
271751,4,4,0,1.0
271899,1,1,0,1.0
271910,2,2,0,1.0
271928,1,1,0,1.0
272004,2,2,0,1.0
272030,1,0,1,0.0
272084,2,0,2,0.0
272124,3,3,0,1.0
272137,1,1,0,1.0
272197,1,1,0,1.0
272420,1,1,0,1.0
272441,1,0,1,0.0
272511,15,15,0,1.0
272582,2,2,0,1.0
272663,1,1,0,1.0
272929,1,1,0,1.0
272980,1,1,0,1.0
273016,1,1,0,1.0
273129,1,1,0,1.0
273205,1,1,0,1.0
273235,1,1,0,1.0
273295,1,0,1,0.0
273471,12,1,11,0.08333333333333333
273882,1,0,1,0.0
274117,1,1,0,1.0
274385,13,0,13,0.0
274650,10,1,9,0.1
274812,2,0,2,0.0
274894,2,1,1,0.5
274991,2,0,2,0.0
275173,1,0,1,0.0
275358,5,0,5,0.0
275585,1,0,1,0.0
275757,1,1,0,1.0
275823,1,1,0,1.0
275854,1,0,1,0.0
275969,4,2,2,0.5
276056,1,1,0,1.0
276212,2,2,0,1.0
276280,1,1,0,1.0
276316,4,0,4,0.0
276370,1,0,1,0.0
276456,1,0,1,0.0
276555,1,1,0,1.0
276599,1,1,0,1.0
276671,11,11,0,1.0
276786,5,5,0,1.0
276834,23,23,0,1.0
276927,1,1,0,1.0
277105,6,6,0,1.0
277125,2,2,0,1.0
277139,4,0,4,0.0
277257,1,1,0,1.0
277383,4,4,0,1.0
277437,2,2,0,1.0
277585,1,1,0,1.0
277677,2,2,0,1.0
278143,4,0,4,0.0
278466,4,4,0,1.0
278521,1,1,0,1.0
278565,1,0,1,0.0
278652,3,2,1,0.6666666666666666
278843,3,2,1,0.6666666666666666
279058,1,1,0,1.0
279098,26,22,4,0.8461538461538461
279374,1,0,1,0.0
279598,2,2,0,1.0
279634,9,1,8,0.1111111111111111
280030,2,0,2,0.0
280227,5,5,0,1.0
280313,2,0,2,0.0
280391,1,1,0,1.0
280474,1,1,0,1.0
280734,3,0,3,0.0
281062,2,2,0,1.0
281088,1,0,1,0.0
281220,2,0,2,0.0
281244,1,0,1,0.0
281847,3,3,0,1.0
281901,4,4,0,1.0
281931,1,1,0,1.0
282076,1,1,0,1.0
282077,19,13,6,0.6842105263157895
282117,1,1,0,1.0
282212,4,3,1,0.75
282304,1,1,0,1.0
282317,1,0,1,0.0
282349,1,1,0,1.0
282494,5,5,0,1.0
282642,2,1,1,0.5
283017,1,0,1,0.0
283064,41,11,30,0.2682926829268293
283174,1,0,1,0.0
283212,5,5,0,1.0
283233,2,2,0,1.0
283395,9,8,1,0.8888888888888888
283492,1,1,0,1.0
283506,3,2,1,0.6666666666666666
283566,3,0,3,0.0
283838,2,0,2,0.0
283868,28,28,0,1.0
283888,1,0,1,0.0
284069,10,1,9,0.1
284078,1,1,0,1.0
284258,1,1,0,1.0
284358,3,0,3,0.0
284495,4,4,0,1.0
284502,2,0,2,0.0
284584,26,25,1,0.9615384615384616
284817,1,1,0,1.0
285074,5,1,4,0.2
285109,9,0,9,0.0
285233,7,5,2,0.7142857142857143
285341,7,7,0,1.0
285856,3,2,1,0.6666666666666666
285868,1,1,0,1.0
285872,1,1,0,1.0
286011,1,1,0,1.0
286144,8,8,0,1.0
286286,2,2,0,1.0
286289,1,1,0,1.0
286538,1,1,0,1.0
286543,3,2,1,0.6666666666666666
286629,4,4,0,1.0
286717,1,0,1,0.0
286747,1,1,0,1.0
286850,1,1,0,1.0
286938,1,1,0,1.0
287200,1,0,1,0.0
287366,2,2,0,1.0
287405,1,1,0,1.0
287440,9,9,0,1.0
287525,2,2,0,1.0
287553,2,2,0,1.0
287600,2,0,2,0.0
287713,5,0,5,0.0
288007,1,0,1,0.0
288139,2,0,2,0.0
288147,1,1,0,1.0
288176,1,0,1,0.0
288246,1,1,0,1.0
288312,4,3,1,0.75
288343,1,1,0,1.0
288381,1,1,0,1.0
288387,3,3,0,1.0
288515,6,6,0,1.0
288748,3,2,1,0.6666666666666666
288989,1,1,0,1.0
289015,1,1,0,1.0
289277,1,1,0,1.0
289299,1,1,0,1.0
289414,2,2,0,1.0
289524,8,8,0,1.0
289530,8,5,3,0.625
289615,1,0,1,0.0
289711,2,0,2,0.0
289757,1,1,0,1.0
289779,1,0,1,0.0
289901,1,0,1,0.0
290061,1,0,1,0.0
290154,1,1,0,1.0
290337,5,4,1,0.8
290407,3,3,0,1.0
290593,3,2,1,0.6666666666666666
290607,1,1,0,1.0
290628,1,0,1,0.0
290847,1,1,0,1.0
290881,2,2,0,1.0
291254,4,0,4,0.0
291597,1,1,0,1.0
292029,1,1,0,1.0
292045,12,12,0,1.0
292137,4,0,4,0.0
292166,15,15,0,1.0
292526,3,3,0,1.0
292551,1,0,1,0.0
292677,1,0,1,0.0
292964,6,6,0,1.0
293045,1,1,0,1.0
293455,9,0,9,0.0
293528,1,1,0,1.0
293529,3,3,0,1.0
293535,20,20,0,1.0
293567,1,1,0,1.0
293740,1,1,0,1.0
293846,1,0,1,0.0
293863,1,0,1,0.0
293882,2,2,0,1.0
293957,2,2,0,1.0
294030,2,2,0,1.0
294094,1,1,0,1.0
294131,2,0,2,0.0
294392,2,0,2,0.0
294541,1,0,1,0.0
294696,3,3,0,1.0
294759,3,1,2,0.3333333333333333
294806,4,4,0,1.0
294909,1,0,1,0.0
295300,10,10,0,1.0
295370,5,0,5,0.0
295376,2,2,0,1.0
295383,2,0,2,0.0
295590,1,1,0,1.0
295757,3,3,0,1.0
295824,27,27,0,1.0
295876,1,1,0,1.0
295933,9,9,0,1.0
296086,1,0,1,0.0
296109,1,1,0,1.0
296131,17,17,0,1.0
296183,4,4,0,1.0
296202,6,5,1,0.8333333333333334
296317,1,0,1,0.0
296320,5,0,5,0.0
296446,2,1,1,0.5
296509,1,0,1,0.0
296622,23,2,21,0.08695652173913043
296749,8,2,6,0.25
296988,1,1,0,1.0
297080,2,2,0,1.0
297105,4,0,4,0.0
297273,1,0,1,0.0
297697,1,1,0,1.0
297841,1,0,1,0.0
298038,5,3,2,0.6
298282,1,1,0,1.0
298491,3,0,3,0.0
298506,2,2,0,1.0
298526,1,1,0,1.0
298945,1,1,0,1.0
298970,26,23,3,0.8846153846153846
298972,4,1,3,0.25
299089,1,1,0,1.0
299102,2,2,0,1.0
299139,4,4,0,1.0
299199,5,4,1,0.8
299239,3,3,0,1.0
299260,2,1,1,0.5
299453,2,2,0,1.0
299485,11,7,4,0.6363636363636364
299700,1,1,0,1.0
299729,1,0,1,0.0
299820,1,1,0,1.0
299834,6,0,6,0.0
299899,1,1,0,1.0
300093,1,0,1,0.0
300336,4,3,1,0.75
300391,10,10,0,1.0
300445,1,1,0,1.0
300492,1,0,1,0.0
300598,1,0,1,0.0
300606,2,0,2,0.0
300773,1,1,0,1.0
300790,1,1,0,1.0
300911,2,2,0,1.0
301003,1,1,0,1.0
301197,3,2,1,0.6666666666666666
301269,2,2,0,1.0
301463,15,15,0,1.0
301516,1,1,0,1.0
301622,3,2,1,0.6666666666666666
301850,3,0,3,0.0
301948,1,1,0,1.0
302007,2,2,0,1.0
302038,1,1,0,1.0
302184,3,3,0,1.0
302375,2,2,0,1.0
302458,17,13,4,0.7647058823529411
302778,1,1,0,1.0
302783,2,2,0,1.0
302844,1,1,0,1.0
303275,1,0,1,0.0
303658,1,1,0,1.0
303693,1,0,1,0.0
303717,1,1,0,1.0
303840,3,0,3,0.0
303859,1,0,1,0.0
303882,1,1,0,1.0
303997,1,1,0,1.0
304061,1,1,0,1.0
304118,2,2,0,1.0
304488,8,0,8,0.0
304590,10,9,1,0.9
304735,3,2,1,0.6666666666666666
304948,2,2,0,1.0
305026,3,0,3,0.0
305186,6,0,6,0.0
305268,2,0,2,0.0
305293,1,1,0,1.0
305326,1,1,0,1.0
305477,46,46,0,1.0
305634,1,1,0,1.0
305863,4,0,4,0.0
306108,29,1,28,0.034482758620689655
306118,1,1,0,1.0
306562,1,1,0,1.0
306567,3,3,0,1.0
306626,3,3,0,1.0
306726,7,7,0,1.0
306788,14,0,14,0.0
306821,2,2,0,1.0
306911,2,2,0,1.0
307123,2,2,0,1.0
307156,2,0,2,0.0
307195,1,0,1,0.0
307252,4,3,1,0.75
307466,1,0,1,0.0
307517,51,32,19,0.6274509803921569
307548,1,1,0,1.0
307705,1,1,0,1.0
307824,3,3,0,1.0
307858,1,1,0,1.0
308022,1,1,0,1.0
308083,1,1,0,1.0
308099,1,0,1,0.0
308131,4,0,4,0.0
308447,1,1,0,1.0
308455,2,1,1,0.5
308571,3,0,3,0.0
308696,1,1,0,1.0
308721,10,10,0,1.0
308728,4,4,0,1.0
308908,5,3,2,0.6
309286,3,0,3,0.0
309337,5,5,0,1.0
309548,2,2,0,1.0
309581,176,16,160,0.09090909090909091
309598,1,1,0,1.0
309748,4,4,0,1.0
309761,1,1,0,1.0
309840,4,4,0,1.0
310223,1,1,0,1.0
310353,2,0,2,0.0
310384,3,3,0,1.0
310392,1,1,0,1.0
310454,1,1,0,1.0
310455,1,1,0,1.0
310484,6,4,2,0.6666666666666666
310498,2,0,2,0.0
310502,4,4,0,1.0
310656,2,2,0,1.0
310669,1,1,0,1.0
310789,1,0,1,0.0
310820,11,11,0,1.0
310965,1,1,0,1.0
311050,2,2,0,1.0
311198,1,0,1,0.0
311311,1,0,1,0.0
311434,4,4,0,1.0
311528,1,0,1,0.0
311636,1,1,0,1.0
311793,2,0,2,0.0
311860,4,1,3,0.25
311952,2,2,0,1.0
312014,1,1,0,1.0
312244,6,6,0,1.0
312351,10,3,7,0.3
312379,2,2,0,1.0
312628,7,7,0,1.0
312724,1,1,0,1.0
313105,3,3,0,1.0
313130,3,3,0,1.0
313156,2,2,0,1.0
313276,2,1,1,0.5
313390,1,1,0,1.0
313397,1,1,0,1.0
313434,2,2,0,1.0
313980,1,1,0,1.0
313985,1,1,0,1.0
314123,23,23,0,1.0
314167,3,1,2,0.3333333333333333
314203,4,1,3,0.25
314255,1,1,0,1.0
314286,7,0,7,0.0
314361,1,1,0,1.0
314395,4,4,0,1.0
314452,1,1,0,1.0
314474,3,2,1,0.6666666666666666
314504,1,0,1,0.0
314517,1,0,1,0.0
314717,1,1,0,1.0
314962,1,1,0,1.0
315082,1,0,1,0.0
315093,3,3,0,1.0
315242,2,2,0,1.0
315319,1,1,0,1.0
315330,1,0,1,0.0
315534,1,1,0,1.0
315555,1,1,0,1.0
315612,1,1,0,1.0
315874,2,0,2,0.0
316104,4,0,4,0.0
316291,1,1,0,1.0
316503,1,1,0,1.0
316505,4,4,0,1.0
316562,15,15,0,1.0
316680,2,0,2,0.0
316924,5,0,5,0.0
317010,4,4,0,1.0
317027,2,2,0,1.0
317231,5,3,2,0.6
317236,1,1,0,1.0
317244,1,1,0,1.0
317313,1,1,0,1.0
317340,5,2,3,0.4
317380,72,66,6,0.9166666666666666
317653,2,2,0,1.0
317661,134,130,4,0.9701492537313433
317767,2,2,0,1.0
318109,11,11,0,1.0
318181,5,0,5,0.0
318240,1,1,0,1.0
318258,5,5,0,1.0
318394,12,12,0,1.0
318528,11,5,6,0.45454545454545453
318633,3,0,3,0.0
318709,6,5,1,0.8333333333333334
318808,3,1,2,0.3333333333333333
318875,1,1,0,1.0
319128,1,0,1,0.0
319419,5,2,3,0.4
319448,2,0,2,0.0
319553,1,0,1,0.0
319768,4,1,3,0.25
319971,1,0,1,0.0
320048,1,0,1,0.0
320073,1,1,0,1.0
320325,1,1,0,1.0
320381,3,3,0,1.0
320545,2,2,0,1.0
320596,4,4,0,1.0
320636,1,0,1,0.0
320724,1,0,1,0.0
320925,72,9,63,0.125
321056,1,1,0,1.0
321156,1,1,0,1.0
321221,1,0,1,0.0
321303,1,0,1,0.0
321561,18,7,11,0.3888888888888889
321581,1,0,1,0.0
321696,5,0,5,0.0
321760,1,1,0,1.0
321797,3,0,3,0.0
321908,1,0,1,0.0
321914,1,1,0,1.0
322063,2,0,2,0.0
322136,1,1,0,1.0
322272,1,0,1,0.0
322309,4,4,0,1.0
322373,5,5,0,1.0
322389,6,6,0,1.0
322440,2,2,0,1.0
322480,1,1,0,1.0
322659,1,1,0,1.0
322941,3,3,0,1.0
322954,1,0,1,0.0
322963,1,1,0,1.0
323001,1,1,0,1.0
323039,2,1,1,0.5
323184,197,45,152,0.22842639593908629
323328,2,2,0,1.0
323540,1,1,0,1.0
323637,1,0,1,0.0
324085,1,1,0,1.0
324154,7,6,1,0.8571428571428571
324225,1,1,0,1.0
324362,1,0,1,0.0
324390,1,1,0,1.0
324406,102,102,0,1.0
324407,2,2,0,1.0
324484,1,1,0,1.0
324570,4,3,1,0.75
324807,1,1,0,1.0
324845,1,0,1,0.0
324873,1,1,0,1.0
324930,1,0,1,0.0
324939,1,1,0,1.0
325020,10,10,0,1.0
325034,40,0,40,0.0
325103,1,1,0,1.0
325193,2,2,0,1.0
325579,2,0,2,0.0
325780,1,0,1,0.0
325797,1,1,0,1.0
325802,1,1,0,1.0
325941,99,33,66,0.3333333333333333
325973,3,3,0,1.0
326134,2,2,0,1.0
326157,2,2,0,1.0
326161,10,5,5,0.5
326288,1,0,1,0.0
326378,3,0,3,0.0
326692,2,2,0,1.0
326845,38,21,17,0.5526315789473685
326873,25,20,5,0.8
326907,10,10,0,1.0
326911,4,0,4,0.0
326927,1,1,0,1.0
326931,1,0,1,0.0
326932,11,10,1,0.9090909090909091
327039,2,2,0,1.0
327084,4,4,0,1.0
327096,1,0,1,0.0
327114,1,1,0,1.0
327115,2,0,2,0.0
327184,9,9,0,1.0
327255,2,0,2,0.0
327379,1,1,0,1.0
327442,1,1,0,1.0
327585,1,0,1,0.0
327641,1,0,1,0.0
327811,2,2,0,1.0
327835,3,2,1,0.6666666666666666
328035,1,1,0,1.0
328088,2,0,2,0.0
328116,1,0,1,0.0
328304,3,3,0,1.0
328318,3,3,0,1.0
328459,6,6,0,1.0
328521,1,0,1,0.0
329101,1,1,0,1.0
329224,9,1,8,0.1111111111111111
329454,1,0,1,0.0
329569,4,4,0,1.0
329706,1,0,1,0.0
329741,1,0,1,0.0
329806,1,1,0,1.0
329846,1,1,0,1.0
329865,1,0,1,0.0
329893,6,6,0,1.0
329936,1,1,0,1.0
329951,1,1,0,1.0
330296,2,2,0,1.0
330515,7,7,0,1.0
330517,4,2,2,0.5
330532,1,1,0,1.0
330583,2,2,0,1.0
330653,6,3,3,0.5
330715,3,3,0,1.0
330741,1,1,0,1.0
331131,1,0,1,0.0
331190,14,3,11,0.21428571428571427
331623,1,1,0,1.0
331739,1,1,0,1.0
331757,1,0,1,0.0
331828,2,2,0,1.0
331859,1,1,0,1.0
331994,8,1,7,0.125
332136,1,1,0,1.0
332172,5,0,5,0.0
332176,1,1,0,1.0
332307,2,0,2,0.0
332342,1,1,0,1.0
332432,1,0,1,0.0
332585,1,1,0,1.0
332768,1,0,1,0.0
332892,1,0,1,0.0
332951,1,1,0,1.0
333018,1,0,1,0.0
333049,2,2,0,1.0
333155,1,1,0,1.0
333164,3,0,3,0.0
333238,2,0,2,0.0
333290,1,1,0,1.0
333373,7,7,0,1.0
333395,14,14,0,1.0
333656,1,0,1,0.0
333738,3,3,0,1.0
333887,1,1,0,1.0
334028,1,1,0,1.0
334252,1,1,0,1.0
334377,2,2,0,1.0
334380,1,1,0,1.0
334529,1,1,0,1.0
334941,105,8,97,0.0761904761904762
335045,1,0,1,0.0
335116,4,4,0,1.0
335119,2,0,2,0.0
335176,8,8,0,1.0
335355,3,2,1,0.6666666666666666
335501,1,1,0,1.0
335522,1,1,0,1.0
335563,8,4,4,0.5
335667,6,0,6,0.0
335697,2,0,2,0.0
335713,3,3,0,1.0
335758,8,7,1,0.875
335768,4,4,0,1.0
335881,1,0,1,0.0
335891,2,0,2,0.0
336040,1,1,0,1.0
336073,3,1,2,0.3333333333333333
336166,1,1,0,1.0
336275,8,8,0,1.0
336380,16,2,14,0.125
336563,1,1,0,1.0
336668,21,7,14,0.3333333333333333
336679,2,0,2,0.0
336771,2,0,2,0.0
336971,1,1,0,1.0
337143,2,2,0,1.0
337334,4,2,2,0.5
337341,5,5,0,1.0
337612,1,1,0,1.0
337776,1,1,0,1.0
337786,5,2,3,0.4
337827,1,1,0,1.0
337983,2,0,2,0.0
338100,1,1,0,1.0
338242,1,1,0,1.0
338325,3,3,0,1.0
338383,2,2,0,1.0
338432,2,0,2,0.0
338501,18,18,0,1.0
338612,1,1,0,1.0
338665,1,0,1,0.0
338780,9,2,7,0.2222222222222222
338932,1,0,1,0.0
338944,2,0,2,0.0
338976,1,1,0,1.0
338981,7,0,7,0.0
339015,1,0,1,0.0
339514,1,0,1,0.0
339593,6,6,0,1.0
339756,1,1,0,1.0
339778,1,1,0,1.0
339822,1,1,0,1.0
339867,5,4,1,0.8
340003,1,1,0,1.0
340136,1,0,1,0.0
340208,2,2,0,1.0
340239,3,0,3,0.0
340339,28,16,12,0.5714285714285714
340350,2,2,0,1.0
340491,17,7,10,0.4117647058823529
340637,3,3,0,1.0
340661,1,0,1,0.0
341312,10,0,10,0.0
341628,4,4,0,1.0
341694,1,1,0,1.0
342099,105,91,14,0.8666666666666667
342113,1,0,1,0.0
342153,5,2,3,0.4
342420,1,1,0,1.0
342456,2,2,0,1.0
342507,1,1,0,1.0
342556,2,2,0,1.0
342620,1,0,1,0.0
342705,2,2,0,1.0
342751,1,0,1,0.0
342805,10,10,0,1.0
343005,1,1,0,1.0
343081,28,14,14,0.5
343440,4,4,0,1.0
343448,1,1,0,1.0
343645,41,3,38,0.07317073170731707
343813,1,1,0,1.0
344054,19,19,0,1.0
344240,4,1,3,0.25
344422,8,7,1,0.875
344483,1,1,0,1.0
344519,1,1,0,1.0
344526,1,0,1,0.0
344551,9,9,0,1.0
344774,1,0,1,0.0
344973,2,0,2,0.0
345033,4,3,1,0.75
345212,29,4,25,0.13793103448275862
345359,6,6,0,1.0
345727,1,0,1,0.0
345816,1,1,0,1.0
345837,1,1,0,1.0
345908,4,4,0,1.0
346194,2,2,0,1.0
346639,1,1,0,1.0
346861,3,1,2,0.3333333333333333
346863,1,0,1,0.0
346958,3,3,0,1.0
346967,6,0,6,0.0
347083,1,0,1,0.0
347141,1,0,1,0.0
347153,1,0,1,0.0
347289,4,4,0,1.0
347329,2,2,0,1.0
347417,2,2,0,1.0
347451,3,3,0,1.0
347573,19,18,1,0.9473684210526315
347629,8,8,0,1.0
347949,131,39,92,0.29770992366412213
348056,112,15,97,0.13392857142857142
348121,54,54,0,1.0
348486,1,0,1,0.0
348547,1,1,0,1.0
348587,2,2,0,1.0
348851,1,1,0,1.0
348902,1,1,0,1.0
349184,5,5,0,1.0
349202,1,1,0,1.0
349598,1,1,0,1.0
349625,7,7,0,1.0
349770,7,0,7,0.0
349968,1,1,0,1.0
349989,4,1,3,0.25
350024,1,0,1,0.0
350046,2,0,2,0.0
350227,2,2,0,1.0
350235,1,1,0,1.0
350265,1,1,0,1.0
350516,1,1,0,1.0
350578,9,9,0,1.0
350625,1,0,1,0.0
350661,2,2,0,1.0
350710,1,0,1,0.0
350839,1,0,1,0.0
350936,6,3,3,0.5
350977,13,11,2,0.8461538461538461
351203,3,0,3,0.0
351465,1,1,0,1.0
351471,3,3,0,1.0
351492,1,0,1,0.0
351539,4,3,1,0.75
351724,1,1,0,1.0
351773,5,5,0,1.0
351909,1,0,1,0.0
351928,12,4,8,0.3333333333333333
352004,1,1,0,1.0
352008,2,2,0,1.0
352106,3,3,0,1.0
352110,1,1,0,1.0
352327,3,0,3,0.0
352441,1,0,1,0.0
352744,1,1,0,1.0
352795,4,4,0,1.0
352912,1,0,1,0.0
352928,1,1,0,1.0
353016,2,0,2,0.0
353156,7,7,0,1.0
353207,1,1,0,1.0
353218,1,1,0,1.0
353223,1,1,0,1.0
353345,88,21,67,0.23863636363636365
353450,2,0,2,0.0
353469,5,4,1,0.8
353555,2,2,0,1.0
353628,1,1,0,1.0
353685,4,4,0,1.0
353716,3,3,0,1.0
353737,1,1,0,1.0
353831,2,0,2,0.0
353897,1,1,0,1.0
353941,10,10,0,1.0
353970,1,0,1,0.0
354184,1,1,0,1.0
354249,1,1,0,1.0
354434,1,1,0,1.0
354456,1,1,0,1.0
354605,2,2,0,1.0
354703,6,6,0,1.0
354860,1,0,1,0.0
354877,12,5,7,0.4166666666666667
355042,2,2,0,1.0
355223,1,1,0,1.0
355271,2,1,1,0.5
355406,1,1,0,1.0
355511,1,1,0,1.0
355519,2,2,0,1.0
355522,5,2,3,0.4
355524,1,1,0,1.0
355731,1,1,0,1.0
355793,3,3,0,1.0
355847,10,10,0,1.0
355915,1,1,0,1.0
355940,1,1,0,1.0
356000,2,1,1,0.5
356091,1,0,1,0.0
356126,1,0,1,0.0
356127,3,3,0,1.0
356166,1,1,0,1.0
356291,1,0,1,0.0
356454,19,2,17,0.10526315789473684
356499,6,6,0,1.0
356551,2,0,2,0.0
356720,1,1,0,1.0
356964,1,0,1,0.0
357003,1,1,0,1.0
357149,1,1,0,1.0
357506,3,3,0,1.0
357572,1,1,0,1.0
357613,4,4,0,1.0
357643,2,2,0,1.0
357656,1,0,1,0.0
357880,1,1,0,1.0
357964,15,0,15,0.0
358501,1,0,1,0.0
358930,1,1,0,1.0
358992,8,0,8,0.0
359170,10,6,4,0.6
359352,1,1,0,1.0
359511,1,1,0,1.0
359559,1,0,1,0.0
359895,1,0,1,0.0
359941,1,1,0,1.0
360230,3,3,0,1.0
360344,9,0,9,0.0
360408,1,0,1,0.0
360534,1,1,0,1.0
360641,1,1,0,1.0
360754,1,1,0,1.0
360824,2,2,0,1.0
360825,1,1,0,1.0
360964,1,1,0,1.0
361008,2,1,1,0.5
361069,2,2,0,1.0
361090,50,50,0,1.0
361337,1,0,1,0.0
361348,1,1,0,1.0
361517,1,0,1,0.0
361565,1,1,0,1.0
361641,3,3,0,1.0
361717,2,2,0,1.0
361754,4,4,0,1.0
361882,1,1,0,1.0
361947,3,0,3,0.0
361952,4,0,4,0.0
362015,28,26,2,0.9285714285714286
362390,109,41,68,0.3761467889908257
362446,4,0,4,0.0
362555,1,0,1,0.0
362598,1,1,0,1.0
362720,51,4,47,0.0784313725490196
362752,1,1,0,1.0
362847,26,15,11,0.5769230769230769
363199,4,4,0,1.0
363204,9,9,0,1.0
363470,1,0,1,0.0
363745,1,0,1,0.0
363780,1,0,1,0.0
363837,4,0,4,0.0
363875,1,1,0,1.0
364003,11,11,0,1.0
364116,4,3,1,0.75
364243,3,0,3,0.0
364302,1,1,0,1.0
364542,1,0,1,0.0
364570,1,1,0,1.0
364719,7,7,0,1.0
364868,1,1,0,1.0
364889,10,10,0,1.0
364893,9,9,0,1.0
365013,2,2,0,1.0
365192,1,0,1,0.0
365272,33,29,4,0.8787878787878788
365563,2,0,2,0.0
365613,7,7,0,1.0
365636,1,0,1,0.0
365759,1,1,0,1.0
365840,2,1,1,0.5
365860,1,0,1,0.0
366007,21,20,1,0.9523809523809523
366217,2,1,1,0.5
366334,2,2,0,1.0
366631,1,1,0,1.0
366646,1,1,0,1.0
366786,1,0,1,0.0
366844,6,6,0,1.0
366859,3,3,0,1.0
366927,2,1,1,0.5
366981,2,0,2,0.0
367039,1,1,0,1.0
367165,1,1,0,1.0
367244,2,1,1,0.5
367464,2,0,2,0.0
367609,2,2,0,1.0
368061,1,0,1,0.0
368145,8,5,3,0.625
368296,1,0,1,0.0
368312,1,0,1,0.0
368416,4,0,4,0.0
368453,1,1,0,1.0
368530,3,0,3,0.0
368569,2,2,0,1.0
368702,3,2,1,0.6666666666666666
368982,23,19,4,0.8260869565217391
369026,1,1,0,1.0
369230,1,0,1,0.0
369241,1,1,0,1.0
369574,1,1,0,1.0
369665,9,6,3,0.6666666666666666
369797,1,1,0,1.0
369809,3,0,3,0.0
370023,1,1,0,1.0
370081,392,386,6,0.9846938775510204
370365,2,0,2,0.0
370517,1,1,0,1.0
370552,10,5,5,0.5
370570,1,0,1,0.0
370590,11,10,1,0.9090909090909091
370813,1,1,0,1.0
370893,1,1,0,1.0
370999,2,2,0,1.0
371151,1,1,0,1.0
371175,2,0,2,0.0
371368,3,0,3,0.0
371405,1,0,1,0.0
371458,4,4,0,1.0
371514,4,3,1,0.75
371727,1,1,0,1.0
371842,2,2,0,1.0
371849,2,0,2,0.0
372341,2,2,0,1.0
372386,1,1,0,1.0
372422,5,5,0,1.0
372574,2,2,0,1.0
372644,10,2,8,0.2
372694,2,2,0,1.0
372902,1,1,0,1.0
372926,3,3,0,1.0
372986,1,1,0,1.0
373070,1,0,1,0.0
373247,1,1,0,1.0
373252,1,1,0,1.0
373330,52,32,20,0.6153846153846154
373482,2,0,2,0.0
373514,1,0,1,0.0
373633,3,1,2,0.3333333333333333
373649,1,0,1,0.0
373839,1,1,0,1.0
373911,4,2,2,0.5
374014,1,1,0,1.0
374291,1,1,0,1.0
374312,20,3,17,0.15
374560,6,5,1,0.8333333333333334
374689,1,1,0,1.0
375034,1,1,0,1.0
375049,1,1,0,1.0
375094,3,2,1,0.6666666666666666
375136,1,1,0,1.0
375435,1,0,1,0.0
375534,17,8,9,0.47058823529411764
375635,3,3,0,1.0
375666,1,1,0,1.0
375724,2,2,0,1.0
376009,4,2,2,0.5
376255,6,6,0,1.0
376499,1,1,0,1.0
376576,1,0,1,0.0
376815,1,1,0,1.0
377133,1,1,0,1.0
377304,2,0,2,0.0
377597,2,0,2,0.0
377641,1,0,1,0.0
377676,5,4,1,0.8
377824,2,0,2,0.0
377925,5,1,4,0.2
377928,1,1,0,1.0
378001,1,0,1,0.0
378058,3,2,1,0.6666666666666666
378169,1,1,0,1.0
378271,1,1,0,1.0
378486,7,0,7,0.0
378522,1,1,0,1.0
378631,10,10,0,1.0
378660,13,11,2,0.8461538461538461
378663,1,1,0,1.0
378707,15,4,11,0.26666666666666666
378710,1,0,1,0.0
379093,8,8,0,1.0
379112,4,0,4,0.0
379327,1,0,1,0.0
379394,2,0,2,0.0
379432,1,1,0,1.0
379548,3,3,0,1.0
379966,1,0,1,0.0
380013,5,5,0,1.0
380029,1,1,0,1.0
380053,27,0,27,0.0
380177,1,1,0,1.0
380374,1,0,1,0.0
380489,6,5,1,0.8333333333333334
380521,4,4,0,1.0
380529,1,1,0,1.0
380542,4,4,0,1.0
380545,7,6,1,0.8571428571428571
380583,1,1,0,1.0
380593,1,1,0,1.0
380674,2,0,2,0.0
380842,1,1,0,1.0
380844,8,3,5,0.375
380875,115,115,0,1.0
380897,12,2,10,0.16666666666666666
380913,1,0,1,0.0
380980,1,1,0,1.0
381072,1,0,1,0.0
381456,3,3,0,1.0
381518,1,1,0,1.0
381657,2,0,2,0.0
381699,21,0,21,0.0
381878,1,1,0,1.0
381897,4,0,4,0.0
381901,2,2,0,1.0
381966,4,2,2,0.5
381968,1,0,1,0.0
382071,1,1,0,1.0
382134,4,3,1,0.75
382216,2,1,1,0.5
382286,1,1,0,1.0
382412,1,1,0,1.0
382464,1,0,1,0.0
382567,1,1,0,1.0
382636,1,1,0,1.0
382673,1,0,1,0.0
382695,2,1,1,0.5
382926,1,0,1,0.0
382940,3,3,0,1.0
383012,1,0,1,0.0
383035,2,0,2,0.0
383061,5,5,0,1.0
383124,1,1,0,1.0
383242,1,1,0,1.0
383901,12,12,0,1.0
383913,3,3,0,1.0
384040,2,0,2,0.0
384133,3,0,3,0.0
384304,1,0,1,0.0
384339,1,1,0,1.0
384436,1,0,1,0.0
384485,15,3,12,0.2
384526,1,1,0,1.0
384655,1,1,0,1.0
384711,26,26,0,1.0
384802,1,0,1,0.0
384993,1,1,0,1.0
385012,1,0,1,0.0
385361,1,1,0,1.0
385428,1,1,0,1.0
385432,2,2,0,1.0
385444,1,1,0,1.0
385479,2,2,0,1.0
385668,1,1,0,1.0
385820,7,6,1,0.8571428571428571
385870,1,1,0,1.0
385962,1,1,0,1.0
386145,1,0,1,0.0
386189,9,0,9,0.0
386324,6,6,0,1.0
386381,1,0,1,0.0
386416,42,30,12,0.7142857142857143
386468,1,1,0,1.0
386550,2,0,2,0.0
386589,4,0,4,0.0
386711,1,1,0,1.0
386907,7,2,5,0.2857142857142857
386928,1,0,1,0.0
386964,1,1,0,1.0
386990,1,1,0,1.0
387221,1,1,0,1.0
387451,4,3,1,0.75
387456,15,9,6,0.6
387575,1,1,0,1.0
387582,1,1,0,1.0
387808,4,3,1,0.75
387820,1,1,0,1.0
388149,3,0,3,0.0
388293,5,0,5,0.0
388487,1,1,0,1.0
388512,69,69,0,1.0
388551,2,2,0,1.0
388609,1,0,1,0.0
388636,10,5,5,0.5
388647,1,1,0,1.0
388789,1,1,0,1.0
388829,3,3,0,1.0
388855,1,0,1,0.0
388907,1,1,0,1.0
389033,3,3,0,1.0
389038,188,120,68,0.6382978723404256
389460,2,0,2,0.0
389464,1,0,1,0.0
389534,4,4,0,1.0
389581,6,4,2,0.6666666666666666
389599,5,5,0,1.0
389939,1,0,1,0.0
390014,1,1,0,1.0
390267,8,0,8,0.0
390373,2,0,2,0.0
390703,1,0,1,0.0
390855,1,1,0,1.0
391049,1,1,0,1.0
391053,2,0,2,0.0
391143,1,1,0,1.0
391166,1,1,0,1.0
391209,2,2,0,1.0
391268,1,1,0,1.0
391450,1,1,0,1.0
391525,4,1,3,0.25
391560,2,2,0,1.0
391820,1,0,1,0.0
391852,7,6,1,0.8571428571428571
392008,6,6,0,1.0
392034,13,0,13,0.0
392117,1,1,0,1.0
392196,10,10,0,1.0
392313,6,5,1,0.8333333333333334
392658,1,0,1,0.0
392668,1,1,0,1.0
392733,1,1,0,1.0
392780,1,1,0,1.0
393197,1,1,0,1.0
393460,1,1,0,1.0
393469,3,1,2,0.3333333333333333
393590,2,0,2,0.0
393624,1,1,0,1.0
393646,1,1,0,1.0
393647,1,1,0,1.0
393881,1,1,0,1.0
393884,1,1,0,1.0
394170,1,0,1,0.0
394177,11,11,0,1.0
394514,1,1,0,1.0
394637,1,1,0,1.0
395046,4,1,3,0.25
395194,1,1,0,1.0
395443,1,1,0,1.0
395712,2,1,1,0.5
395729,1,1,0,1.0
395932,1,1,0,1.0
395999,1,1,0,1.0
396117,2,0,2,0.0
396325,1,1,0,1.0
396350,3,3,0,1.0
396426,1,1,0,1.0
396640,2,1,1,0.5
396658,37,0,37,0.0
396823,2,2,0,1.0
396865,7,7,0,1.0
397031,9,0,9,0.0
397140,4,0,4,0.0
397338,1,0,1,0.0
397467,30,25,5,0.8333333333333334
397535,79,27,52,0.34177215189873417
397577,1,1,0,1.0
397609,2,2,0,1.0
397688,3,1,2,0.3333333333333333
397779,18,17,1,0.9444444444444444
397897,6,6,0,1.0
398151,2,0,2,0.0
398188,6,4,2,0.6666666666666666
398200,2,0,2,0.0
398241,2,2,0,1.0
398276,1,1,0,1.0
398386,1,0,1,0.0
398533,1,1,0,1.0
398662,2,2,0,1.0
398839,3,3,0,1.0
398874,10,10,0,1.0
398892,20,4,16,0.2
399198,1,1,0,1.0
399237,2,0,2,0.0
399439,3,0,3,0.0
399480,14,7,7,0.5
399577,3,3,0,1.0
399604,1,0,1,0.0
399625,3,3,0,1.0
399714,1,1,0,1.0
399928,383,380,3,0.9921671018276762
400053,4,4,0,1.0
400078,1,1,0,1.0
400093,1,1,0,1.0
400208,2,0,2,0.0
400248,1,1,0,1.0
400342,2,2,0,1.0
400533,2,2,0,1.0
400676,11,3,8,0.2727272727272727
400703,1,0,1,0.0
400883,1,1,0,1.0
400931,7,2,5,0.2857142857142857
401080,1,1,0,1.0
401082,1,0,1,0.0
401167,2,0,2,0.0
401214,3,2,1,0.6666666666666666
401218,9,8,1,0.8888888888888888
401446,1,1,0,1.0
401524,3,3,0,1.0
401602,1,0,1,0.0
401634,1,0,1,0.0
401668,1,1,0,1.0
401699,1,0,1,0.0
401883,1,0,1,0.0
401941,1,1,0,1.0
402053,1,1,0,1.0
402057,1,1,0,1.0
402146,3,3,0,1.0
402285,3,3,0,1.0
402309,1,1,0,1.0
402373,2,2,0,1.0
402549,7,7,0,1.0
402611,12,10,2,0.8333333333333334
402699,45,13,32,0.28888888888888886
402799,1,1,0,1.0
402887,5,0,5,0.0
403083,2,2,0,1.0
403244,1,1,0,1.0
403258,12,11,1,0.9166666666666666
403322,13,11,2,0.8461538461538461
403327,1,0,1,0.0
403429,1,0,1,0.0
403561,1,0,1,0.0
403572,1,1,0,1.0
403779,15,15,0,1.0
403796,255,122,133,0.47843137254901963
403893,2,2,0,1.0
403956,2,0,2,0.0
404273,1,0,1,0.0
404479,18,4,14,0.2222222222222222
404786,1,1,0,1.0
405119,1,0,1,0.0
405259,2,0,2,0.0
405483,1,1,0,1.0
405504,1,0,1,0.0
405563,7,6,1,0.8571428571428571
405696,2,2,0,1.0
406045,1,1,0,1.0
406089,1,0,1,0.0
406146,1,1,0,1.0
406223,2,2,0,1.0
406345,1,1,0,1.0
406366,1,1,0,1.0
406494,2,0,2,0.0
406607,19,18,1,0.9473684210526315
406651,3,3,0,1.0
406801,1,0,1,0.0
406861,1,1,0,1.0
406899,2,2,0,1.0
407021,4,4,0,1.0
407061,4,3,1,0.75
407080,1,1,0,1.0
407213,1,1,0,1.0
407311,9,9,0,1.0
407324,4,4,0,1.0
407374,1,0,1,0.0
407628,2,0,2,0.0
407682,1,1,0,1.0
407853,1,0,1,0.0
407933,11,9,2,0.8181818181818182
407935,1,0,1,0.0
408066,1,1,0,1.0
408388,1,0,1,0.0
408460,1,1,0,1.0
408497,15,13,2,0.8666666666666667
408749,2,1,1,0.5
408971,35,1,34,0.02857142857142857
409050,1,1,0,1.0
409146,2,2,0,1.0
409288,1,1,0,1.0
409324,1,1,0,1.0
409470,2,0,2,0.0
409574,1,1,0,1.0
409643,1,1,0,1.0
409814,1,1,0,1.0
409840,5,4,1,0.8
409873,2,2,0,1.0
410009,244,237,7,0.9713114754098361
410109,2,0,2,0.0
410353,72,72,0,1.0
410621,1,1,0,1.0
410650,54,53,1,0.9814814814814815
410838,1,1,0,1.0
410848,1,0,1,0.0
410931,5,5,0,1.0
411087,1,1,0,1.0
411112,8,1,7,0.125
411120,1,1,0,1.0
411128,3,3,0,1.0
411364,1,1,0,1.0
411375,4,4,0,1.0
411628,1,1,0,1.0
411629,8,8,0,1.0
411726,1,1,0,1.0
411743,1,1,0,1.0
411812,16,16,0,1.0
411901,2,2,0,1.0
411902,1,1,0,1.0
412022,1,1,0,1.0
412402,3,1,2,0.3333333333333333
412468,1,0,1,0.0
412562,1,1,0,1.0
412641,2,0,2,0.0
412759,21,19,2,0.9047619047619048
412890,1,1,0,1.0
412953,1,0,1,0.0
413168,4,4,0,1.0
413171,1,1,0,1.0
413245,6,0,6,0.0
413329,4,4,0,1.0
413486,3,0,3,0.0
413496,2,2,0,1.0
413594,4,4,0,1.0
414028,1,0,1,0.0
414081,1,1,0,1.0
414123,1,1,0,1.0
414241,3,3,0,1.0
414246,3,3,0,1.0
414430,1,1,0,1.0
414471,1,1,0,1.0
414577,2,1,1,0.5
414803,3,3,0,1.0
414854,1,1,0,1.0
414894,1,1,0,1.0
414905,5,2,3,0.4
415174,1,1,0,1.0
415466,1,1,0,1.0
415489,1,1,0,1.0
415858,1,1,0,1.0
415880,4,4,0,1.0
416186,1,1,0,1.0
416475,3,0,3,0.0
416579,1,1,0,1.0
416716,1,1,0,1.0
416759,2,2,0,1.0
416865,1,0,1,0.0
416979,2,2,0,1.0
417019,3,3,0,1.0
417152,2,2,0,1.0
417233,1,1,0,1.0
417321,5,5,0,1.0
417338,2,2,0,1.0
417434,1,0,1,0.0
417439,3,2,1,0.6666666666666666
417486,1,1,0,1.0
417490,3,0,3,0.0
417537,3,1,2,0.3333333333333333
417627,1,0,1,0.0
417678,1,1,0,1.0
417761,9,2,7,0.2222222222222222
417798,4,4,0,1.0
418095,2,0,2,0.0
418171,8,3,5,0.375
418175,3,0,3,0.0
418187,1,1,0,1.0
418245,19,1,18,0.05263157894736842
418280,6,6,0,1.0
418481,3,2,1,0.6666666666666666
418644,1,1,0,1.0
419052,5,4,1,0.8
419075,10,9,1,0.9
419087,1,1,0,1.0
419104,1,1,0,1.0
419161,4,0,4,0.0
419440,13,1,12,0.07692307692307693
419578,2,2,0,1.0
419638,1,0,1,0.0
419651,1,1,0,1.0
419757,12,12,0,1.0
419767,10,10,0,1.0
419800,8,8,0,1.0
419829,2,2,0,1.0
419947,4,4,0,1.0
420047,2,2,0,1.0
420183,14,0,14,0.0
420209,1,0,1,0.0
420374,5,3,2,0.6
420403,1,0,1,0.0
420427,2,1,1,0.5
420524,14,2,12,0.14285714285714285
420592,19,17,2,0.8947368421052632
420748,1,1,0,1.0
420758,2,2,0,1.0
420804,40,11,29,0.275
420810,2,2,0,1.0
420839,3,3,0,1.0
421018,1,1,0,1.0
421047,3,3,0,1.0
421071,2,0,2,0.0
421246,3,0,3,0.0
421265,1,1,0,1.0
421424,6,5,1,0.8333333333333334
421448,1,1,0,1.0
421493,3,3,0,1.0
421684,1,1,0,1.0
421735,1,1,0,1.0
421978,3,3,0,1.0
422043,3,2,1,0.6666666666666666
422051,7,4,3,0.5714285714285714
422293,1,1,0,1.0
422297,1,0,1,0.0
422462,1,1,0,1.0
422519,5,0,5,0.0
422747,1,1,0,1.0
422826,1,1,0,1.0
422859,1,1,0,1.0
423056,1,1,0,1.0
423074,1,1,0,1.0
423239,1,0,1,0.0
423240,2,2,0,1.0
423242,2,2,0,1.0
423252,1,1,0,1.0
423295,2,0,2,0.0
423337,1,0,1,0.0
423381,4,1,3,0.25
423435,2,0,2,0.0
423582,1,1,0,1.0
423699,1,1,0,1.0
423727,3,3,0,1.0
423802,4,4,0,1.0
423860,1,1,0,1.0
423862,18,10,8,0.5555555555555556
423983,4,4,0,1.0
423995,1,1,0,1.0
424049,1,0,1,0.0
424143,8,7,1,0.875
424263,1,1,0,1.0
424413,18,18,0,1.0
424439,161,161,0,1.0
424796,1,1,0,1.0
424848,19,12,7,0.631578947368421
424897,1,1,0,1.0
424930,1,1,0,1.0
424960,1,0,1,0.0
425027,1,0,1,0.0
425204,3,1,2,0.3333333333333333
425360,1,1,0,1.0
425363,1,1,0,1.0
425371,1,1,0,1.0
425426,1,1,0,1.0
425480,1,1,0,1.0
425540,1,0,1,0.0
425957,1,1,0,1.0
426027,2,2,0,1.0
426111,1,1,0,1.0
426544,14,10,4,0.7142857142857143
426585,5,2,3,0.4
426675,2,0,2,0.0
426721,11,11,0,1.0
426851,1,0,1,0.0
427044,1,1,0,1.0
427107,1,1,0,1.0
427183,3,3,0,1.0
427227,1,0,1,0.0
427394,3,0,3,0.0
427506,2,0,2,0.0
427523,1,1,0,1.0
427620,1,0,1,0.0
427654,2,2,0,1.0
427830,3,3,0,1.0
427970,1,1,0,1.0
427995,2,2,0,1.0
428119,2,2,0,1.0
428173,2,1,1,0.5
428272,4,0,4,0.0
428399,2,0,2,0.0
428419,1,0,1,0.0
428575,1,0,1,0.0
428676,1,0,1,0.0
428739,1,1,0,1.0
428836,1,1,0,1.0
428886,2,0,2,0.0
428948,1,1,0,1.0
428958,1,0,1,0.0
428994,3,2,1,0.6666666666666666
429023,2,2,0,1.0
429306,2,2,0,1.0
429310,6,0,6,0.0
429312,1,0,1,0.0
429372,3,3,0,1.0
429417,1,1,0,1.0
429584,4,4,0,1.0
429601,16,12,4,0.75
429738,35,25,10,0.7142857142857143
429823,1,0,1,0.0
429871,1,1,0,1.0
430006,1,1,0,1.0
430092,2,1,1,0.5
430096,1,0,1,0.0
430314,1,1,0,1.0
430321,1,0,1,0.0
430466,1,1,0,1.0
430476,1,1,0,1.0
430487,2,2,0,1.0
430534,3,3,0,1.0
430545,1,1,0,1.0
430769,2,0,2,0.0
430934,1,0,1,0.0
431017,27,27,0,1.0
431658,1,1,0,1.0
432072,1,1,0,1.0
432248,11,0,11,0.0
432330,1,1,0,1.0
432607,1,1,0,1.0
432624,1,0,1,0.0
432638,1,1,0,1.0
432690,1,1,0,1.0
432866,4,4,0,1.0
433016,2,2,0,1.0
433023,3,3,0,1.0
433157,2,0,2,0.0
433255,1,1,0,1.0
433603,1,1,0,1.0
433663,1,1,0,1.0
433679,1,1,0,1.0
433917,1,0,1,0.0
434346,1,0,1,0.0
434394,4,4,0,1.0
434427,1,1,0,1.0
434448,2,0,2,0.0
434571,1,1,0,1.0
434607,1,1,0,1.0
434816,5,5,0,1.0
434987,1,1,0,1.0
435016,2,2,0,1.0
435084,1,1,0,1.0
435089,1,1,0,1.0
435244,1,1,0,1.0
435255,5,5,0,1.0
435282,5,0,5,0.0
435288,5,1,4,0.2
435363,1,1,0,1.0
435444,1,0,1,0.0
435593,1,1,0,1.0
435605,1,0,1,0.0
435665,2,2,0,1.0
435945,3,3,0,1.0
435962,3,0,3,0.0
435971,4,3,1,0.75
436051,1,0,1,0.0
436171,1,1,0,1.0
436181,8,7,1,0.875
436232,2,2,0,1.0
436305,2,1,1,0.5
436316,1,1,0,1.0
436345,16,12,4,0.75
436354,1,1,0,1.0
436524,1,1,0,1.0
436527,1,1,0,1.0
436712,8,2,6,0.25
436800,34,29,5,0.8529411764705882
436903,6,4,2,0.6666666666666666
436907,21,20,1,0.9523809523809523
436949,1,1,0,1.0
436952,3,3,0,1.0
436961,1,1,0,1.0
437247,2,2,0,1.0
437256,1,1,0,1.0
437271,1,1,0,1.0
437462,3,2,1,0.6666666666666666
437588,2,2,0,1.0
437638,1,1,0,1.0
437702,2,2,0,1.0
437715,1,1,0,1.0
437720,1,1,0,1.0
437761,1,1,0,1.0
438076,1,1,0,1.0
438215,1,1,0,1.0
438240,1,1,0,1.0
438295,2,0,2,0.0
438299,3,3,0,1.0
438330,7,7,0,1.0
438473,1,1,0,1.0
438520,1,1,0,1.0
438539,2,2,0,1.0
438556,4,0,4,0.0
438617,1,1,0,1.0
438713,1,0,1,0.0
438870,1,1,0,1.0
439002,1,1,0,1.0
439311,9,3,6,0.3333333333333333
439361,1,1,0,1.0
439882,4,3,1,0.75
440216,3,0,3,0.0
440303,1,1,0,1.0
440321,6,0,6,0.0
440412,1,0,1,0.0
440433,1,1,0,1.0
440688,2,2,0,1.0
440767,1,1,0,1.0
440850,15,2,13,0.13333333333333333
440878,6,0,6,0.0
440984,1,1,0,1.0
441028,1,1,0,1.0
441108,9,0,9,0.0
441329,3,0,3,0.0
441342,6,6,0,1.0
441471,1,0,1,0.0
441608,1,1,0,1.0
442010,15,5,10,0.3333333333333333
442031,2,0,2,0.0
442061,2,2,0,1.0
442062,1,0,1,0.0
442134,12,2,10,0.16666666666666666
442365,1,1,0,1.0
442371,12,3,9,0.25
442519,1,1,0,1.0
442585,54,31,23,0.5740740740740741
442646,2,1,1,0.5
442718,1,1,0,1.0
442827,1,1,0,1.0
442912,1,1,0,1.0
443191,1,1,0,1.0
443232,2,0,2,0.0
443432,2,2,0,1.0
443441,3,1,2,0.3333333333333333
443490,1,1,0,1.0
443566,1,1,0,1.0
443571,1,0,1,0.0
443572,11,0,11,0.0
443832,1,0,1,0.0
443861,1,1,0,1.0
443930,6,6,0,1.0
443998,10,5,5,0.5
444246,10,9,1,0.9
444412,6,6,0,1.0
444460,3,0,3,0.0
444495,2,2,0,1.0
444530,18,11,7,0.6111111111111112
444540,6,1,5,0.16666666666666666
444570,1,1,0,1.0
444615,7,0,7,0.0
444618,1,0,1,0.0
444807,12,8,4,0.6666666666666666
444882,39,6,33,0.15384615384615385
444954,1,1,0,1.0
444963,2,2,0,1.0
445049,2,1,1,0.5
445339,13,10,3,0.7692307692307693
445421,4,2,2,0.5
445478,1,1,0,1.0
445564,1,1,0,1.0
445591,7,4,3,0.5714285714285714
445667,1,1,0,1.0
445773,2,2,0,1.0
445873,1,1,0,1.0
445874,1,1,0,1.0
445900,1,1,0,1.0
445933,1,0,1,0.0
445934,1,1,0,1.0
446123,2,2,0,1.0
446159,1,1,0,1.0
446183,1,0,1,0.0
446219,1,1,0,1.0
446335,3,3,0,1.0
446408,1,0,1,0.0
446462,19,19,0,1.0
446668,1,1,0,1.0
446709,1,0,1,0.0
447045,1,1,0,1.0
447165,1,1,0,1.0
447360,14,9,5,0.6428571428571429
447411,14,14,0,1.0
447851,1,1,0,1.0
447858,2,2,0,1.0
447880,1,1,0,1.0
448030,2,2,0,1.0
448079,30,3,27,0.1
448243,1,0,1,0.0
448261,1,1,0,1.0
448437,2,2,0,1.0
448463,2,0,2,0.0
448469,2,2,0,1.0
448840,3,0,3,0.0
448958,3,3,0,1.0
448983,1,1,0,1.0
449209,2,2,0,1.0
449448,3,1,2,0.3333333333333333
449694,1,1,0,1.0
449722,16,16,0,1.0
449801,1,1,0,1.0
449939,1,0,1,0.0
450039,1,0,1,0.0
450131,2,2,0,1.0
450169,3,3,0,1.0
450318,2,2,0,1.0
450494,1,1,0,1.0
450663,7,0,7,0.0
450716,4,0,4,0.0
450827,31,19,12,0.6129032258064516
450878,8,6,2,0.75
450911,1,1,0,1.0
451072,1,1,0,1.0
451097,1,1,0,1.0
451102,2,2,0,1.0
451111,1,1,0,1.0
451218,1,1,0,1.0
451670,1,1,0,1.0
451781,1,1,0,1.0
451945,5,5,0,1.0
451992,1,0,1,0.0
451999,2,0,2,0.0
452028,1,1,0,1.0
452240,1,1,0,1.0
452276,4,4,0,1.0
452605,16,15,1,0.9375
452711,1,0,1,0.0
452731,10,8,2,0.8
453081,3,3,0,1.0
453211,7,3,4,0.42857142857142855
453232,3,3,0,1.0
453316,1,0,1,0.0
453321,2,2,0,1.0
453663,3,3,0,1.0
454055,1,1,0,1.0
454255,1,0,1,0.0
454273,1,1,0,1.0
454365,2,0,2,0.0
454431,1,1,0,1.0
454433,1,0,1,0.0
454641,1,1,0,1.0
454667,1,0,1,0.0
454689,1,1,0,1.0
454824,1,1,0,1.0
454881,13,3,10,0.23076923076923078
454952,1,0,1,0.0
455048,129,129,0,1.0
455167,1,1,0,1.0
455299,80,72,8,0.9
455309,8,8,0,1.0
455359,15,15,0,1.0
455481,1,1,0,1.0
455534,1,0,1,0.0
455569,1,1,0,1.0
455570,7,4,3,0.5714285714285714
455571,1,0,1,0.0
455706,1,1,0,1.0
455846,2,1,1,0.5
455872,1,1,0,1.0
455953,1,1,0,1.0
455961,1,0,1,0.0
455983,2,0,2,0.0
456000,10,9,1,0.9
456034,1,0,1,0.0
456054,2,2,0,1.0
456140,1,1,0,1.0
456221,4,3,1,0.75
456249,2,2,0,1.0
456280,5,5,0,1.0
456303,1,1,0,1.0
456523,13,8,5,0.6153846153846154
456624,1,1,0,1.0
456706,1,0,1,0.0
456727,1,0,1,0.0
456831,4,0,4,0.0
456943,2,2,0,1.0
456950,3,2,1,0.6666666666666666
456952,3,3,0,1.0
457016,4,3,1,0.75
457122,14,13,1,0.9285714285714286
457215,4,0,4,0.0
457256,1,1,0,1.0
457452,2,1,1,0.5
457510,3,1,2,0.3333333333333333
457605,1,1,0,1.0
457637,1,0,1,0.0
457753,34,34,0,1.0
457923,1,1,0,1.0
458121,1,0,1,0.0
458263,1168,660,508,0.565068493150685
458313,1,1,0,1.0
458422,1,1,0,1.0
458469,2,0,2,0.0
458551,83,82,1,0.9879518072289156
458643,1,0,1,0.0
458764,1,1,0,1.0
458823,1,1,0,1.0
458837,1,1,0,1.0
458839,4,4,0,1.0
458908,5,3,2,0.6
459145,1,1,0,1.0
459158,3,2,1,0.6666666666666666
459487,1,1,0,1.0
459574,1,1,0,1.0
459628,1,1,0,1.0
459723,3,0,3,0.0
460205,1,0,1,0.0
460208,1,0,1,0.0
460243,3,0,3,0.0
460253,1,1,0,1.0
460378,1,1,0,1.0
460476,1,1,0,1.0
460660,1,1,0,1.0
460662,6,6,0,1.0
460774,2,2,0,1.0
460781,1,1,0,1.0
460946,3,1,2,0.3333333333333333
461160,5,5,0,1.0
461180,4,4,0,1.0
461185,1,1,0,1.0
461232,3,0,3,0.0
461271,27,8,19,0.2962962962962963
461360,7,6,1,0.8571428571428571
461395,1,1,0,1.0
461798,1,0,1,0.0
461906,2,2,0,1.0
461915,1,0,1,0.0
461997,8,6,2,0.75
462091,2,2,0,1.0
462174,1,1,0,1.0
462190,1,1,0,1.0
462252,1,1,0,1.0
462253,1,1,0,1.0
462262,2,0,2,0.0
462434,5,5,0,1.0
462570,1,1,0,1.0
462669,3,1,2,0.3333333333333333
462942,3,3,0,1.0
462990,3,2,1,0.6666666666666666
463024,1,1,0,1.0
463133,1,0,1,0.0
463198,1,0,1,0.0
463265,1,1,0,1.0
463310,1,0,1,0.0
463319,3,2,1,0.6666666666666666
463428,3,0,3,0.0
463429,51,6,45,0.11764705882352941
463543,2,0,2,0.0
463566,5,0,5,0.0
463616,2,0,2,0.0
463632,1,1,0,1.0
463691,6,2,4,0.3333333333333333
463849,17,0,17,0.0
464037,1,0,1,0.0
464116,2,0,2,0.0
464133,1,1,0,1.0
464248,11,8,3,0.7272727272727273
464287,2,2,0,1.0
464646,4,0,4,0.0
464670,1,1,0,1.0
464678,2,2,0,1.0
464765,12,5,7,0.4166666666666667
464786,30,30,0,1.0
464947,1,0,1,0.0
465069,1,1,0,1.0
465122,1,1,0,1.0
465247,1,0,1,0.0
465249,3,3,0,1.0
465301,1,1,0,1.0
465370,1,0,1,0.0
465559,1,1,0,1.0
465600,51,48,3,0.9411764705882353
465619,2,2,0,1.0
465655,16,16,0,1.0
465822,1,0,1,0.0
465955,1,1,0,1.0
466013,2,1,1,0.5
466032,34,34,0,1.0
466085,1,1,0,1.0
466122,1,1,0,1.0
466164,1,1,0,1.0
466202,3,3,0,1.0
466379,1,1,0,1.0
466396,6,6,0,1.0
466593,54,3,51,0.05555555555555555
466780,7,7,0,1.0
466796,1,1,0,1.0
466935,1,1,0,1.0
466963,8,1,7,0.125
466967,1,1,0,1.0
467178,1,1,0,1.0
467253,16,8,8,0.5
467598,4,1,3,0.25
467651,11,0,11,0.0
467724,8,8,0,1.0
467782,8,8,0,1.0
467867,2,2,0,1.0
467964,5,4,1,0.8
468198,1,0,1,0.0
468379,3,3,0,1.0
468742,1,1,0,1.0
469234,40,28,12,0.7
469341,2,2,0,1.0
469532,117,98,19,0.8376068376068376
469693,1,0,1,0.0
469745,10,6,4,0.6
469899,1,1,0,1.0
469901,1,0,1,0.0
469902,1,1,0,1.0
470192,7,6,1,0.8571428571428571
470609,4,4,0,1.0
470947,17,17,0,1.0
470991,5,0,5,0.0
471014,20,20,0,1.0
471017,1,1,0,1.0
471056,2,0,2,0.0
471113,1,0,1,0.0
471218,1,1,0,1.0
471265,1,1,0,1.0
471327,2,2,0,1.0
471333,1,0,1,0.0
471405,3,3,0,1.0
471437,1,1,0,1.0
471713,1,0,1,0.0
471781,1,1,0,1.0
471892,1,0,1,0.0
472393,5,5,0,1.0
472561,1,1,0,1.0
472784,1,1,0,1.0
472909,2,2,0,1.0
472977,2,0,2,0.0
473091,1,1,0,1.0
473220,5,5,0,1.0
473243,1,1,0,1.0
473462,35,1,34,0.02857142857142857
473463,1,0,1,0.0
473501,1,0,1,0.0
473538,2,2,0,1.0
473722,1,0,1,0.0
473726,1,0,1,0.0
473736,1,1,0,1.0
473755,2,1,1,0.5
473794,3,2,1,0.6666666666666666
473815,1,0,1,0.0
474404,27,24,3,0.8888888888888888
474567,1,0,1,0.0
474576,3,0,3,0.0
474672,43,14,29,0.32558139534883723
474796,3,0,3,0.0
474998,1,0,1,0.0
475012,1,0,1,0.0
475194,4,1,3,0.25
475608,8,3,5,0.375
475737,1,0,1,0.0
475799,16,16,0,1.0
475822,3,3,0,1.0
475871,3,1,2,0.3333333333333333
476169,1,1,0,1.0
476199,1,1,0,1.0
476576,1,1,0,1.0
476585,16,5,11,0.3125
476595,1,1,0,1.0
476615,2,1,1,0.5
476656,1,1,0,1.0
476705,7,2,5,0.2857142857142857
476889,94,16,78,0.1702127659574468
477108,1,0,1,0.0
477153,2,0,2,0.0
477162,7,1,6,0.14285714285714285
477312,2,0,2,0.0
477334,1,1,0,1.0
477359,1,1,0,1.0
477605,1,1,0,1.0
477665,2,2,0,1.0
477677,1,0,1,0.0
477710,1,1,0,1.0
477792,1,1,0,1.0
477929,1,1,0,1.0
478011,2,2,0,1.0
478065,1,1,0,1.0
478267,7,7,0,1.0
478467,1,0,1,0.0
478493,1,0,1,0.0
478533,1,0,1,0.0
478616,5,4,1,0.8
478695,3,0,3,0.0
478734,1,0,1,0.0
478777,1,1,0,1.0
478971,6,6,0,1.0
479020,1,0,1,0.0
479132,1,1,0,1.0
479159,4,3,1,0.75
479376,3,0,3,0.0
479541,2,0,2,0.0
479607,3,3,0,1.0
479611,1,1,0,1.0
479634,1,0,1,0.0
479635,1,1,0,1.0
479646,2,1,1,0.5
479776,16,16,0,1.0
479887,45,14,31,0.3111111111111111
480123,1,0,1,0.0
480664,9,4,5,0.4444444444444444
480751,1,0,1,0.0
480800,2,2,0,1.0
480833,1,0,1,0.0
481100,2,2,0,1.0
481239,2,2,0,1.0
481298,1,1,0,1.0
481394,1,1,0,1.0
481463,1,1,0,1.0
481554,9,6,3,0.6666666666666666
481570,3,0,3,0.0
481718,2,2,0,1.0
481959,1,1,0,1.0
482124,3,2,1,0.6666666666666666
482160,2,2,0,1.0
482525,4,4,0,1.0
482575,1,1,0,1.0
482667,5,0,5,0.0
482892,1,1,0,1.0
482935,1,0,1,0.0
483035,6,6,0,1.0
483054,4,0,4,0.0
483174,1,1,0,1.0
483204,1,1,0,1.0
483219,1,1,0,1.0
483229,1,1,0,1.0
483333,1,1,0,1.0
483549,3,1,2,0.3333333333333333
483593,2,0,2,0.0
483847,7,7,0,1.0
484392,15,0,15,0.0
484429,1,1,0,1.0
484466,2,1,1,0.5
484576,1,0,1,0.0
484614,7,7,0,1.0
484631,1,1,0,1.0
484656,3,1,2,0.3333333333333333
484701,1,1,0,1.0
484896,1,1,0,1.0
484936,9,0,9,0.0
484943,6,0,6,0.0
485209,2,2,0,1.0
485294,1,0,1,0.0
485375,2,1,1,0.5
485522,2,2,0,1.0
485528,1,0,1,0.0
485604,15,14,1,0.9333333333333333
485754,4,1,3,0.25
485858,101,52,49,0.5148514851485149
485981,2,1,1,0.5
486032,1,0,1,0.0
486136,23,3,20,0.13043478260869565
486266,1,1,0,1.0
486438,11,11,0,1.0
486454,5,1,4,0.2
486542,2,0,2,0.0
486634,2,2,0,1.0
486644,1,1,0,1.0
486759,24,9,15,0.375
486773,1,1,0,1.0
486795,1,0,1,0.0
486830,1,1,0,1.0
486898,3,3,0,1.0
486931,15,14,1,0.9333333333333333
486956,3,3,0,1.0
486960,1,1,0,1.0
487020,1,0,1,0.0
487040,1,1,0,1.0
487101,1,0,1,0.0
487176,3,3,0,1.0
487337,2,1,1,0.5
487616,1,1,0,1.0
488083,1,0,1,0.0
488279,1,1,0,1.0
488346,1,1,0,1.0
488382,1,1,0,1.0
488607,1,1,0,1.0
488622,5,4,1,0.8
488660,1,0,1,0.0
488723,1,0,1,0.0
488747,5,5,0,1.0
488970,5,5,0,1.0
489025,1,1,0,1.0
489026,1,1,0,1.0
489104,13,2,11,0.15384615384615385
489322,9,1,8,0.1111111111111111
489380,7,7,0,1.0
489455,1,0,1,0.0
489494,4,4,0,1.0
489562,2,2,0,1.0
489684,10,0,10,0.0
489696,1,0,1,0.0
489746,1,1,0,1.0
489947,2,0,2,0.0
490075,2,2,0,1.0
490141,1,0,1,0.0
490185,1,1,0,1.0
490343,2,0,2,0.0
490594,2,0,2,0.0
490631,1,1,0,1.0
490650,4,4,0,1.0
491044,1,0,1,0.0
491139,1,0,1,0.0
491158,15,4,11,0.26666666666666666
491270,1,1,0,1.0
491505,2,0,2,0.0
491710,3,0,3,0.0
491731,1,0,1,0.0
491753,1,0,1,0.0
491799,2,2,0,1.0
491904,1,0,1,0.0
491962,4,0,4,0.0
492106,1,1,0,1.0
492292,4,4,0,1.0
492449,1,1,0,1.0
492476,9,4,5,0.4444444444444444
492545,2,2,0,1.0
492668,2,2,0,1.0
492676,13,12,1,0.9230769230769231
492774,8,0,8,0.0
492805,3,1,2,0.3333333333333333
492908,23,1,22,0.043478260869565216
493107,29,18,11,0.6206896551724138
493227,2,0,2,0.0
493324,5,4,1,0.8
493358,11,3,8,0.2727272727272727
493452,2,2,0,1.0
493489,6,6,0,1.0
493492,2,2,0,1.0
493637,1,0,1,0.0
493785,1,1,0,1.0
493880,1,0,1,0.0
493993,2,0,2,0.0
494019,15,15,0,1.0
494158,1,1,0,1.0
494194,5,5,0,1.0
494292,1,1,0,1.0
494355,1,0,1,0.0
494362,2,2,0,1.0
494403,2,1,1,0.5
494491,29,1,28,0.034482758620689655
494549,3,1,2,0.3333333333333333
494567,1,1,0,1.0
494672,1,0,1,0.0
494716,1,1,0,1.0
494729,3,2,1,0.6666666666666666
494771,15,14,1,0.9333333333333333
494995,7,1,6,0.14285714285714285
494998,1,0,1,0.0
495038,1,0,1,0.0
495162,7,4,3,0.5714285714285714
495264,2,0,2,0.0
495584,1,1,0,1.0
495681,7,7,0,1.0
495803,1,1,0,1.0
496018,1,1,0,1.0
496079,1,0,1,0.0
496242,1,1,0,1.0
496399,46,46,0,1.0
496416,1,1,0,1.0
496591,1,0,1,0.0
496638,2,2,0,1.0
496887,1,1,0,1.0
496969,1,1,0,1.0
497001,4,3,1,0.75
497025,13,11,2,0.8461538461538461
497074,1,0,1,0.0
497101,1,0,1,0.0
497166,1,1,0,1.0
497255,1,1,0,1.0
497260,1,1,0,1.0
497292,2,2,0,1.0
497296,1,1,0,1.0
497386,2,2,0,1.0
497399,1,0,1,0.0
497409,1,1,0,1.0
497410,1,1,0,1.0
497573,1,1,0,1.0
497714,1,0,1,0.0
497768,25,0,25,0.0
497904,1,1,0,1.0
497970,3,3,0,1.0
498013,4,0,4,0.0
498019,2,2,0,1.0
498263,16,10,6,0.625
498312,4,4,0,1.0
498394,7,5,2,0.7142857142857143
498399,5,0,5,0.0
498426,2,0,2,0.0
498471,3,3,0,1.0
498484,1,1,0,1.0
498535,2,0,2,0.0
498616,1,0,1,0.0
498665,1,1,0,1.0
498686,1,0,1,0.0
498764,1,1,0,1.0
498894,5,5,0,1.0
498985,5,3,2,0.6
499054,2,2,0,1.0
499216,5,4,1,0.8
499262,1,1,0,1.0
499294,1,1,0,1.0
499315,2,2,0,1.0
499365,1,1,0,1.0
499490,3,0,3,0.0
499576,1,1,0,1.0
499622,6,6,0,1.0
499681,3,3,0,1.0
499698,1,1,0,1.0
499787,1,1,0,1.0
499857,2,2,0,1.0
499861,6,6,0,1.0
499869,5,1,4,0.2
499890,1,1,0,1.0
499914,2,1,1,0.5
499930,1,1,0,1.0
499936,8,0,8,0.0
500089,2,2,0,1.0
500214,12,0,12,0.0
500535,2,2,0,1.0
500557,101,42,59,0.4158415841584158
500566,2,2,0,1.0
500667,2,2,0,1.0
500851,6,2,4,0.3333333333333333
500883,6,6,0,1.0
500911,1,1,0,1.0
500979,1,0,1,0.0
500993,1,1,0,1.0
501090,34,0,34,0.0
501141,15,1,14,0.06666666666666667
501202,4,0,4,0.0
501225,8,1,7,0.125
501254,1,1,0,1.0
501274,6,5,1,0.8333333333333334
501454,1,0,1,0.0
501497,10,2,8,0.2
501518,1,1,0,1.0
501533,1,1,0,1.0
501813,10,8,2,0.8
501865,2,0,2,0.0
501906,1,1,0,1.0
501969,6,6,0,1.0
501986,1,1,0,1.0
502051,5,4,1,0.8
502234,27,27,0,1.0
502306,33,33,0,1.0
502391,2,0,2,0.0
502405,1,1,0,1.0
502415,1,0,1,0.0
502529,1,1,0,1.0
502597,2,2,0,1.0
502896,4,1,3,0.25
502928,1,1,0,1.0
502944,11,11,0,1.0
503051,2,2,0,1.0
503074,1,0,1,0.0
503217,2,0,2,0.0
503312,1,0,1,0.0
503346,1,1,0,1.0
503358,1,1,0,1.0
503447,1,0,1,0.0
503661,4,4,0,1.0
503662,1,0,1,0.0
503697,11,10,1,0.9090909090909091
503720,1,1,0,1.0
503797,1,1,0,1.0
503849,4,4,0,1.0
503978,2,0,2,0.0
504057,1,1,0,1.0
504107,1,1,0,1.0
504390,1,0,1,0.0
504426,1,1,0,1.0
504429,2,2,0,1.0
504635,3,3,0,1.0
504787,4,0,4,0.0
504813,1,0,1,0.0
504889,1,1,0,1.0
504900,1,0,1,0.0
505032,1,0,1,0.0
505103,3,3,0,1.0
505193,31,29,2,0.9354838709677419
505222,59,59,0,1.0
505271,3,0,3,0.0
505405,79,24,55,0.3037974683544304
505470,6,6,0,1.0
505518,3,3,0,1.0
505622,2,2,0,1.0
505650,1,1,0,1.0
505766,1,1,0,1.0
505899,2,0,2,0.0
505967,10,10,0,1.0
506016,1,0,1,0.0
506098,1,0,1,0.0
506133,1,1,0,1.0
506182,2,0,2,0.0
506358,1,0,1,0.0
506434,3,0,3,0.0
506496,2,0,2,0.0
506595,4,4,0,1.0
506603,1,1,0,1.0
506610,4,0,4,0.0
506651,2,2,0,1.0
506739,2,0,2,0.0
506778,1,0,1,0.0
506853,2,0,2,0.0
506870,1,0,1,0.0
506896,3,0,3,0.0
506950,22,0,22,0.0
506989,15,2,13,0.13333333333333333
507111,3,3,0,1.0
507145,1,0,1,0.0
507171,2,2,0,1.0
507278,3,2,1,0.6666666666666666
507299,1,1,0,1.0
507324,1,1,0,1.0
507354,3,0,3,0.0
507379,2,0,2,0.0
507406,1,1,0,1.0
507597,3,3,0,1.0
507611,3,0,3,0.0
507694,1,1,0,1.0
507770,4,0,4,0.0
507835,1,0,1,0.0
507954,2,0,2,0.0
508054,2,0,2,0.0
508086,1,1,0,1.0
508125,1,1,0,1.0
508136,1,1,0,1.0
508177,1,1,0,1.0
508360,1,1,0,1.0
508386,3,0,3,0.0
508426,6,3,3,0.5
508488,1,1,0,1.0
508640,2,2,0,1.0
508738,1,0,1,0.0
508780,12,12,0,1.0
508861,4,0,4,0.0
508988,7,4,3,0.5714285714285714
509109,2,2,0,1.0
509251,2,2,0,1.0
509346,1,1,0,1.0
509529,71,71,0,1.0
509547,19,10,9,0.5263157894736842
509578,2,2,0,1.0
509614,8,0,8,0.0
509670,3,3,0,1.0
509678,1,1,0,1.0
509758,1,1,0,1.0
509839,17,17,0,1.0
509912,1,0,1,0.0
509941,2,0,2,0.0
509943,12,11,1,0.9166666666666666
510308,2,2,0,1.0
510404,1,0,1,0.0
510480,7,3,4,0.42857142857142855
510526,2,2,0,1.0
510558,3,1,2,0.3333333333333333
510596,2,2,0,1.0
510644,1,1,0,1.0
510654,2,0,2,0.0
510694,8,2,6,0.25
510781,2,2,0,1.0
510797,5,5,0,1.0
510896,2,0,2,0.0
510985,9,8,1,0.8888888888888888
510999,7,7,0,1.0
511088,1,1,0,1.0
511141,1,1,0,1.0
511193,5,5,0,1.0
511281,1,1,0,1.0
511328,4,0,4,0.0
511360,17,17,0,1.0
511373,1,0,1,0.0
511484,4,4,0,1.0
511507,1,1,0,1.0
511549,14,14,0,1.0
511649,1,1,0,1.0
511660,24,4,20,0.16666666666666666
511698,1,1,0,1.0
511737,4,4,0,1.0
511821,27,14,13,0.5185185185185185
511861,103,103,0,1.0
511926,10,1,9,0.1
511953,1,1,0,1.0
511999,3,0,3,0.0
512000,1,1,0,1.0
512061,40,7,33,0.175
512066,1,1,0,1.0
512070,5,0,5,0.0
512153,108,97,11,0.8981481481481481
512165,3,0,3,0.0
512386,2,2,0,1.0
512426,1,0,1,0.0
512492,3,3,0,1.0
512512,1,1,0,1.0
512561,7,6,1,0.8571428571428571
512587,1,1,0,1.0
512589,1,1,0,1.0
512604,1,1,0,1.0
512749,1,1,0,1.0
512751,1,1,0,1.0
512814,2,2,0,1.0
512867,2,0,2,0.0
513015,2,2,0,1.0
513017,1,1,0,1.0
513090,4,1,3,0.25
513124,1,1,0,1.0
513218,27,3,24,0.1111111111111111
513367,6,4,2,0.6666666666666666
513391,1,1,0,1.0
513495,1,0,1,0.0
513662,1,1,0,1.0
513663,154,64,90,0.4155844155844156
513684,16,6,10,0.375
513833,1,0,1,0.0
513856,2,2,0,1.0
514028,1,0,1,0.0
514085,2,2,0,1.0
514101,5,5,0,1.0
514115,14,14,0,1.0
514277,5,2,3,0.4
514358,1,1,0,1.0
514390,3,3,0,1.0
514443,2,2,0,1.0
514459,4,0,4,0.0
514534,2,0,2,0.0
514602,1,1,0,1.0
514640,22,18,4,0.8181818181818182
514704,1,1,0,1.0
514737,1,1,0,1.0
514754,1,1,0,1.0
514864,1,1,0,1.0
515009,5,2,3,0.4
515024,3,3,0,1.0
515185,3,1,2,0.3333333333333333
515378,4,4,0,1.0
515450,2,1,1,0.5
515517,266,260,6,0.9774436090225563
515580,1,1,0,1.0
515784,1,1,0,1.0
515955,3,3,0,1.0
516088,1,1,0,1.0
516237,1,1,0,1.0
516293,3,3,0,1.0
516374,3,3,0,1.0
516453,2,0,2,0.0
516603,2,1,1,0.5
516680,6,3,3,0.5
516685,1,1,0,1.0
516734,4,4,0,1.0
516773,2,0,2,0.0
516793,4,3,1,0.75
516811,3,1,2,0.3333333333333333
516822,10,3,7,0.3
516968,1,1,0,1.0
517052,1,1,0,1.0
517289,502,426,76,0.848605577689243
517354,2,2,0,1.0
517459,1,1,0,1.0
517487,1,1,0,1.0
517515,9,8,1,0.8888888888888888
517596,4,4,0,1.0
517846,5,5,0,1.0
517928,2,0,2,0.0
517978,12,0,12,0.0
518064,2,2,0,1.0
518078,1,1,0,1.0
518141,1,1,0,1.0
518247,3,3,0,1.0
518271,1,1,0,1.0
518275,1,1,0,1.0
518361,1,0,1,0.0
518405,29,10,19,0.3448275862068966
518421,1,1,0,1.0
518442,1,0,1,0.0
518455,2,0,2,0.0
518459,4,1,3,0.25
518475,1,1,0,1.0
518508,1,0,1,0.0
518512,2,1,1,0.5
518653,5,5,0,1.0
518678,1,1,0,1.0
518682,5,5,0,1.0
518708,2,1,1,0.5
518764,5,0,5,0.0
518864,1,1,0,1.0
518993,1,1,0,1.0
519154,1,1,0,1.0
519283,1,1,0,1.0
519324,30,14,16,0.4666666666666667
519383,1,1,0,1.0
519442,1,0,1,0.0
519564,2,2,0,1.0
519569,2,2,0,1.0
519608,18,12,6,0.6666666666666666
519611,7,7,0,1.0
519830,7,5,2,0.7142857142857143
519860,1,0,1,0.0
519931,2,2,0,1.0
519957,13,8,5,0.6153846153846154
519991,1,1,0,1.0
520151,14,3,11,0.21428571428571427
520221,1,0,1,0.0
520236,1,1,0,1.0
520353,11,7,4,0.6363636363636364
520420,2,2,0,1.0
520451,1,1,0,1.0
520484,1,1,0,1.0
520495,6,0,6,0.0
520643,1,1,0,1.0
520803,1,1,0,1.0
520882,2,0,2,0.0
520927,7,0,7,0.0
520964,3,0,3,0.0
521156,1,1,0,1.0
521204,30,12,18,0.4
521225,3,3,0,1.0
521228,1,1,0,1.0
521279,1,0,1,0.0
521285,1,0,1,0.0
521362,4,0,4,0.0
521394,2,2,0,1.0
521451,1,1,0,1.0
521481,4,1,3,0.25
521528,2,0,2,0.0
521683,2,2,0,1.0
521685,1,1,0,1.0
521941,1,0,1,0.0
522005,1,1,0,1.0
522062,1,1,0,1.0
522139,2,2,0,1.0
522209,16,13,3,0.8125
522245,1,1,0,1.0
522254,1,1,0,1.0
522281,2,2,0,1.0
522463,19,19,0,1.0
522471,5,5,0,1.0
522493,2,0,2,0.0
522618,1,1,0,1.0
522729,1,1,0,1.0
522812,1,0,1,0.0
522831,1,1,0,1.0
522832,2,0,2,0.0
522865,1,1,0,1.0
523127,1,0,1,0.0
523177,2,2,0,1.0
523371,1,1,0,1.0
523456,2,2,0,1.0
523711,1,1,0,1.0
523744,2,0,2,0.0
523906,1,0,1,0.0
524154,19,19,0,1.0
524161,3,0,3,0.0
524440,1,1,0,1.0
524698,7,7,0,1.0
524729,1,0,1,0.0
524878,2,2,0,1.0
525044,1,1,0,1.0
525066,5,5,0,1.0
525138,1,1,0,1.0
525286,105,73,32,0.6952380952380952
525311,1,1,0,1.0
525329,13,9,4,0.6923076923076923
525504,1,1,0,1.0
525549,1,1,0,1.0
525552,1,0,1,0.0
525648,3,0,3,0.0
525945,7,6,1,0.8571428571428571
526066,10,1,9,0.1
526122,3,0,3,0.0
526234,3,2,1,0.6666666666666666
