EID,WSPROCOUNT,BSPROCOUNT,PROCOUNT
5,,22,22
168,1,,1
252,,2,2
319,,1,1
353,,3,3
439,,3,3
535,1,,1
541,1,1,2
559,,1,1
722,,2,2
1041,,1,1
1052,,1,1
1104,,1,1
1572,,1,1
1653,7,,7
1692,1,,1
1778,2,5,7
1914,,1,1
1964,,2,2
2065,,2,2
2082,1,,1
2090,,2,2
2205,,1,1
2333,,1,1
2403,5,,5
2452,,2,2
2455,,1,1
2491,1,,1
2707,,5,5
2797,,2,2
2806,1,,1
2944,,1,1
2957,1,,1
3220,,1,1
3273,1,,1
3300,1,,1
3524,1,,1
3649,,1,1
3711,,1,1
3743,1,,1
3875,3,,3
3919,,1,1
4224,,1,1
4253,1,,1
4308,,1,1
4458,1,,1
4510,4,4,8
4583,6,2,8
4595,3,,3
4644,,1,1
4802,,1,1
4877,,1,1
5289,10,,10
5534,,1,1
5666,1,11,12
5697,2,,2
5717,,3,3
5785,2,,2
5836,,1,1
5965,,1,1
5977,,2,2
5986,1,10,11
6076,2,,2
6100,2,8,10
6357,,1,1
6397,3,,3
6591,1,,1
6758,1,,1
6824,1,,1
7078,,1,1
7236,,8,8
7602,4,4,8
7617,,1,1
7648,6,1,7
7708,,4,4
7805,5,,5
7905,4,,4
7965,1,,1
8025,,1,1
8158,,1,1
8287,,1,1
8323,1,,1
8471,,1,1
8721,1,,1
8755,,4,4
8768,12,5,17
8793,,1,1
8860,,1,1
8883,,1,1
8909,,1,1
8983,,3,3
9006,2,2,4
9155,1,,1
9176,1,,1
9358,1,,1
9366,,1,1
9751,,1,1
9988,12,5,17
10126,1,2,3
10208,,1,1
10253,,2,2
10275,10,10,20
10367,,1,1
10399,,1,1
10485,1,,1
10567,,1,1
10663,1,,1
10828,,24,24
11055,,1,1
11119,1,,1
11285,2,,2
11317,1,,1
11396,,16,16
11693,,2,2
11848,1,,1
11860,3,,3
11897,1,15,16
12072,,1,1
12089,,11,11
12127,,2,2
12168,1,,1
12322,,2,2
12335,,2,2
12563,7,,7
12665,9,2,11
12763,1,,1
12824,1,,1
12928,1,,1
12941,1,,1
12946,3,,3
13017,,2,2
13120,2,1,3
13125,,1,1
13130,,2,2
13153,,1,1
13428,,1,1
13452,2,,2
13478,,1,1
13505,,1,1
13537,,1,1
13600,,1,1
13905,,3,3
13922,,1,1
14040,,1,1
14134,,1,1
14174,1,,1
14175,,1,1
14317,2,,2
14321,,1,1
14439,,1,1
14460,,5,5
14474,,1,1
14932,15,,15
14996,1,,1
15049,,22,22
15101,,1,1
15360,,2,2
15513,,30,30
15750,3,,3
15757,,1,1
15778,1,,1
15833,,8,8
16156,,1,1
16453,,2,2
16706,,1,1
16740,,1,1
16876,6,,6
16893,,1,1
17085,,3,3
17197,,1,1
17515,4,11,15
17607,,1,1
17837,,1,1
17846,,12,12
17854,,1,1
17922,,1,1
17985,,1,1
18017,,1,1
18021,30,10,40
18067,2,1,3
18078,258,292,550
18105,1,,1
18124,,2,2
18379,5,2,7
18480,20,,20
18534,3,,3
18656,2,,2
18707,3,1,4
18739,1,,1
18834,4,1,5
19103,,1,1
19235,,1,1
19238,,5,5
19347,,1,1
19397,1,,1
19549,,1,1
19661,,2,2
19673,,5,5
19855,,2,2
19868,4,8,12
19874,,5,5
19948,,1,1
19957,,1,1
19978,,2,2
20067,,2,2
20146,38,12,50
20211,5,,5
20226,1,5,6
20232,,2,2
20233,,2,2
20296,1,,1
20339,4,1,5
20400,90,53,143
20609,,1,1
20689,,1,1
20731,,2,2
20807,2,2,4
20818,1,,1
20866,3,3,6
20938,1,,1
20980,,1,1
21035,,1,1
21067,,1,1
21200,,1,1
21240,1,,1
21271,,1,1
21743,,1,1
21851,,1,1
21961,,1,1
21967,1,,1
22048,,1,1
22055,,1,1
22136,,1,1
22250,,1,1
22517,1,1,2
22593,,2,2
22683,,2,2
22720,3,,3
22835,1,1,2
22866,1,,1
22898,3,,3
22931,12,12,24
23221,,2,2
23582,,3,3
23811,2,,2
23880,,1,1
23892,,3,3
24063,,1,1
24103,6,,6
24210,,3,3
24321,,1,1
24365,1,,1
24691,,5,5
24711,8,,8
24754,4,9,13
24810,,1,1
24978,1,,1
25070,1,,1
25084,,6,6
25143,,3,3
25337,1,2,3
25454,1,,1
25463,,5,5
25693,1,,1
25854,,2,2
26083,,5,5
26189,,10,10
26192,1,,1
26224,1,,1
26268,2,8,10
26348,1,2,3
26427,1,1,2
26429,,2,2
26565,,1,1
26737,,1,1
26771,,1,1
26796,,2,2
26821,,6,6
27011,,1,1
27023,,1,1
27235,1,2,3
27413,,1,1
27467,3,,3
27497,5,,5
27560,,1,1
27562,1,2,3
27828,1,1,2
27945,,3,3
28059,2,22,24
28165,,1,1
28242,,2,2
28280,11,1,12
28310,2,,2
28348,,1,1
28352,,1,1
28368,1,1,2
28392,,1,1
28610,1,,1
28618,1,,1
28681,,3,3
28819,,1,1
28893,5,1,6
28929,,4,4
28939,,1,1
29041,,2,2
29093,3,111,114
29151,,4,4
29177,,6,6
29361,38,60,98
29399,14,5,19
29416,,4,4
29512,1,,1
29642,,1,1
29665,5,12,17
29668,,3,3
29700,,2,2
29731,1,,1
29810,,1,1
29832,,2,2
29895,,2,2
29915,,1,1
30117,,1,1
30283,,1,1
30365,,7,7
30470,25,57,82
30785,1,,1
30953,,1,1
30959,,1,1
31040,2,1,3
31241,,2,2
31541,,1,1
31979,,1,1
32159,15,,15
32180,,2,2
32186,2,,2
32422,,3,3
32476,,3,3
32496,,1,1
32512,,5,5
32713,,1,1
32722,14,18,32
32732,4,4,8
32826,1,1,2
32929,,2,2
33306,,1,1
33334,1,,1
33424,,3,3
33577,2,,2
33635,,1,1
33787,1,,1
33873,14,3,17
33882,3,,3
34070,4,,4
34083,,8,8
34175,5,3,8
34204,,1,1
34316,,1,1
34319,,1,1
34414,1,,1
34664,1,,1
34749,,2,2
34855,2,,2
34857,,1,1
34895,,9,9
35098,1,,1
35186,,3,3
35235,,3,3
35990,6,15,21
36539,4,,4
36546,2,,2
36814,6,6,12
36972,7,1,8
36997,,1,1
37033,,1,1
37246,,1,1
37295,8,14,22
37298,,1,1
37687,2,,2
37803,1,2,3
37804,,11,11
37843,1,,1
37963,,1,1
37971,,1,1
38037,,1,1
38043,,1,1
38063,1,,1
38087,3,6,9
38160,,1,1
38273,2,25,27
38341,,1,1
38447,18,6,24
38611,,9,9
38724,2,,2
39001,,1,1
39061,,2,2
39228,18,21,39
39238,1,,1
39308,28,102,130
39372,,1,1
39458,,2,2
39489,,1,1
39520,,75,75
39598,,1,1
39623,1,,1
39771,2,,2
39863,,1,1
39870,2,,2
39896,1,,1
39928,1,,1
39992,3,,3
40121,,1,1
40324,,1,1
40381,,1,1
40433,4,,4
40477,3,,3
40496,2,,2
40524,,1,1
40560,,1,1
40682,,1,1
41021,2,,2
41209,2,,2
41220,,5,5
41328,5,,5
41415,,1,1
41451,,3,3
41580,,1,1
41820,1,,1
41869,,1,1
41893,62,,62
42045,,1,1
42089,1,,1
42336,1,2,3
42369,1,,1
42577,,81,81
42634,,1,1
43114,,1,1
43139,1,,1
43162,1,,1
43217,,1,1
43517,1,2,3
43623,1,,1
43632,,2,2
43659,,3,3
43666,,1,1
44016,1,2,3
44259,,1,1
44397,,5,5
44425,,1,1
44435,,1,1
44472,1,2,3
44595,4,,4
44836,,1,1
45016,2,,2
45148,,1,1
45211,1,,1
45257,,1,1
45351,6,13,19
45407,,1,1
45426,2,,2
45594,1,,1
45901,,7,7
45964,2,,2
45992,,1,1
46071,20,5,25
46097,1,2,3
46257,,2,2
46262,13,3,16
46288,,2,2
46303,2,,2
46304,4,,4
46317,2,1,3
46430,,1,1
46592,,7,7
46674,,3,3
46709,,4,4
46775,,3,3
46901,1,,1
47115,1,,1
47175,,2,2
47226,,1,1
47246,,7,7
47471,1,12,13
47505,1,,1
47575,,2,2
47603,1,,1
47714,,3,3
47769,,1,1
47981,,1,1
48010,,1,1
48037,,1,1
48039,2,,2
48333,1,2,3
48421,,2,2
48475,,1,1
48587,,1,1
48624,,1,1
48744,2,,2
48782,,1,1
49118,,1,1
49223,,1,1
49540,,1,1
49551,1,1,2
49715,,1,1
49887,,1,1
49924,,2,2
49976,27,82,109
49995,,2,2
50070,,4,4
50257,,1,1
50267,,3,3
50334,,1,1
50362,1,1,2
50820,,1,1
50879,,1,1
50896,,1,1
50920,2,1,3
50945,,10,10
51008,,3,3
51130,,1,1
51181,,1,1
51194,,5,5
51399,,1,1
51415,2,,2
51445,,1,1
51467,,3,3
51521,,3,3
51588,9,12,21
51605,13,,13
51888,1,,1
51943,,1,1
52038,,3,3
52059,1,,1
52146,2,,2
52190,1,5,6
52339,,1,1
52447,,2,2
52473,1,2,3
52536,4,,4
52580,1,1,2
52613,1,2,3
52665,6,1,7
52703,,1,1
52717,1,,1
52833,,1,1
52938,,1,1
52943,,1,1
53033,,1,1
53036,,2,2
53370,,4,4
53464,,3,3
53820,,2,2
53850,,6,6
54012,,1,1
54063,1,1,2
54136,1,,1
54170,1,,1
54258,,29,29
54260,,1,1
54363,1,,1
54404,,2,2
54465,5,3,8
54669,1,,1
54731,33,26,59
54957,,1,1
55161,,2,2
55162,,2,2
55189,,2,2
55190,,1,1
55345,,2,2
55418,1,8,9
55428,4,,4
55488,,2,2
55553,,1,1
55705,1,,1
55839,,5,5
55934,1,,1
56017,,1,1
56202,3,5,8
56232,1,,1
56642,,3,3
56656,,1,1
56744,,1,1
56863,5,2,7
56877,,1,1
56951,1,19,20
57125,,1,1
57218,,2,2
57258,,1,1
57292,,1,1
57305,1,1,2
57366,,2,2
57660,1,,1
57669,1,,1
57771,,4,4
57930,1,,1
57942,3,1,4
57968,1,1,2
58020,,1,1
58195,,1,1
58299,,1,1
58324,,1,1
58352,,2,2
58367,1,1,2
58382,1,,1
58465,,1,1
58869,,6,6
58892,1,,1
58994,4,,4
58998,,1,1
59047,,1,1
59130,2,,2
59466,,3,3
59504,,1,1
59536,,1,1
60070,1,6,7
60126,,4,4
60302,1,21,22
60324,,1,1
60466,1,,1
60588,,1,1
60599,,1,1
60623,,1,1
60646,,1,1
60662,,24,24
60831,1,15,16
60930,,1,1
61024,1,,1
61090,,1,1
61225,,1,1
61268,3,,3
61368,,1,1
61408,2,,2
61417,,1,1
61420,,1,1
61463,4,1,5
61595,6,,6
61746,1,1,2
61747,,3,3
61807,,1,1
61820,1,,1
61990,,2,2
62010,1,,1
62047,,1,1
62109,1,,1
62192,2,2,4
62418,2,,2
62431,,1,1
62452,2,,2
62508,,2,2
62708,1,,1
62805,1,,1
62836,,2,2
62847,,2,2
62889,11,1,12
62999,1,,1
63172,1,,1
63197,1,,1
63270,5,6,11
63465,,1,1
63540,2,,2
63849,1,,1
63874,2,,2
63889,,4,4
63961,112,2,114
64001,,1,1
64031,1,,1
64061,,1,1
64191,60,8,68
64262,1,1,2
64305,1,,1
64370,1,,1
64452,,13,13
64466,,1,1
64525,,2,2
64609,,1,1
64866,,1,1
64981,,1,1
65035,,1,1
65070,1,,1
65104,,4,4
65279,5,16,21
65354,,1,1
65510,,1,1
65610,1,8,9
65679,1,,1
65707,19,13,32
65743,,2,2
65753,,13,13
65770,9,,9
65803,,1,1
66055,1,,1
66325,,1,1
66439,,1,1
66742,,1,1
66856,1,,1
66982,1,1,2
67145,1,,1
67182,,1,1
67186,,1,1
67273,2,,2
67388,,4,4
67434,7,5,12
67517,1,1,2
67738,1,,1
67824,,1,1
67825,,1,1
67855,,11,11
67931,2,3,5
68066,,1,1
68095,1,2,3
68124,1,,1
68128,1,,1
68148,2,3,5
68240,,6,6
68423,,3,3
68678,,1,1
68937,,1,1
68958,,1,1
69088,,4,4
69101,3,,3
69253,,1,1
69279,,1,1
69287,,1,1
69498,,23,23
69681,,1,1
69722,,6,6
69739,,37,37
69896,,2,2
69994,,2,2
69996,,1,1
70074,,5,5
70081,3,4,7
70100,6,3,9
70200,5,,5
70238,,1,1
70592,1,1,2
70601,,1,1
70683,1,,1
71140,,9,9
71253,,3,3
71306,,25,25
71374,32,15,47
71418,,1,1
71428,47,2,49
71450,,1,1
71561,1,2,3
71595,,2,2
71708,1,,1
71904,2,,2
71928,2,,2
72035,,1,1
72057,1,,1
72122,5,5,10
72162,11,3,14
72247,,5,5
72373,1,,1
72416,1,,1
72517,,3,3
72575,1,,1
72678,1,,1
72724,,1,1
72773,,2,2
72811,,2,2
72878,,6,6
72941,19,2,21
73054,,1,1
73202,1,,1
73260,3,1,4
73492,2,,2
73529,4,1,5
73651,,3,3
73692,,5,5
73808,1,1,2
73946,,1,1
73947,1,,1
73963,3,,3
74275,,6,6
74420,10,,10
74525,2,,2
74547,3,,3
74582,1,,1
74686,1,,1
74910,,2,2
74990,,1,1
75011,1,,1
75185,,6,6
75271,,6,6
75474,1,,1
75718,2,,2
75787,23,10,33
75798,,1,1
75801,1,1,2
75843,,1,1
75870,,3,3
76022,,1,1
76192,5,,5
76224,,5,5
76227,20,26,46
76241,3,,3
76342,,2,2
76361,,2,2
76510,2,,2
76570,2,,2
76684,,3,3
76706,1,74,75
76840,1,1,2
76865,,1,1
77224,10,6,16
77285,1,,1
77364,4,,4
77512,3,,3
77678,,1,1
77836,,3,3
77845,5,2,7
77987,,2,2
78069,,1,1
78081,1,,1
78128,1,,1
78180,1,,1
78347,,9,9
78515,,6,6
78537,,2,2
78996,,2,2
79181,,1,1
79247,2,4,6
79493,,3,3
79697,2,1,3
79734,14,2,16
79761,11,3,14
79786,2,6,8
79947,,1,1
80020,3,,3
80031,2,1,3
80053,2,1,3
80107,,2,2
80117,,1,1
80230,,2,2
80373,,7,7
80622,,1,1
80692,1,,1
80758,,1,1
80896,1,,1
80951,2,2,4
81458,1,,1
81513,,1,1
81570,1,,1
81590,,1,1
81705,2,7,9
81721,3,,3
81786,,1,1
81793,,2,2
82270,,7,7
82338,6,2,8
82428,1,4,5
82586,5,2,7
82745,,1,1
82799,,1,1
82815,,1,1
82859,37,4,41
83020,,26,26
83133,1,,1
83227,,6,6
83384,4,1,5
83692,,36,36
84216,,3,3
84253,,1,1
84506,1,,1
84532,,1,1
84560,,14,14
84620,,1,1
84665,,1,1
84683,,1,1
84725,1,,1
84815,1,,1
85105,12,6,18
85259,,2,2
85383,,1,1
85394,,1,1
85439,,3,3
85688,,17,17
86065,1,,1
86161,5,1,6
86239,,1,1
86261,,1,1
86362,1,,1
86473,,1,1
86482,,8,8
86488,,1,1
86585,1,,1
86625,,3,3
87009,1,18,19
87033,,2,2
87162,2,,2
87169,,1,1
87283,,2,2
87627,,5,5
87743,,1,1
87957,,1,1
87974,2,,2
88082,1,,1
88188,1,,1
88217,,1,1
88441,,1,1
88452,,70,70
88481,2,,2
88487,,2,2
88574,2,,2
88881,,1,1
89055,1,,1
89065,,1,1
89067,,1,1
89087,,1,1
89236,1,,1
89641,,1,1
89820,,4,4
89848,5,37,42
89956,1,8,9
89967,,4,4
90105,,1,1
90155,,1,1
90221,,2,2
90266,,1,1
90395,1,,1
90518,,1,1
90668,,4,4
90699,1,2,3
90762,3,3,6
90817,,3,3
90913,,2,2
90979,,1,1
91349,1,,1
91479,1,,1
91640,10,1,11
91641,,2,2
91732,,9,9
91806,3,5,8
91858,,2,2
91915,,1,1
92208,5,2,7
92306,,1,1
92527,,1,1
92579,,1,1
92865,,1,1
92896,,1,1
92988,1,2,3
93138,,1,1
93150,,1,1
93232,1,4,5
93314,3,5,8
93594,,2,2
93685,,1,1
93761,,3,3
93854,,1,1
93921,2,1,3
93954,,1,1
94213,,1,1
94262,,3,3
94463,1,,1
94512,3,1,4
94693,,1,1
94753,,1,1
94758,1,1,2
94899,1,,1
94966,,1,1
95101,1,444,445
95184,,4,4
95373,,5,5
95446,,1,1
95493,,1,1
95587,1,6,7
95652,,1,1
96004,1,,1
96247,,1,1
96327,,1,1
96714,,5,5
96775,,1,1
96812,,1,1
96864,1,,1
97028,2,,2
97117,4,2,6
97480,,4,4
97546,4,19,23
97586,,1,1
97660,,42,42
97664,3,,3
97780,1,,1
97788,,7,7
97851,,3,3
97857,,1,1
98034,1,,1
98359,9,,9
98372,,2,2
98506,,1,1
98508,1,,1
98597,1,,1
98847,,1,1
98950,,2,2
99075,,2,2
99271,,1,1
99295,,1,1
99436,,1,1
99461,,1,1
99624,7,27,34
99875,6,,6
99945,1,,1
99957,1,,1
100114,8,8,16
100215,,2,2
100226,1,,1
100616,,15,15
100660,1,,1
100891,,3,3
101224,2,,2
101279,,1,1
101411,,1,1
101458,,10,10
101464,,1,1
101516,1,,1
101605,,3,3
101811,,1,1
102076,,17,17
102353,12,2,14
102532,2,,2
102623,,1,1
102629,,1,1
102770,,1,1
102881,1,,1
102922,,1,1
103060,1,,1
103071,,2,2
103700,,2,2
103920,2,,2
104112,33,3,36
104135,,1,1
104211,,3,3
104267,,1,1
104301,2,,2
104538,,1,1
104701,12,,12
104830,1,,1
104935,,5,5
105072,,6,6
105252,1,,1
105383,36,31,67
105757,,2,2
105779,2,,2
105829,,1,1
105866,,1,1
105893,,25,25
105998,2,,2
106237,2,,2
106374,,1,1
106436,,3,3
106440,7,6,13
106545,1,,1
106878,3,1,4
107193,,3,3
107486,,5,5
107580,2,,2
107604,,1,1
107978,,4,4
108172,,1,1
108214,3,,3
108335,3,5,8
108525,3,,3
108544,,1,1
108720,,11,11
108756,,1,1
109137,,1,1
109164,3,,3
109256,1,,1
109291,14,14,28
109350,,1,1
109610,,1,1
109716,3,,3
109834,1,,1
109862,4,2,6
109924,2,,2
110059,,1,1
110308,2,,2
110425,1,,1
110544,20,,20
110601,,8,8
110638,,1,1
110696,,3,3
110772,54,29,83
110835,,1,1
110863,,1,1
111064,2,31,33
111303,1,,1
111344,,1,1
111374,6,23,29
111625,1,31,32
111758,1,,1
111848,,1,1
111885,,3,3
112039,2,,2
112042,,2,2
112136,1,,1
112182,2,,2
112204,,2,2
112292,,1,1
112430,2,2,4
112439,1,3,4
112562,1,,1
112615,,5,5
112632,,1,1
112679,,1,1
112948,,3,3
112986,,2,2
112992,5,4,9
113017,2,,2
113088,,2,2
113188,,1,1
113301,,1,1
113482,1,,1
113526,4,,4
113542,,11,11
113569,,1,1
113592,,1,1
113635,7,,7
113888,,3,3
113917,,1,1
113952,,1,1
114133,,1,1
114213,4,18,22
114382,,1,1
114462,,1,1
114500,,1,1
114580,,1,1
114593,2,,2
114662,3,1,4
114779,,1,1
114797,15,1,16
114802,,7,7
114911,,1,1
114972,,1,1
115004,,2,2
115495,1,,1
115646,2,,2
115662,,2,2
115989,,1,1
116552,1,,1
116784,1,,1
116797,8,,8
116819,,1,1
116926,2,,2
116965,,1,1
117059,1,4,5
117062,,1,1
117250,3,,3
117374,1,2,3
117505,,1,1
117631,,1,1
117675,,1,1
117737,1,,1
117898,7,,7
117903,1,,1
117929,,1,1
117966,,1,1
117978,1,,1
117999,1,,1
118001,,1,1
118136,1,,1
118262,,1,1
118315,1,,1
118781,2,1,3
118830,,1,1
118854,2,,2
118863,4,1,5
118959,1,42,43
118999,,6,6
119033,,1,1
119131,,1,1
119172,3,66,69
119285,,2,2
119367,,4,4
119704,,2,2
119739,,1,1
119869,6,8,14
119891,,2,2
120025,,1,1
120075,,1,1
120195,,1,1
120268,,1,1
120344,,1,1
120449,,1,1
120486,1,,1
120764,,2,2
120848,,4,4
121004,,1,1
121100,1,,1
121301,,3,3
121309,,2,2
121387,2,,2
121706,,2,2
121815,,1,1
121831,7,16,23
121846,10,,10
121866,12,3,15
121957,,1,1
122031,1,,1
122075,,2,2
122387,100,15,115
122399,,6,6
122481,,1,1
122532,2,,2
122698,,16,16
122731,1,18,19
122876,31,7,38
122976,,2,2
122983,,2,2
123075,3,324,327
123440,,1,1
123490,1,,1
123501,,1,1
123699,2,1,3
123724,,1,1
123786,,13,13
123794,,4,4
123811,30,4,34
124069,,63,63
124111,1,,1
124130,,1,1
124135,,1,1
124239,1,7,8
124351,5,,5
124466,1,,1
124670,,16,16
124800,,1,1
125027,,1,1
125059,,3,3
125102,1,,1
125129,1,,1
125158,,1,1
125170,,1,1
125224,1,,1
125243,,3,3
125285,16,2,18
125511,,31,31
125528,1,,1
125829,1,1,2
126034,,73,73
126120,,1,1
126236,,5,5
126308,3,,3
126328,1,,1
126357,,1,1
126427,,1,1
126619,1,,1
126707,,1,1
126847,,5,5
127001,,2,2
127085,,8,8
127106,,1,1
127157,,1,1
127235,1,,1
127308,,11,11
127380,,10,10
127523,4,,4
127695,,1,1
127739,11,10,21
127959,2,1,3
128314,23,5,28
128363,7,,7
128383,,1,1
128488,8,3,11
128556,1,,1
128704,,3,3
128712,,1,1
128869,2,,2
128953,,1,1
129042,3,,3
129199,1,,1
129308,,1,1
129311,2,1,3
129356,3,,3
129369,,1,1
129393,4,2,6
129673,,1,1
129688,1,,1
129778,,1,1
129812,3,,3
129961,,5,5
129979,,1,1
130130,2,,2
130160,5,,5
130260,,1,1
130356,1,,1
130488,1,7,8
130616,2,1,3
130653,,1,1
130889,,2,2
130896,1,,1
130906,,2,2
130989,1,,1
131168,48,14,62
131286,,2,2
131372,1,44,45
131421,3,,3
131449,2,,2
131465,1,,1
131576,,5,5
131588,,1,1
131669,3,,3
131779,,1,1
132012,,1,1
132126,,1,1
132145,1,,1
132157,1,4,5
132252,1,,1
132411,,1,1
132658,269,91,360
133014,,1,1
133059,,1,1
133152,2,7,9
133155,1,1,2
133176,,1,1
133195,,1,1
133333,6,,6
133382,,1,1
133483,,1,1
133662,1,,1
133709,,17,17
133906,,1,1
134085,1,9,10
134102,4,,4
134199,,1,1
134298,,1,1
134442,2,,2
134659,,1,1
134737,,1,1
134766,10,,10
134853,2,,2
134857,8,,8
134947,,5,5
135008,1,,1
135105,2,,2
135125,,3,3
135170,,1,1
135338,27,64,91
135365,,1,1
135378,,1,1
135490,,3,3
135869,1,2,3
135879,,1,1
136117,,1,1
136186,,2,2
136188,,1,1
136236,1,,1
136248,2,,2
136259,2,,2
136319,,1,1
136670,,1,1
136798,3,,3
136813,,2,2
136954,1,,1
137150,,3,3
137194,,8,8
137250,,2,2
137359,3,2,5
137395,,1,1
137546,,3,3
137603,48,109,157
137701,,1,1
137728,,1,1
137805,1,1,2
137960,2,,2
138061,1,,1
138368,,3,3
138389,,2,2
138509,,5,5
138598,1,,1
138638,3,2,5
138844,,8,8
138901,,1,1
139008,2,,2
139031,1,38,39
139275,4,1,5
139326,,4,4
139382,,1,1
139458,3,1,4
139500,,2,2
139596,5,1,6
139678,,4,4
139735,,2,2
140086,,3,3
140190,,2,2
140245,,8,8
140515,,1,1
140516,,1,1
140940,,1,1
140980,,2,2
141215,,2,2
141220,,8,8
141357,,1,1
141473,,1,1
141522,5,3,8
141589,,15,15
141779,6,,6
141889,,1,1
142209,,13,13
142287,,1,1
142348,,1,1
142895,1,,1
142910,3,,3
142947,,2,2
143019,1,,1
143077,,1,1
143161,,3,3
143322,,2,2
143345,,2,2
143375,1,,1
143386,,1,1
143572,,3,3
143668,,4,4
143695,,1,1
143727,1,,1
143899,,2,2
143994,,5,5
144262,3,,3
144365,1,,1
144439,,11,11
144493,4,,4
144608,,1,1
144775,,1,1
144877,2,2,4
144958,,2,2
145271,1,,1
145355,1,2,3
145433,,2,2
145485,1,,1
145490,,1,1
145650,,1,1
145738,,1,1
145826,,5,5
145881,,1,1
145994,1,,1
146195,,1,1
146268,1,,1
146420,1,,1
146453,16,8,24
146454,1,1,2
146460,1,,1
146465,1,,1
146568,,3,3
146678,3,,3
146725,1,,1
146833,,1,1
146993,1,,1
147078,,4,4
147193,1,2,3
147274,1,,1
147516,7,5,12
147564,2,4,6
147867,,1,1
147886,,3,3
147910,,1,1
148098,1,10,11
148099,1,,1
148244,1,,1
148454,1,,1
148461,,1,1
148772,20,3,23
148831,2,,2
148846,,1,1
148857,,1,1
148911,,1,1
148923,1,,1
149025,,1,1
149103,,1,1
149249,,2,2
149324,,1,1
149346,,1,1
149361,,1,1
149369,1,,1
149751,,1,1
149766,,8,8
149867,,1,1
149883,,1,1
149943,1,,1
150007,1,,1
150046,11,8,19
150065,,1,1
150126,,1,1
150290,1,,1
150565,,1,1
150616,6,1,7
150659,,1,1
150702,36,5,41
150718,,1,1
150719,5,,5
150808,1,,1
150834,,1,1
150857,,2,2
150863,,4,4
150890,,2,2
150903,5,,5
151027,,2,2
151101,4,1,5
151343,1,1,2
151399,,1,1
151495,,1,1
151660,1,,1
151680,1,,1
151728,,10,10
151774,4,,4
151860,,1,1
151870,,1,1
151880,3,96,99
152088,,2,2
152114,1,1,2
152145,5,6,11
152226,,1,1
152240,,1,1
153123,2,,2
153617,,7,7
153938,6,2,8
153989,4,5,9
154017,6,4,10
154053,9,,9
154224,,2,2
154243,,1,1
154335,,1,1
154448,,1,1
154483,17,11,28
154561,1,,1
154760,10,1,11
154793,,2,2
154809,,1,1
154810,,1,1
154860,,2,2
154894,,1,1
155060,,1,1
155068,10,3,13
155069,,1,1
155139,,8,8
155172,,4,4
155175,,1,1
155281,1,,1
155288,2,,2
155340,,1,1
155435,,1,1
155528,,4,4
155561,1,,1
155634,1,,1
155835,,5,5
155851,1,,1
155966,,1,1
156077,4,,4
156221,1,5,6
156261,,1,1
156280,,1,1
156285,3,1,4
156320,,1,1
156397,,4,4
156456,3,,3
156595,1,3,4
156659,,1,1
156695,,1,1
156707,,1,1
156806,,2,2
156822,,6,6
156997,,1,1
157185,1,,1
157345,,5,5
157680,,1,1
157684,,6,6
157788,109,6,115
157858,,5,5
157865,2,,2
157920,2,3,5
157962,1,,1
158028,7,6,13
158050,1,,1
158186,,1,1
158214,,2,2
158360,,1,1
158365,,2,2
158393,,3,3
158564,1,,1
158717,,3,3
158761,,4,4
159275,,3,3
159296,2,1,3
159376,,7,7
159392,2,3,5
159411,1,,1
159445,21,9,30
159475,,3,3
159758,,4,4
160009,1,,1
160038,2,,2
160056,,53,53
160347,1,,1
160642,,1,1
160655,,1,1
160725,,2,2
160749,14,2,16
160914,1,,1
161125,,2,2
161266,2,,2
161319,1,,1
161386,,1,1
161442,,1,1
161773,1,1,2
162111,,2,2
162175,1,,1
162272,1,,1
162300,4,1,5
162380,,3,3
162435,,3,3
162501,,1,1
162693,4,1,5
162736,,1,1
162856,1,,1
162891,13,,13
162912,,1,1
162914,1,1,2
162975,,2,2
163091,,2,2
163108,1,,1
163120,2,1,3
163123,1,,1
163148,1,,1
163172,6,3,9
163173,2,,2
163381,,1,1
163434,,1,1
163475,1,5,6
163640,1,3,4
163674,3,1,4
163681,,2,2
163794,,5,5
164237,2,2,4
164416,,1,1
164480,1,,1
164678,,21,21
164747,,1,1
164767,2,,2
164894,1,,1
164896,,1,1
164942,,18,18
165024,,1,1
165049,,2,2
165083,13,,13
165145,,1,1
165215,4,2,6
165249,,3,3
165369,1,6,7
165373,,1,1
165400,,3,3
165485,2,,2
165591,,5,5
165975,2,,2
166007,2,,2
166250,,1,1
166381,1,3,4
166519,3,,3
166668,,1,1
166770,,1,1
167014,,10,10
167121,1,,1
167292,1,3,4
167300,1,1,2
167324,11,,11
167327,,4,4
167511,1,4,5
167524,,1,1
167663,,2,2
167861,1,2,3
167962,2,,2
167977,,2,2
168193,1,4,5
168238,,1,1
168282,1,,1
168525,1,,1
168557,2,,2
168660,7,,7
168843,,4,4
169015,,5,5
169104,,1,1
169380,1,,1
169500,4,,4
169735,11,12,23
169741,1,,1
169880,1,,1
169988,,1,1
170083,5,1,6
170093,,1,1
170811,1,,1
171008,,2,2
171068,,6,6
171083,,1,1
171364,5,1,6
171460,3,,3
171611,,1,1
171685,22,6,28
171700,5,,5
171772,1,,1
171974,,1,1
172154,1,3,4
172239,3,,3
172278,,1,1
172355,2,,2
172420,,7,7
172440,1,1,2
172532,,2,2
172772,,2,2
172836,,9,9
172909,,1,1
172941,1,4,5
172951,1,,1
173112,1,2,3
173175,1,,1
173259,2,6,8
173364,1,,1
173520,,1,1
173578,,1,1
173702,,1,1
173805,,1,1
173919,6,2,8
173984,1,,1
173996,8,1,9
174040,,1,1
174068,11,1,12
174372,,1,1
174387,2,,2
174400,6,1,7
174422,,1,1
174495,,1,1
174626,1,,1
174638,2,,2
175030,,1,1
175158,6,2,8
175164,1,,1
175169,6,1,7
175236,13,6,19
175245,,5,5
175278,2,3,5
175337,,1,1
175516,,1,1
175604,32,15,47
175674,,1,1
175697,,3,3
176053,2,1,3
176132,,1,1
176207,1,69,70
176213,,2,2
176303,1,,1
176348,3,2,5
176746,,2,2
176863,2,,2
176896,,1,1
177104,,2,2
177152,,1,1
177411,3,,3
177546,,1,1
177642,,1,1
177784,4,2,6
177817,3,,3
177821,,1,1
177910,3,,3
177971,2,,2
178227,,1,1
178229,,1,1
178284,,1,1
178355,2,1,3
178412,,4,4
178574,1,15,16
178718,,11,11
178890,,1,1
178903,1,,1
179007,,2,2
179021,2,,2
179168,,1,1
179207,,1,1
179215,1,,1
179229,15,6,21
179472,1,,1
179598,1,,1
179607,,2,2
179608,,2,2
179639,14,3,17
179725,1,,1
179800,,2,2
179875,,7,7
179894,,2,2
179982,,1,1
180062,5,4,9
180102,,1,1
180114,,2,2
180777,,1,1
180806,9,,9
180821,1,1,2
180834,,2,2
180890,2,13,15
180928,3,,3
180954,,1,1
181048,1,,1
181339,,3,3
181402,2,1,3
181531,,1,1
181545,2,5,7
181622,1,,1
181745,,2,2
181825,,1,1
181913,2,,2
181937,26,,26
181948,1,,1
182005,,2,2
182111,2,,2
182130,,1,1
182203,1,19,20
182233,1,,1
182323,1,,1
182345,,2,2
182520,,2,2
182618,,1,1
182636,,1,1
182817,,11,11
182835,,1,1
182978,,1,1
183014,5,,5
183100,,1,1
183231,1,4,5
183238,,1,1
183315,,4,4
183524,,15,15
183554,1,3,4
183922,,5,5
184082,1,3,4
184086,,2,2
184218,,1,1
184249,,1,1
184283,,1,1
184625,2,1,3
184656,,1,1
184820,,1,1
185008,,1,1
185097,4,,4
185119,,1,1
185163,,12,12
185213,1,,1
185459,,1,1
185569,,1,1
185755,1,,1
185791,6,4,10
185818,,4,4
185830,,2,2
185896,,1,1
185915,,2,2
186039,,1,1
186059,1,1,2
186116,,1,1
186154,3,9,12
186184,,17,17
186499,2,5,7
186525,,2,2
186565,,5,5
186741,2,,2
186813,,2,2
186940,,1,1
187026,,1,1
187080,,3,3
187152,,2,2
187321,,7,7
187659,,1,1
187903,2,,2
187938,1,,1
188179,,1,1
188250,,1,1
188379,,3,3
188486,1,,1
188572,,1,1
188847,2,50,52
189017,1,,1
189086,2,1,3
189245,3,,3
189293,,3,3
189446,,1,1
189575,,1,1
189621,7,,7
189684,,1,1
189842,,1,1
189920,2,,2
190076,4,,4
190129,,1,1
190431,17,,17
190447,,2,2
190457,11,1,12
190610,,3,3
190762,,1,1
190771,,8,8
190851,,1,1
190946,,1,1
191418,1,7,8
191520,,1,1
191539,,1,1
191546,1,3,4
191738,,3,3
191808,,1,1
191854,,1,1
192133,1,,1
192227,,3,3
192286,,4,4
192609,12,,12
192627,,1,1
192948,,1,1
193119,,1,1
193205,1,,1
193221,,1,1
193253,3,2,5
193292,1,,1
193549,,10,10
193828,,4,4
193854,,1,1
193945,,1,1
194158,,3,3
194170,,1,1
194171,,2,2
194179,,1,1
194215,,5,5
194381,,1,1
194490,,1,1
194505,9,6,15
194882,,8,8
194890,,2,2
194920,,1,1
195016,,1,1
195273,,2,2
195277,,1,1
195354,,1,1
195386,1,,1
195574,,2,2
195581,,1,1
195613,1,1,2
195660,,1,1
195675,,1,1
195710,1,,1
195754,1,,1
195951,,7,7
196010,,4,4
196248,10,,10
196283,1,,1
196436,,1,1
196595,,3,3
196760,,1,1
196865,,1,1
196923,20,38,58
197100,5,2,7
197108,2,,2
197383,,1,1
197428,5,,5
197587,,2,2
197740,,1,1
198014,,1,1
198120,,1,1
198270,3,,3
198313,,1,1
198450,,1,1
198505,,1,1
198633,2,,2
198775,,4,4
198790,,1,1
198984,2,3,5
199050,,2,2
199291,,1,1
199316,,4,4
199541,,1,1
199558,,1,1
199567,,10,10
199721,1,,1
199903,2,,2
199932,,1,1
199968,,2,2
199974,1,,1
200016,1,,1
200037,2,,2
200157,,4,4
200166,,1,1
200201,,1,1
200209,1,,1
200289,1,,1
200365,,2,2
200484,,1,1
200805,2,,2
200845,5,1,6
200858,1,,1
200891,2,,2
200911,,1,1
200918,25,15,40
201340,,1,1
201474,1,,1
201477,,2,2
201540,1,,1
201649,1,,1
201656,,2,2
201674,14,14,28
201702,,1,1
201758,,2,2
201801,,1,1
201904,,1,1
201982,,1,1
202204,6,1,7
202367,,2,2
202389,10,,10
202524,4,,4
202530,1,,1
202644,,1,1
202730,,1,1
203039,2,,2
203115,,1,1
203170,2,2,4
203712,145,25,170
203775,,6,6
203979,,4,4
204074,,1,1
204157,,2,2
204377,,1,1
204424,,19,19
204612,3,,3
204615,9,,9
204789,,7,7
204940,1,3,4
205129,,2,2
205166,9,11,20
205206,,1,1
205520,2,,2
205552,1,,1
205575,,1,1
205745,4,,4
205922,,2,2
205932,,3,3
206832,,1,1
207068,2,3,5
207256,1,,1
207342,,1,1
207447,,1,1
207517,1,,1
207579,1,2,3
207811,,1,1
207881,1,1,2
207945,2,,2
207992,,1,1
208095,,1,1
208119,,1,1
208184,4,4,8
208192,3,70,73
208243,1,3,4
208250,,1,1
208320,,4,4
208438,6,124,130
208567,,2,2
208614,,1,1
208720,,1,1
208780,1,,1
208814,,2,2
209158,,3,3
209241,,3,3
209256,,6,6
209305,,1,1
209339,,3,3
209505,,1,1
209620,5,3,8
210023,,2,2
210101,,1,1
210167,1,,1
210321,1,1,2
210341,,3,3
210379,,1,1
210541,1,,1
210647,,3,3
210726,,2,2
210818,,5,5
211196,,55,55
211223,,2,2
211257,,1,1
211283,,8,8
211284,1,,1
211475,6,2,8
211583,,4,4
211713,,1,1
211743,,5,5
211946,,3,3
212022,,1,1
212119,1,,1
212238,,17,17
212344,1,,1
212428,,2,2
212530,,4,4
212702,,1,1
212878,,2,2
212888,,1,1
212975,,1,1
213045,1,,1
213067,,21,21
213145,,5,5
213223,,1,1
213227,4,,4
213248,,1,1
213381,,2,2
213396,,4,4
213435,,10,10
213449,,1,1
213539,,4,4
213552,,1,1
213786,1,,1
213948,,1,1
214095,2,,2
214116,,1,1
214224,,2,2
214314,,1,1
214367,,2,2
214401,1,1,2
214445,,7,7
214501,1,,1
214518,,2,2
214893,1,,1
215259,,4,4
215267,2,,2
215496,,1,1
215769,1,,1
215800,3,,3
216174,2,9,11
216254,1,40,41
216351,,1,1
216450,,6,6
216566,,1,1
217058,3,28,31
217200,3,,3
217226,1,,1
217295,2,,2
217332,,2,2
217339,,5,5
217576,2,1,3
217845,2,,2
217900,,1,1
217946,,1,1
218212,,27,27
218326,,3,3
218352,8,,8
218463,2,5,7
218479,7,,7
218498,,1,1
218549,2,3,5
218551,1,,1
218575,749,89,838
218721,13,4,17
218740,,1,1
218790,,1,1
218903,7,,7
218963,,1,1
219010,,13,13
219167,1,,1
219291,2,,2
219378,,2,2
219379,1,,1
219444,1,1,2
219458,,1,1
219734,,1,1
219934,,1,1
220041,1,1,2
220082,,6,6
220140,,1,1
220179,,1,1
220190,2,,2
220244,5,1,6
220298,,1,1
220308,1,,1
220369,3,1,4
220377,1,10,11
220544,,5,5
220600,5,,5
220616,1,,1
220657,,1,1
220668,,1,1
220896,2,,2
221295,,4,4
221347,1,,1
221429,1,,1
221500,2,2,4
221795,6,1,7
222165,,1,1
222228,20,22,42
222499,1,,1
222548,,1,1
222607,,1,1
222748,3,6,9
222841,,2,2
223304,14,,14
223344,,1,1
223345,,1,1
223467,6,2,8
223661,1,,1
223707,,1,1
223821,2,,2
223909,,2,2
223943,7,2,9
224070,,3,3
224166,1,,1
224236,1,,1
224258,,1,1
224299,1,,1
224375,,1,1
224519,,3,3
224584,27,3,30
224853,,6,6
225186,,6,6
225187,,1,1
225407,1,,1
225464,8,3,11
225594,,1,1
225596,,1,1
225601,,8,8
225619,5,5,10
225695,1,,1
225948,,1,1
225977,7,1,8
226038,1,,1
226069,,1,1
226081,5,,5
226299,1,,1
226378,,12,12
226429,2,,2
226487,1,5,6
226505,,1,1
226517,,6,6
226554,,1,1
226582,,3,3
226591,,24,24
226699,,1,1
226714,,1,1
226759,2,,2
227163,,17,17
227362,,5,5
227364,1,,1
227492,,1,1
227510,,4,4
227599,3,,3
227620,1,,1
227649,,2,2
227774,,1,1
227858,,5,5
227975,2,,2
228018,,2,2
228025,,1,1
228105,,5,5
228128,2,2,4
228519,,1,1
228570,2,,2
228639,3,,3
228733,4,,4
228834,,1,1
228998,,1,1
229093,1,,1
229184,,2,2
229304,1,,1
229313,1,,1
229410,,1,1
229479,4,,4
229509,,1,1
229638,,2,2
229817,,6,6
229878,,2,2
229895,,1,1
229917,1,1,2
230124,,1,1
230151,,1,1
230198,,9,9
230272,,2,2
230278,,1,1
230315,,1,1
230322,1,,1
230405,9,2,11
230556,,4,4
230577,,2,2
230838,,2,2
231014,2,4,6
231021,,1,1
231064,,1,1
231139,26,,26
231270,,3,3
231458,6,1,7
231673,,1,1
231693,3,214,217
231876,,1,1
231912,2,,2
231966,,3,3
232029,3,,3
232256,11,,11
232496,1,,1
232599,1,,1
232911,5,49,54
232918,17,,17
232955,,1,1
233360,8,3,11
233467,,1,1
233703,8,,8
233706,,1,1
233873,6,,6
233957,,10,10
234071,,1,1
234228,5,3,8
234339,2,16,18
234375,,1,1
234433,,3,3
234518,6,,6
234574,1,,1
234694,,2,2
234871,1,,1
234963,2,,2
235021,1,7,8
235167,,1,1
235360,,1,1
235447,,3,3
235743,,1,1
235770,1,,1
235930,,1,1
235992,,1,1
236172,2,,2
236196,2,2,4
236280,,1,1
236385,,1,1
236396,,1,1
236829,,2,2
237025,,1,1
237162,5,,5
237299,2,,2
237609,,1,1
237695,1,,1
237726,,3,3
237839,,1,1
238075,19,6,25
238085,,1,1
238132,1,,1
238157,,1,1
238497,1,1,2
238555,,1,1
238607,3,,3
238697,1,,1
238709,,5,5
238834,,1,1
239238,,3,3
239294,,1,1
239435,1,,1
239541,,1,1
239617,,12,12
239618,,1,1
239673,,2,2
239729,1,5,6
239974,,1,1
240251,1,,1
240340,,1,1
240489,,3,3
240624,,9,9
240754,101,41,142
240782,,2,2
241039,,3,3
241090,5,2,7
241181,,11,11
241366,3,,3
241381,3,7,10
241403,,1,1
241417,,18,18
241419,,7,7
241481,2,,2
241625,2,,2
241699,,1,1
241737,9,1,10
241767,,3,3
242199,1,,1
242357,1,,1
242369,,1,1
242493,1,,1
242511,,1,1
242524,,1,1
242661,2,1,3
242681,,1,1
242702,,3,3
242737,1,,1
242776,2,6,8
242794,9,25,34
242901,,2,2
242904,,5,5
242914,1,,1
243024,,1,1
243034,,5,5
243391,,1,1
243419,,1,1
243453,3,2,5
243489,2,2,4
243496,4,2,6
243526,,1,1
243550,,1,1
243802,,1,1
243809,,1,1
243999,,3,3
244030,,1,1
244184,1,,1
244199,4,,4
244261,,1,1
244335,1,2,3
244352,1,,1
244648,1,,1
244780,3,11,14
244912,1,,1
245037,,3,3
245310,2,,2
245496,,1,1
245520,14,2,16
245563,6,6,12
245845,,1,1
245906,,1,1
246102,1,,1
246112,1,,1
246310,1,,1
246580,,1,1
246698,1,1,2
246831,,1,1
246901,,1,1
247014,,3,3
247613,1,,1
247727,,1,1
247773,,1,1
247793,,7,7
248008,,1,1
248053,,7,7
248067,,2,2
248097,,2,2
248241,,3,3
248280,2,,2
248373,5,8,13
248418,,1,1
248490,,1,1
248512,,1,1
248625,,1,1
248768,,4,4
248852,,1,1
248853,2,,2
248888,12,12,24
248890,,3,3
249517,,1,1
249521,3,,3
249659,,2,2
249868,1,2,3
250173,,1,1
250262,2,,2
250286,,5,5
250346,,1,1
250511,,1,1
250625,1,2,3
250729,,4,4
250760,,2,2
250908,,1,1
250928,,6,6
251022,3,,3
251045,,1,1
251238,,1,1
251261,,6,6
251393,,2,2
251474,,1,1
251658,8,29,37
251682,,2,2
251917,1,,1
251994,,1,1
252085,44,42,86
252134,,5,5
252316,1,,1
252355,,1,1
252364,,1,1
252460,4,,4
252547,,1,1
252559,1,,1
252710,,2,2
252712,,2,2
252765,2,7,9
252825,1,4,5
252903,,16,16
252920,,1,1
252922,,1,1
253029,,3,3
253089,,1,1
253120,1,,1
253233,8,,8
253298,1,2,3
253326,,1,1
253336,1,,1
253353,,1,1
253434,1,,1
253535,1,,1
253548,2,,2
253986,4,11,15
254136,,2,2
254165,,1,1
254883,,1,1
254937,,1,1
255090,1,,1
255158,1,,1
255174,2,,2
255184,,1,1
255279,1,20,21
255621,1,,1
255717,1,1,2
256028,2,10,12
256159,6,,6
257089,,1,1
257108,,1,1
257133,,31,31
257219,,4,4
257222,1,,1
257415,1,,1
257422,,2,2
257538,,1,1
257599,1,,1
257651,1,7,8
257864,2,,2
258067,,2,2
258074,,1,1
258102,1,,1
258148,1,,1
258227,,1,1
258298,1,,1
258354,,1,1
258443,,2,2
258457,1,,1
258541,2,,2
258585,,18,18
258623,6,1,7
258691,1,,1
258784,,3,3
258899,1,,1
258938,1,,1
258942,,1,1
258966,1,1,2
259342,,2,2
259386,2,,2
259448,1,2,3
259517,,1,1
259635,1,1,2
259702,11,,11
259727,,2,2
259860,1,,1
259932,,1,1
259998,,1,1
260167,,1,1
260351,1,1,2
260405,2,1,3
260480,3,,3
260565,2,67,69
260628,,8,8
260901,1,1,2
260905,3,,3
261011,,2,2
261032,1,,1
261040,1,,1
261251,8,,8
261284,,4,4
261477,,1,1
261618,,1,1
261766,,1,1
261811,,1,1
261885,12,26,38
262090,3,,3
262308,1,,1
262361,2,,2
262577,1,,1
262682,1,,1
262713,,2,2
262750,,1,1
262939,,1,1
263045,,6,6
263084,1,1,2
263088,,1,1
263210,,1,1
263283,,1,1
263507,1,,1
263600,,1,1
263725,,1,1
263756,,6,6
263931,2,,2
264017,3,,3
264019,,6,6
264205,,1,1
264216,,1,1
264333,,1,1
264882,,2,2
264929,,1,1
265146,,2,2
265156,1,,1
265225,2,1,3
265277,,4,4
265423,2,,2
265517,,2,2
265626,,1,1
265989,,2,2
266071,,2,2
266116,,3,3
266120,,4,4
266145,,25,25
266232,,5,5
266519,,1,1
266600,,1,1
266612,,1,1
266613,,1,1
266730,1,,1
266949,,41,41
267227,,1,1
267310,,2,2
267356,,1,1
267400,2,3,5
267541,,1,1
267593,,1,1
267769,8,,8
267853,,1,1
267915,2,,2
268053,1,,1
268493,,2,2
268540,24,,24
268683,1,26,27
268741,,1,1
268772,,2,2
268808,,3,3
268859,,1,1
268872,,2,2
268903,,2,2
269054,1,1,2
269219,,3,3
269240,1,,1
269296,1,,1
269361,1,1,2
269390,1,,1
269469,2,3,5
269513,,1,1
269618,,3,3
269737,3,2,5
269785,41,1,42
269801,,1,1
269816,,2,2
269879,1,,1
269943,,5,5
270064,,41,41
270148,,1,1
270162,,3,3
270240,,1,1
270292,,1,1
270344,32,44,76
270489,,8,8
270566,,1,1
270592,,15,15
270676,,2,2
270717,,1,1
270733,,3,3
270734,,3,3
270808,,2,2
271396,,1,1
271488,,3,3
271525,1,,1
271531,8,,8
271576,,2,2
271583,,3,3
271585,,1,1
271751,,4,4
271899,,1,1
271910,,2,2
271928,,1,1
272004,,2,2
272030,1,,1
272084,2,,2
272124,,3,3
272137,,1,1
272197,,1,1
272420,,1,1
272441,1,,1
272511,,15,15
272582,,2,2
272663,,1,1
272929,,1,1
272980,,1,1
273016,,1,1
273129,,1,1
273205,,1,1
273235,,1,1
273295,1,,1
273471,11,1,12
273882,1,,1
274117,,1,1
274385,13,,13
274650,9,1,10
274812,2,,2
274894,1,1,2
274991,2,,2
275173,1,,1
275358,5,,5
275585,1,,1
275757,,1,1
275823,,1,1
275854,1,,1
275969,2,2,4
276056,,1,1
276212,,2,2
276280,,1,1
276316,4,,4
276370,1,,1
276456,1,,1
276555,,1,1
276599,,1,1
276671,,11,11
276786,,5,5
276834,,23,23
276927,,1,1
277105,,6,6
277125,,2,2
277139,4,,4
277257,,1,1
277383,,4,4
277437,,2,2
277585,,1,1
277677,,2,2
278143,4,,4
278466,,4,4
278521,,1,1
278565,1,,1
278652,1,2,3
278843,1,2,3
279058,,1,1
279098,4,22,26
279374,1,,1
279598,,2,2
279634,8,1,9
280030,2,,2
280227,,5,5
280313,2,,2
280391,,1,1
280474,,1,1
280734,3,,3
281062,,2,2
281088,1,,1
281220,2,,2
281244,1,,1
281847,,3,3
281901,,4,4
281931,,1,1
282076,,1,1
282077,6,13,19
282117,,1,1
282212,1,3,4
282304,,1,1
282317,1,,1
282349,,1,1
282494,,5,5
282642,1,1,2
283017,1,,1
283064,30,11,41
283174,1,,1
283212,,5,5
283233,,2,2
283395,1,8,9
283492,,1,1
283506,1,2,3
283566,3,,3
283838,2,,2
283868,,28,28
283888,1,,1
284069,9,1,10
284078,,1,1
284258,,1,1
284358,3,,3
284495,,4,4
284502,2,,2
284584,1,25,26
284817,,1,1
285074,4,1,5
285109,9,,9
285233,2,5,7
285341,,7,7
285856,1,2,3
285868,,1,1
285872,,1,1
286011,,1,1
286144,,8,8
286286,,2,2
286289,,1,1
286538,,1,1
286543,1,2,3
286629,,4,4
286717,1,,1
286747,,1,1
286850,,1,1
286938,,1,1
287200,1,,1
287366,,2,2
287405,,1,1
287440,,9,9
287525,,2,2
287553,,2,2
287600,2,,2
287713,5,,5
288007,1,,1
288139,2,,2
288147,,1,1
288176,1,,1
288246,,1,1
288312,1,3,4
288343,,1,1
288381,,1,1
288387,,3,3
288515,,6,6
288748,1,2,3
288989,,1,1
289015,,1,1
289277,,1,1
289299,,1,1
289414,,2,2
289524,,8,8
289530,3,5,8
289615,1,,1
289711,2,,2
289757,,1,1
289779,1,,1
289901,1,,1
290061,1,,1
290154,,1,1
290337,1,4,5
290407,,3,3
290593,1,2,3
290607,,1,1
290628,1,,1
290847,,1,1
290881,,2,2
291254,4,,4
291597,,1,1
292029,,1,1
292045,,12,12
292137,4,,4
292166,,15,15
292526,,3,3
292551,1,,1
292677,1,,1
292964,,6,6
293045,,1,1
293455,9,,9
293528,,1,1
293529,,3,3
293535,,20,20
293567,,1,1
293740,,1,1
293846,1,,1
293863,1,,1
293882,,2,2
293957,,2,2
294030,,2,2
294094,,1,1
294131,2,,2
294392,2,,2
294541,1,,1
294696,,3,3
294759,2,1,3
294806,,4,4
294909,1,,1
295300,,10,10
295370,5,,5
295376,,2,2
295383,2,,2
295590,,1,1
295757,,3,3
295824,,27,27
295876,,1,1
295933,,9,9
296086,1,,1
296109,,1,1
296131,,17,17
296183,,4,4
296202,1,5,6
296317,1,,1
296320,5,,5
296446,1,1,2
296509,1,,1
296622,21,2,23
296749,6,2,8
296988,,1,1
297080,,2,2
297105,4,,4
297273,1,,1
297697,,1,1
297841,1,,1
298038,2,3,5
298282,,1,1
298491,3,,3
298506,,2,2
298526,,1,1
298945,,1,1
298970,3,23,26
298972,3,1,4
299089,,1,1
299102,,2,2
299139,,4,4
299199,1,4,5
299239,,3,3
299260,1,1,2
299453,,2,2
299485,4,7,11
299700,,1,1
299729,1,,1
299820,,1,1
299834,6,,6
299899,,1,1
300093,1,,1
300336,1,3,4
300391,,10,10
300445,,1,1
300492,1,,1
300598,1,,1
300606,2,,2
300773,,1,1
300790,,1,1
300911,,2,2
301003,,1,1
301197,1,2,3
301269,,2,2
301463,,15,15
301516,,1,1
301622,1,2,3
301850,3,,3
301948,,1,1
302007,,2,2
302038,,1,1
302184,,3,3
302375,,2,2
302458,4,13,17
302778,,1,1
302783,,2,2
302844,,1,1
303275,1,,1
303658,,1,1
303693,1,,1
303717,,1,1
303840,3,,3
303859,1,,1
303882,,1,1
303997,,1,1
304061,,1,1
304118,,2,2
304488,8,,8
304590,1,9,10
304735,1,2,3
304948,,2,2
305026,3,,3
305186,6,,6
305268,2,,2
305293,,1,1
305326,,1,1
305477,,46,46
305634,,1,1
305863,4,,4
306108,28,1,29
306118,,1,1
306562,,1,1
306567,,3,3
306626,,3,3
306726,,7,7
306788,14,,14
306821,,2,2
306911,,2,2
307123,,2,2
307156,2,,2
307195,1,,1
307252,1,3,4
307466,1,,1
307517,19,32,51
307548,,1,1
307705,,1,1
307824,,3,3
307858,,1,1
308022,,1,1
308083,,1,1
308099,1,,1
308131,4,,4
308447,,1,1
308455,1,1,2
308571,3,,3
308696,,1,1
308721,,10,10
308728,,4,4
308908,2,3,5
309286,3,,3
309337,,5,5
309548,,2,2
309581,160,16,176
309598,,1,1
309748,,4,4
309761,,1,1
309840,,4,4
310223,,1,1
310353,2,,2
310384,,3,3
310392,,1,1
310454,,1,1
310455,,1,1
310484,2,4,6
310498,2,,2
310502,,4,4
310656,,2,2
310669,,1,1
310789,1,,1
310820,,11,11
310965,,1,1
311050,,2,2
311198,1,,1
311311,1,,1
311434,,4,4
311528,1,,1
311636,,1,1
311793,2,,2
311860,3,1,4
311952,,2,2
312014,,1,1
312244,,6,6
312351,7,3,10
312379,,2,2
312628,,7,7
312724,,1,1
313105,,3,3
313130,,3,3
313156,,2,2
313276,1,1,2
313390,,1,1
313397,,1,1
313434,,2,2
313980,,1,1
313985,,1,1
314123,,23,23
314167,2,1,3
314203,3,1,4
314255,,1,1
314286,7,,7
314361,,1,1
314395,,4,4
314452,,1,1
314474,1,2,3
314504,1,,1
314517,1,,1
314717,,1,1
314962,,1,1
315082,1,,1
315093,,3,3
315242,,2,2
315319,,1,1
315330,1,,1
315534,,1,1
315555,,1,1
315612,,1,1
315874,2,,2
316104,4,,4
316291,,1,1
316503,,1,1
316505,,4,4
316562,,15,15
316680,2,,2
316924,5,,5
317010,,4,4
317027,,2,2
317231,2,3,5
317236,,1,1
317244,,1,1
317313,,1,1
317340,3,2,5
317380,6,66,72
317653,,2,2
317661,4,130,134
317767,,2,2
318109,,11,11
318181,5,,5
318240,,1,1
318258,,5,5
318394,,12,12
318528,6,5,11
318633,3,,3
318709,1,5,6
318808,2,1,3
318875,,1,1
319128,1,,1
319419,3,2,5
319448,2,,2
319553,1,,1
319768,3,1,4
319971,1,,1
320048,1,,1
320073,,1,1
320325,,1,1
320381,,3,3
320545,,2,2
320596,,4,4
320636,1,,1
320724,1,,1
320925,63,9,72
321056,,1,1
321156,,1,1
321221,1,,1
321303,1,,1
321561,11,7,18
321581,1,,1
321696,5,,5
321760,,1,1
321797,3,,3
321908,1,,1
321914,,1,1
322063,2,,2
322136,,1,1
322272,1,,1
322309,,4,4
322373,,5,5
322389,,6,6
322440,,2,2
322480,,1,1
322659,,1,1
322941,,3,3
322954,1,,1
322963,,1,1
323001,,1,1
323039,1,1,2
323184,152,45,197
323328,,2,2
323540,,1,1
323637,1,,1
324085,,1,1
324154,1,6,7
324225,,1,1
324362,1,,1
324390,,1,1
324406,,102,102
324407,,2,2
324484,,1,1
324570,1,3,4
324807,,1,1
324845,1,,1
324873,,1,1
324930,1,,1
324939,,1,1
325020,,10,10
325034,40,,40
325103,,1,1
325193,,2,2
325579,2,,2
325780,1,,1
325797,,1,1
325802,,1,1
325941,66,33,99
325973,,3,3
326134,,2,2
326157,,2,2
326161,5,5,10
326288,1,,1
326378,3,,3
326692,,2,2
326845,17,21,38
326873,5,20,25
326907,,10,10
326911,4,,4
326927,,1,1
326931,1,,1
326932,1,10,11
327039,,2,2
327084,,4,4
327096,1,,1
327114,,1,1
327115,2,,2
327184,,9,9
327255,2,,2
327379,,1,1
327442,,1,1
327585,1,,1
327641,1,,1
327811,,2,2
327835,1,2,3
328035,,1,1
328088,2,,2
328116,1,,1
328304,,3,3
328318,,3,3
328459,,6,6
328521,1,,1
329101,,1,1
329224,8,1,9
329454,1,,1
329569,,4,4
329706,1,,1
329741,1,,1
329806,,1,1
329846,,1,1
329865,1,,1
329893,,6,6
329936,,1,1
329951,,1,1
330296,,2,2
330515,,7,7
330517,2,2,4
330532,,1,1
330583,,2,2
330653,3,3,6
330715,,3,3
330741,,1,1
331131,1,,1
331190,11,3,14
331623,,1,1
331739,,1,1
331757,1,,1
331828,,2,2
331859,,1,1
331994,7,1,8
332136,,1,1
332172,5,,5
332176,,1,1
332307,2,,2
332342,,1,1
332432,1,,1
332585,,1,1
332768,1,,1
332892,1,,1
332951,,1,1
333018,1,,1
333049,,2,2
333155,,1,1
333164,3,,3
333238,2,,2
333290,,1,1
333373,,7,7
333395,,14,14
333656,1,,1
333738,,3,3
333887,,1,1
334028,,1,1
334252,,1,1
334377,,2,2
334380,,1,1
334529,,1,1
334941,97,8,105
335045,1,,1
335116,,4,4
335119,2,,2
335176,,8,8
335355,1,2,3
335501,,1,1
335522,,1,1
335563,4,4,8
335667,6,,6
335697,2,,2
335713,,3,3
335758,1,7,8
335768,,4,4
335881,1,,1
335891,2,,2
336040,,1,1
336073,2,1,3
336166,,1,1
336275,,8,8
336380,14,2,16
336563,,1,1
336668,14,7,21
336679,2,,2
336771,2,,2
336971,,1,1
337143,,2,2
337334,2,2,4
337341,,5,5
337612,,1,1
337776,,1,1
337786,3,2,5
337827,,1,1
337983,2,,2
338100,,1,1
338242,,1,1
338325,,3,3
338383,,2,2
338432,2,,2
338501,,18,18
338612,,1,1
338665,1,,1
338780,7,2,9
338932,1,,1
338944,2,,2
338976,,1,1
338981,7,,7
339015,1,,1
339514,1,,1
339593,,6,6
339756,,1,1
339778,,1,1
339822,,1,1
339867,1,4,5
340003,,1,1
340136,1,,1
340208,,2,2
340239,3,,3
340339,12,16,28
340350,,2,2
340491,10,7,17
340637,,3,3
340661,1,,1
341312,10,,10
341628,,4,4
341694,,1,1
342099,14,91,105
342113,1,,1
342153,3,2,5
342420,,1,1
342456,,2,2
342507,,1,1
342556,,2,2
342620,1,,1
342705,,2,2
342751,1,,1
342805,,10,10
343005,,1,1
343081,14,14,28
343440,,4,4
343448,,1,1
343645,38,3,41
343813,,1,1
344054,,19,19
344240,3,1,4
344422,1,7,8
344483,,1,1
344519,,1,1
344526,1,,1
344551,,9,9
344774,1,,1
344973,2,,2
345033,1,3,4
345212,25,4,29
345359,,6,6
345727,1,,1
345816,,1,1
345837,,1,1
345908,,4,4
346194,,2,2
346639,,1,1
346861,2,1,3
346863,1,,1
346958,,3,3
346967,6,,6
347083,1,,1
347141,1,,1
347153,1,,1
347289,,4,4
347329,,2,2
347417,,2,2
347451,,3,3
347573,1,18,19
347629,,8,8
347949,92,39,131
348056,97,15,112
348121,,54,54
348486,1,,1
348547,,1,1
348587,,2,2
348851,,1,1
348902,,1,1
349184,,5,5
349202,,1,1
349598,,1,1
349625,,7,7
349770,7,,7
349968,,1,1
349989,3,1,4
350024,1,,1
350046,2,,2
350227,,2,2
350235,,1,1
350265,,1,1
350516,,1,1
350578,,9,9
350625,1,,1
350661,,2,2
350710,1,,1
350839,1,,1
350936,3,3,6
350977,2,11,13
351203,3,,3
351465,,1,1
351471,,3,3
351492,1,,1
351539,1,3,4
351724,,1,1
351773,,5,5
351909,1,,1
351928,8,4,12
352004,,1,1
352008,,2,2
352106,,3,3
352110,,1,1
352327,3,,3
352441,1,,1
352744,,1,1
352795,,4,4
352912,1,,1
352928,,1,1
353016,2,,2
353156,,7,7
353207,,1,1
353218,,1,1
353223,,1,1
353345,67,21,88
353450,2,,2
353469,1,4,5
353555,,2,2
353628,,1,1
353685,,4,4
353716,,3,3
353737,,1,1
353831,2,,2
353897,,1,1
353941,,10,10
353970,1,,1
354184,,1,1
354249,,1,1
354434,,1,1
354456,,1,1
354605,,2,2
354703,,6,6
354860,1,,1
354877,7,5,12
355042,,2,2
355223,,1,1
355271,1,1,2
355406,,1,1
355511,,1,1
355519,,2,2
355522,3,2,5
355524,,1,1
355731,,1,1
355793,,3,3
355847,,10,10
355915,,1,1
355940,,1,1
356000,1,1,2
356091,1,,1
356126,1,,1
356127,,3,3
356166,,1,1
356291,1,,1
356454,17,2,19
356499,,6,6
356551,2,,2
356720,,1,1
356964,1,,1
357003,,1,1
357149,,1,1
357506,,3,3
357572,,1,1
357613,,4,4
357643,,2,2
357656,1,,1
357880,,1,1
357964,15,,15
358501,1,,1
358930,,1,1
358992,8,,8
359170,4,6,10
359352,,1,1
359511,,1,1
359559,1,,1
359895,1,,1
359941,,1,1
360230,,3,3
360344,9,,9
360408,1,,1
360534,,1,1
360641,,1,1
360754,,1,1
360824,,2,2
360825,,1,1
360964,,1,1
361008,1,1,2
361069,,2,2
361090,,50,50
361337,1,,1
361348,,1,1
361517,1,,1
361565,,1,1
361641,,3,3
361717,,2,2
361754,,4,4
361882,,1,1
361947,3,,3
361952,4,,4
362015,2,26,28
362390,68,41,109
362446,4,,4
362555,1,,1
362598,,1,1
362720,47,4,51
362752,,1,1
362847,11,15,26
363199,,4,4
363204,,9,9
363470,1,,1
363745,1,,1
363780,1,,1
363837,4,,4
363875,,1,1
364003,,11,11
364116,1,3,4
364243,3,,3
364302,,1,1
364542,1,,1
364570,,1,1
364719,,7,7
364868,,1,1
364889,,10,10
364893,,9,9
365013,,2,2
365192,1,,1
365272,4,29,33
365563,2,,2
365613,,7,7
365636,1,,1
365759,,1,1
365840,1,1,2
365860,1,,1
366007,1,20,21
366217,1,1,2
366334,,2,2
366631,,1,1
366646,,1,1
366786,1,,1
366844,,6,6
366859,,3,3
366927,1,1,2
366981,2,,2
367039,,1,1
367165,,1,1
367244,1,1,2
367464,2,,2
367609,,2,2
368061,1,,1
368145,3,5,8
368296,1,,1
368312,1,,1
368416,4,,4
368453,,1,1
368530,3,,3
368569,,2,2
368702,1,2,3
368982,4,19,23
369026,,1,1
369230,1,,1
369241,,1,1
369574,,1,1
369665,3,6,9
369797,,1,1
369809,3,,3
370023,,1,1
370081,6,386,392
370365,2,,2
370517,,1,1
370552,5,5,10
370570,1,,1
370590,1,10,11
370813,,1,1
370893,,1,1
370999,,2,2
371151,,1,1
371175,2,,2
371368,3,,3
371405,1,,1
371458,,4,4
371514,1,3,4
371727,,1,1
371842,,2,2
371849,2,,2
372341,,2,2
372386,,1,1
372422,,5,5
372574,,2,2
372644,8,2,10
372694,,2,2
372902,,1,1
372926,,3,3
372986,,1,1
373070,1,,1
373247,,1,1
373252,,1,1
373330,20,32,52
373482,2,,2
373514,1,,1
373633,2,1,3
373649,1,,1
373839,,1,1
373911,2,2,4
374014,,1,1
374291,,1,1
374312,17,3,20
374560,1,5,6
374689,,1,1
375034,,1,1
375049,,1,1
375094,1,2,3
375136,,1,1
375435,1,,1
375534,9,8,17
375635,,3,3
375666,,1,1
375724,,2,2
376009,2,2,4
376255,,6,6
376499,,1,1
376576,1,,1
376815,,1,1
377133,,1,1
377304,2,,2
377597,2,,2
377641,1,,1
377676,1,4,5
377824,2,,2
377925,4,1,5
377928,,1,1
378001,1,,1
378058,1,2,3
378169,,1,1
378271,,1,1
378486,7,,7
378522,,1,1
378631,,10,10
378660,2,11,13
378663,,1,1
378707,11,4,15
378710,1,,1
379093,,8,8
379112,4,,4
379327,1,,1
379394,2,,2
379432,,1,1
379548,,3,3
379966,1,,1
380013,,5,5
380029,,1,1
380053,27,,27
380177,,1,1
380374,1,,1
380489,1,5,6
380521,,4,4
380529,,1,1
380542,,4,4
380545,1,6,7
380583,,1,1
380593,,1,1
380674,2,,2
380842,,1,1
380844,5,3,8
380875,,115,115
380897,10,2,12
380913,1,,1
380980,,1,1
381072,1,,1
381456,,3,3
381518,,1,1
381657,2,,2
381699,21,,21
381878,,1,1
381897,4,,4
381901,,2,2
381966,2,2,4
381968,1,,1
382071,,1,1
382134,1,3,4
382216,1,1,2
382286,,1,1
382412,,1,1
382464,1,,1
382567,,1,1
382636,,1,1
382673,1,,1
382695,1,1,2
382926,1,,1
382940,,3,3
383012,1,,1
383035,2,,2
383061,,5,5
383124,,1,1
383242,,1,1
383901,,12,12
383913,,3,3
384040,2,,2
384133,3,,3
384304,1,,1
384339,,1,1
384436,1,,1
384485,12,3,15
384526,,1,1
384655,,1,1
384711,,26,26
384802,1,,1
384993,,1,1
385012,1,,1
385361,,1,1
385428,,1,1
385432,,2,2
385444,,1,1
385479,,2,2
385668,,1,1
385820,1,6,7
385870,,1,1
385962,,1,1
386145,1,,1
386189,9,,9
386324,,6,6
386381,1,,1
386416,12,30,42
386468,,1,1
386550,2,,2
386589,4,,4
386711,,1,1
386907,5,2,7
386928,1,,1
386964,,1,1
386990,,1,1
387221,,1,1
387451,1,3,4
387456,6,9,15
387575,,1,1
387582,,1,1
387808,1,3,4
387820,,1,1
388149,3,,3
388293,5,,5
388487,,1,1
388512,,69,69
388551,,2,2
388609,1,,1
388636,5,5,10
388647,,1,1
388789,,1,1
388829,,3,3
388855,1,,1
388907,,1,1
389033,,3,3
389038,68,120,188
389460,2,,2
389464,1,,1
389534,,4,4
389581,2,4,6
389599,,5,5
389939,1,,1
390014,,1,1
390267,8,,8
390373,2,,2
390703,1,,1
390855,,1,1
391049,,1,1
391053,2,,2
391143,,1,1
391166,,1,1
391209,,2,2
391268,,1,1
391450,,1,1
391525,3,1,4
391560,,2,2
391820,1,,1
391852,1,6,7
392008,,6,6
392034,13,,13
392117,,1,1
392196,,10,10
392313,1,5,6
392658,1,,1
392668,,1,1
392733,,1,1
392780,,1,1
393197,,1,1
393460,,1,1
393469,2,1,3
393590,2,,2
393624,,1,1
393646,,1,1
393647,,1,1
393881,,1,1
393884,,1,1
394170,1,,1
394177,,11,11
394514,,1,1
394637,,1,1
395046,3,1,4
395194,,1,1
395443,,1,1
395712,1,1,2
395729,,1,1
395932,,1,1
395999,,1,1
396117,2,,2
396325,,1,1
396350,,3,3
396426,,1,1
396640,1,1,2
396658,37,,37
396823,,2,2
396865,,7,7
397031,9,,9
397140,4,,4
397338,1,,1
397467,5,25,30
397535,52,27,79
397577,,1,1
397609,,2,2
397688,2,1,3
397779,1,17,18
397897,,6,6
398151,2,,2
398188,2,4,6
398200,2,,2
398241,,2,2
398276,,1,1
398386,1,,1
398533,,1,1
398662,,2,2
398839,,3,3
398874,,10,10
398892,16,4,20
399198,,1,1
399237,2,,2
399439,3,,3
399480,7,7,14
399577,,3,3
399604,1,,1
399625,,3,3
399714,,1,1
399928,3,380,383
400053,,4,4
400078,,1,1
400093,,1,1
400208,2,,2
400248,,1,1
400342,,2,2
400533,,2,2
400676,8,3,11
400703,1,,1
400883,,1,1
400931,5,2,7
401080,,1,1
401082,1,,1
401167,2,,2
401214,1,2,3
401218,1,8,9
401446,,1,1
401524,,3,3
401602,1,,1
401634,1,,1
401668,,1,1
401699,1,,1
401883,1,,1
401941,,1,1
402053,,1,1
402057,,1,1
402146,,3,3
402285,,3,3
402309,,1,1
402373,,2,2
402549,,7,7
402611,2,10,12
402699,32,13,45
402799,,1,1
402887,5,,5
403083,,2,2
403244,,1,1
403258,1,11,12
403322,2,11,13
403327,1,,1
403429,1,,1
403561,1,,1
403572,,1,1
403779,,15,15
403796,133,122,255
403893,,2,2
403956,2,,2
404273,1,,1
404479,14,4,18
404786,,1,1
405119,1,,1
405259,2,,2
405483,,1,1
405504,1,,1
405563,1,6,7
405696,,2,2
406045,,1,1
406089,1,,1
406146,,1,1
406223,,2,2
406345,,1,1
406366,,1,1
406494,2,,2
406607,1,18,19
406651,,3,3
406801,1,,1
406861,,1,1
406899,,2,2
407021,,4,4
407061,1,3,4
407080,,1,1
407213,,1,1
407311,,9,9
407324,,4,4
407374,1,,1
407628,2,,2
407682,,1,1
407853,1,,1
407933,2,9,11
407935,1,,1
408066,,1,1
408388,1,,1
408460,,1,1
408497,2,13,15
408749,1,1,2
408971,34,1,35
409050,,1,1
409146,,2,2
409288,,1,1
409324,,1,1
409470,2,,2
409574,,1,1
409643,,1,1
409814,,1,1
409840,1,4,5
409873,,2,2
410009,7,237,244
410109,2,,2
410353,,72,72
410621,,1,1
410650,1,53,54
410838,,1,1
410848,1,,1
410931,,5,5
411087,,1,1
411112,7,1,8
411120,,1,1
411128,,3,3
411364,,1,1
411375,,4,4
411628,,1,1
411629,,8,8
411726,,1,1
411743,,1,1
411812,,16,16
411901,,2,2
411902,,1,1
412022,,1,1
412402,2,1,3
412468,1,,1
412562,,1,1
412641,2,,2
412759,2,19,21
412890,,1,1
412953,1,,1
413168,,4,4
413171,,1,1
413245,6,,6
413329,,4,4
413486,3,,3
413496,,2,2
413594,,4,4
414028,1,,1
414081,,1,1
414123,,1,1
414241,,3,3
414246,,3,3
414430,,1,1
414471,,1,1
414577,1,1,2
414803,,3,3
414854,,1,1
414894,,1,1
414905,3,2,5
415174,,1,1
415466,,1,1
415489,,1,1
415858,,1,1
415880,,4,4
416186,,1,1
416475,3,,3
416579,,1,1
416716,,1,1
416759,,2,2
416865,1,,1
416979,,2,2
417019,,3,3
417152,,2,2
417233,,1,1
417321,,5,5
417338,,2,2
417434,1,,1
417439,1,2,3
417486,,1,1
417490,3,,3
417537,2,1,3
417627,1,,1
417678,,1,1
417761,7,2,9
417798,,4,4
418095,2,,2
418171,5,3,8
418175,3,,3
418187,,1,1
418245,18,1,19
418280,,6,6
418481,1,2,3
418644,,1,1
419052,1,4,5
419075,1,9,10
419087,,1,1
419104,,1,1
419161,4,,4
419440,12,1,13
419578,,2,2
419638,1,,1
419651,,1,1
419757,,12,12
419767,,10,10
419800,,8,8
419829,,2,2
419947,,4,4
420047,,2,2
420183,14,,14
420209,1,,1
420374,2,3,5
420403,1,,1
420427,1,1,2
420524,12,2,14
420592,2,17,19
420748,,1,1
420758,,2,2
420804,29,11,40
420810,,2,2
420839,,3,3
421018,,1,1
421047,,3,3
421071,2,,2
421246,3,,3
421265,,1,1
421424,1,5,6
421448,,1,1
421493,,3,3
421684,,1,1
421735,,1,1
421978,,3,3
422043,1,2,3
422051,3,4,7
422293,,1,1
422297,1,,1
422462,,1,1
422519,5,,5
422747,,1,1
422826,,1,1
422859,,1,1
423056,,1,1
423074,,1,1
423239,1,,1
423240,,2,2
423242,,2,2
423252,,1,1
423295,2,,2
423337,1,,1
423381,3,1,4
423435,2,,2
423582,,1,1
423699,,1,1
423727,,3,3
423802,,4,4
423860,,1,1
423862,8,10,18
423983,,4,4
423995,,1,1
424049,1,,1
424143,1,7,8
424263,,1,1
424413,,18,18
424439,,161,161
424796,,1,1
424848,7,12,19
424897,,1,1
424930,,1,1
424960,1,,1
425027,1,,1
425204,2,1,3
425360,,1,1
425363,,1,1
425371,,1,1
425426,,1,1
425480,,1,1
425540,1,,1
425957,,1,1
426027,,2,2
426111,,1,1
426544,4,10,14
426585,3,2,5
426675,2,,2
426721,,11,11
426851,1,,1
427044,,1,1
427107,,1,1
427183,,3,3
427227,1,,1
427394,3,,3
427506,2,,2
427523,,1,1
427620,1,,1
427654,,2,2
427830,,3,3
427970,,1,1
427995,,2,2
428119,,2,2
428173,1,1,2
428272,4,,4
428399,2,,2
428419,1,,1
428575,1,,1
428676,1,,1
428739,,1,1
428836,,1,1
428886,2,,2
428948,,1,1
428958,1,,1
428994,1,2,3
429023,,2,2
429306,,2,2
429310,6,,6
429312,1,,1
429372,,3,3
429417,,1,1
429584,,4,4
429601,4,12,16
429738,10,25,35
429823,1,,1
429871,,1,1
430006,,1,1
430092,1,1,2
430096,1,,1
430314,,1,1
430321,1,,1
430466,,1,1
430476,,1,1
430487,,2,2
430534,,3,3
430545,,1,1
430769,2,,2
430934,1,,1
431017,,27,27
431658,,1,1
432072,,1,1
432248,11,,11
432330,,1,1
432607,,1,1
432624,1,,1
432638,,1,1
432690,,1,1
432866,,4,4
433016,,2,2
433023,,3,3
433157,2,,2
433255,,1,1
433603,,1,1
433663,,1,1
433679,,1,1
433917,1,,1
434346,1,,1
434394,,4,4
434427,,1,1
434448,2,,2
434571,,1,1
434607,,1,1
434816,,5,5
434987,,1,1
435016,,2,2
435084,,1,1
435089,,1,1
435244,,1,1
435255,,5,5
435282,5,,5
435288,4,1,5
435363,,1,1
435444,1,,1
435593,,1,1
435605,1,,1
435665,,2,2
435945,,3,3
435962,3,,3
435971,1,3,4
436051,1,,1
436171,,1,1
436181,1,7,8
436232,,2,2
436305,1,1,2
436316,,1,1
436345,4,12,16
436354,,1,1
436524,,1,1
436527,,1,1
436712,6,2,8
436800,5,29,34
436903,2,4,6
436907,1,20,21
436949,,1,1
436952,,3,3
436961,,1,1
437247,,2,2
437256,,1,1
437271,,1,1
437462,1,2,3
437588,,2,2
437638,,1,1
437702,,2,2
437715,,1,1
437720,,1,1
437761,,1,1
438076,,1,1
438215,,1,1
438240,,1,1
438295,2,,2
438299,,3,3
438330,,7,7
438473,,1,1
438520,,1,1
438539,,2,2
438556,4,,4
438617,,1,1
438713,1,,1
438870,,1,1
439002,,1,1
439311,6,3,9
439361,,1,1
439882,1,3,4
440216,3,,3
440303,,1,1
440321,6,,6
440412,1,,1
440433,,1,1
440688,,2,2
440767,,1,1
440850,13,2,15
440878,6,,6
440984,,1,1
441028,,1,1
441108,9,,9
441329,3,,3
441342,,6,6
441471,1,,1
441608,,1,1
442010,10,5,15
442031,2,,2
442061,,2,2
442062,1,,1
442134,10,2,12
442365,,1,1
442371,9,3,12
442519,,1,1
442585,23,31,54
442646,1,1,2
442718,,1,1
442827,,1,1
442912,,1,1
443191,,1,1
443232,2,,2
443432,,2,2
443441,2,1,3
443490,,1,1
443566,,1,1
443571,1,,1
443572,11,,11
443832,1,,1
443861,,1,1
443930,,6,6
443998,5,5,10
444246,1,9,10
444412,,6,6
444460,3,,3
444495,,2,2
444530,7,11,18
444540,5,1,6
444570,,1,1
444615,7,,7
444618,1,,1
444807,4,8,12
444882,33,6,39
444954,,1,1
444963,,2,2
445049,1,1,2
445339,3,10,13
445421,2,2,4
445478,,1,1
445564,,1,1
445591,3,4,7
445667,,1,1
445773,,2,2
445873,,1,1
445874,,1,1
445900,,1,1
445933,1,,1
445934,,1,1
446123,,2,2
446159,,1,1
446183,1,,1
446219,,1,1
446335,,3,3
446408,1,,1
446462,,19,19
446668,,1,1
446709,1,,1
447045,,1,1
447165,,1,1
447360,5,9,14
447411,,14,14
447851,,1,1
447858,,2,2
447880,,1,1
448030,,2,2
448079,27,3,30
448243,1,,1
448261,,1,1
448437,,2,2
448463,2,,2
448469,,2,2
448840,3,,3
448958,,3,3
448983,,1,1
449209,,2,2
449448,2,1,3
449694,,1,1
449722,,16,16
449801,,1,1
449939,1,,1
450039,1,,1
450131,,2,2
450169,,3,3
450318,,2,2
450494,,1,1
450663,7,,7
450716,4,,4
450827,12,19,31
450878,2,6,8
450911,,1,1
451072,,1,1
451097,,1,1
451102,,2,2
451111,,1,1
451218,,1,1
451670,,1,1
451781,,1,1
451945,,5,5
451992,1,,1
451999,2,,2
452028,,1,1
452240,,1,1
452276,,4,4
452605,1,15,16
452711,1,,1
452731,2,8,10
453081,,3,3
453211,4,3,7
453232,,3,3
453316,1,,1
453321,,2,2
453663,,3,3
454055,,1,1
454255,1,,1
454273,,1,1
454365,2,,2
454431,,1,1
454433,1,,1
454641,,1,1
454667,1,,1
454689,,1,1
454824,,1,1
454881,10,3,13
454952,1,,1
455048,,129,129
455167,,1,1
455299,8,72,80
455309,,8,8
455359,,15,15
455481,,1,1
455534,1,,1
455569,,1,1
455570,3,4,7
455571,1,,1
455706,,1,1
455846,1,1,2
455872,,1,1
455953,,1,1
455961,1,,1
455983,2,,2
456000,1,9,10
456034,1,,1
456054,,2,2
456140,,1,1
456221,1,3,4
456249,,2,2
456280,,5,5
456303,,1,1
456523,5,8,13
456624,,1,1
456706,1,,1
456727,1,,1
456831,4,,4
456943,,2,2
456950,1,2,3
456952,,3,3
457016,1,3,4
457122,1,13,14
457215,4,,4
457256,,1,1
457452,1,1,2
457510,2,1,3
457605,,1,1
457637,1,,1
457753,,34,34
457923,,1,1
458121,1,,1
458263,508,660,1168
458313,,1,1
458422,,1,1
458469,2,,2
458551,1,82,83
458643,1,,1
458764,,1,1
458823,,1,1
458837,,1,1
458839,,4,4
458908,2,3,5
459145,,1,1
459158,1,2,3
459487,,1,1
459574,,1,1
459628,,1,1
459723,3,,3
460205,1,,1
460208,1,,1
460243,3,,3
460253,,1,1
460378,,1,1
460476,,1,1
460660,,1,1
460662,,6,6
460774,,2,2
460781,,1,1
460946,2,1,3
461160,,5,5
461180,,4,4
461185,,1,1
461232,3,,3
461271,19,8,27
461360,1,6,7
461395,,1,1
461798,1,,1
461906,,2,2
461915,1,,1
461997,2,6,8
462091,,2,2
462174,,1,1
462190,,1,1
462252,,1,1
462253,,1,1
462262,2,,2
462434,,5,5
462570,,1,1
462669,2,1,3
462942,,3,3
462990,1,2,3
463024,,1,1
463133,1,,1
463198,1,,1
463265,,1,1
463310,1,,1
463319,1,2,3
463428,3,,3
463429,45,6,51
463543,2,,2
463566,5,,5
463616,2,,2
463632,,1,1
463691,4,2,6
463849,17,,17
464037,1,,1
464116,2,,2
464133,,1,1
464248,3,8,11
464287,,2,2
464646,4,,4
464670,,1,1
464678,,2,2
464765,7,5,12
464786,,30,30
464947,1,,1
465069,,1,1
465122,,1,1
465247,1,,1
465249,,3,3
465301,,1,1
465370,1,,1
465559,,1,1
465600,3,48,51
465619,,2,2
465655,,16,16
465822,1,,1
465955,,1,1
466013,1,1,2
466032,,34,34
466085,,1,1
466122,,1,1
466164,,1,1
466202,,3,3
466379,,1,1
466396,,6,6
466593,51,3,54
466780,,7,7
466796,,1,1
466935,,1,1
466963,7,1,8
466967,,1,1
467178,,1,1
467253,8,8,16
467598,3,1,4
467651,11,,11
467724,,8,8
467782,,8,8
467867,,2,2
467964,1,4,5
468198,1,,1
468379,,3,3
468742,,1,1
469234,12,28,40
469341,,2,2
469532,19,98,117
469693,1,,1
469745,4,6,10
469899,,1,1
469901,1,,1
469902,,1,1
470192,1,6,7
470609,,4,4
470947,,17,17
470991,5,,5
471014,,20,20
471017,,1,1
471056,2,,2
471113,1,,1
471218,,1,1
471265,,1,1
471327,,2,2
471333,1,,1
471405,,3,3
471437,,1,1
471713,1,,1
471781,,1,1
471892,1,,1
472393,,5,5
472561,,1,1
472784,,1,1
472909,,2,2
472977,2,,2
473091,,1,1
473220,,5,5
473243,,1,1
473462,34,1,35
473463,1,,1
473501,1,,1
473538,,2,2
473722,1,,1
473726,1,,1
473736,,1,1
473755,1,1,2
473794,1,2,3
473815,1,,1
474404,3,24,27
474567,1,,1
474576,3,,3
474672,29,14,43
474796,3,,3
474998,1,,1
475012,1,,1
475194,3,1,4
475608,5,3,8
475737,1,,1
475799,,16,16
475822,,3,3
475871,2,1,3
476169,,1,1
476199,,1,1
476576,,1,1
476585,11,5,16
476595,,1,1
476615,1,1,2
476656,,1,1
476705,5,2,7
476889,78,16,94
477108,1,,1
477153,2,,2
477162,6,1,7
477312,2,,2
477334,,1,1
477359,,1,1
477605,,1,1
477665,,2,2
477677,1,,1
477710,,1,1
477792,,1,1
477929,,1,1
478011,,2,2
478065,,1,1
478267,,7,7
478467,1,,1
478493,1,,1
478533,1,,1
478616,1,4,5
478695,3,,3
478734,1,,1
478777,,1,1
478971,,6,6
479020,1,,1
479132,,1,1
479159,1,3,4
479376,3,,3
479541,2,,2
479607,,3,3
479611,,1,1
479634,1,,1
479635,,1,1
479646,1,1,2
479776,,16,16
479887,31,14,45
480123,1,,1
480664,5,4,9
480751,1,,1
480800,,2,2
480833,1,,1
481100,,2,2
481239,,2,2
481298,,1,1
481394,,1,1
481463,,1,1
481554,3,6,9
481570,3,,3
481718,,2,2
481959,,1,1
482124,1,2,3
482160,,2,2
482525,,4,4
482575,,1,1
482667,5,,5
482892,,1,1
482935,1,,1
483035,,6,6
483054,4,,4
483174,,1,1
483204,,1,1
483219,,1,1
483229,,1,1
483333,,1,1
483549,2,1,3
483593,2,,2
483847,,7,7
484392,15,,15
484429,,1,1
484466,1,1,2
484576,1,,1
484614,,7,7
484631,,1,1
484656,2,1,3
484701,,1,1
484896,,1,1
484936,9,,9
484943,6,,6
485209,,2,2
485294,1,,1
485375,1,1,2
485522,,2,2
485528,1,,1
485604,1,14,15
485754,3,1,4
485858,49,52,101
485981,1,1,2
486032,1,,1
486136,20,3,23
486266,,1,1
486438,,11,11
486454,4,1,5
486542,2,,2
486634,,2,2
486644,,1,1
486759,15,9,24
486773,,1,1
486795,1,,1
486830,,1,1
486898,,3,3
486931,1,14,15
486956,,3,3
486960,,1,1
487020,1,,1
487040,,1,1
487101,1,,1
487176,,3,3
487337,1,1,2
487616,,1,1
488083,1,,1
488279,,1,1
488346,,1,1
488382,,1,1
488607,,1,1
488622,1,4,5
488660,1,,1
488723,1,,1
488747,,5,5
488970,,5,5
489025,,1,1
489026,,1,1
489104,11,2,13
489322,8,1,9
489380,,7,7
489455,1,,1
489494,,4,4
489562,,2,2
489684,10,,10
489696,1,,1
489746,,1,1
489947,2,,2
490075,,2,2
490141,1,,1
490185,,1,1
490343,2,,2
490594,2,,2
490631,,1,1
490650,,4,4
491044,1,,1
491139,1,,1
491158,11,4,15
491270,,1,1
491505,2,,2
491710,3,,3
491731,1,,1
491753,1,,1
491799,,2,2
491904,1,,1
491962,4,,4
492106,,1,1
492292,,4,4
492449,,1,1
492476,5,4,9
492545,,2,2
492668,,2,2
492676,1,12,13
492774,8,,8
492805,2,1,3
492908,22,1,23
493107,11,18,29
493227,2,,2
493324,1,4,5
493358,8,3,11
493452,,2,2
493489,,6,6
493492,,2,2
493637,1,,1
493785,,1,1
493880,1,,1
493993,2,,2
494019,,15,15
494158,,1,1
494194,,5,5
494292,,1,1
494355,1,,1
494362,,2,2
494403,1,1,2
494491,28,1,29
494549,2,1,3
494567,,1,1
494672,1,,1
494716,,1,1
494729,1,2,3
494771,1,14,15
494995,6,1,7
494998,1,,1
495038,1,,1
495162,3,4,7
495264,2,,2
495584,,1,1
495681,,7,7
495803,,1,1
496018,,1,1
496079,1,,1
496242,,1,1
496399,,46,46
496416,,1,1
496591,1,,1
496638,,2,2
496887,,1,1
496969,,1,1
497001,1,3,4
497025,2,11,13
497074,1,,1
497101,1,,1
497166,,1,1
497255,,1,1
497260,,1,1
497292,,2,2
497296,,1,1
497386,,2,2
497399,1,,1
497409,,1,1
497410,,1,1
497573,,1,1
497714,1,,1
497768,25,,25
497904,,1,1
497970,,3,3
498013,4,,4
498019,,2,2
498263,6,10,16
498312,,4,4
498394,2,5,7
498399,5,,5
498426,2,,2
498471,,3,3
498484,,1,1
498535,2,,2
498616,1,,1
498665,,1,1
498686,1,,1
498764,,1,1
498894,,5,5
498985,2,3,5
499054,,2,2
499216,1,4,5
499262,,1,1
499294,,1,1
499315,,2,2
499365,,1,1
499490,3,,3
499576,,1,1
499622,,6,6
499681,,3,3
499698,,1,1
499787,,1,1
499857,,2,2
499861,,6,6
499869,4,1,5
499890,,1,1
499914,1,1,2
499930,,1,1
499936,8,,8
500089,,2,2
500214,12,,12
500535,,2,2
500557,59,42,101
500566,,2,2
500667,,2,2
500851,4,2,6
500883,,6,6
500911,,1,1
500979,1,,1
500993,,1,1
501090,34,,34
501141,14,1,15
501202,4,,4
501225,7,1,8
501254,,1,1
501274,1,5,6
501454,1,,1
501497,8,2,10
501518,,1,1
501533,,1,1
501813,2,8,10
501865,2,,2
501906,,1,1
501969,,6,6
501986,,1,1
502051,1,4,5
502234,,27,27
502306,,33,33
502391,2,,2
502405,,1,1
502415,1,,1
502529,,1,1
502597,,2,2
502896,3,1,4
502928,,1,1
502944,,11,11
503051,,2,2
503074,1,,1
503217,2,,2
503312,1,,1
503346,,1,1
503358,,1,1
503447,1,,1
503661,,4,4
503662,1,,1
503697,1,10,11
503720,,1,1
503797,,1,1
503849,,4,4
503978,2,,2
504057,,1,1
504107,,1,1
504390,1,,1
504426,,1,1
504429,,2,2
504635,,3,3
504787,4,,4
504813,1,,1
504889,,1,1
504900,1,,1
505032,1,,1
505103,,3,3
505193,2,29,31
505222,,59,59
505271,3,,3
505405,55,24,79
505470,,6,6
505518,,3,3
505622,,2,2
505650,,1,1
505766,,1,1
505899,2,,2
505967,,10,10
506016,1,,1
506098,1,,1
506133,,1,1
506182,2,,2
506358,1,,1
506434,3,,3
506496,2,,2
506595,,4,4
506603,,1,1
506610,4,,4
506651,,2,2
506739,2,,2
506778,1,,1
506853,2,,2
506870,1,,1
506896,3,,3
506950,22,,22
506989,13,2,15
507111,,3,3
507145,1,,1
507171,,2,2
507278,1,2,3
507299,,1,1
507324,,1,1
507354,3,,3
507379,2,,2
507406,,1,1
507597,,3,3
507611,3,,3
507694,,1,1
507770,4,,4
507835,1,,1
507954,2,,2
508054,2,,2
508086,,1,1
508125,,1,1
508136,,1,1
508177,,1,1
508360,,1,1
508386,3,,3
508426,3,3,6
508488,,1,1
508640,,2,2
508738,1,,1
508780,,12,12
508861,4,,4
508988,3,4,7
509109,,2,2
509251,,2,2
509346,,1,1
509529,,71,71
509547,9,10,19
509578,,2,2
509614,8,,8
509670,,3,3
509678,,1,1
509758,,1,1
509839,,17,17
509912,1,,1
509941,2,,2
509943,1,11,12
510308,,2,2
510404,1,,1
510480,4,3,7
510526,,2,2
510558,2,1,3
510596,,2,2
510644,,1,1
510654,2,,2
510694,6,2,8
510781,,2,2
510797,,5,5
510896,2,,2
510985,1,8,9
510999,,7,7
511088,,1,1
511141,,1,1
511193,,5,5
511281,,1,1
511328,4,,4
511360,,17,17
511373,1,,1
511484,,4,4
511507,,1,1
511549,,14,14
511649,,1,1
511660,20,4,24
511698,,1,1
511737,,4,4
511821,13,14,27
511861,,103,103
511926,9,1,10
511953,,1,1
511999,3,,3
512000,,1,1
512061,33,7,40
512066,,1,1
512070,5,,5
512153,11,97,108
512165,3,,3
512386,,2,2
512426,1,,1
512492,,3,3
512512,,1,1
512561,1,6,7
512587,,1,1
512589,,1,1
512604,,1,1
512749,,1,1
512751,,1,1
512814,,2,2
512867,2,,2
513015,,2,2
513017,,1,1
513090,3,1,4
513124,,1,1
513218,24,3,27
513367,2,4,6
513391,,1,1
513495,1,,1
513662,,1,1
513663,90,64,154
513684,10,6,16
513833,1,,1
513856,,2,2
514028,1,,1
514085,,2,2
514101,,5,5
514115,,14,14
514277,3,2,5
514358,,1,1
514390,,3,3
514443,,2,2
514459,4,,4
514534,2,,2
514602,,1,1
514640,4,18,22
514704,,1,1
514737,,1,1
514754,,1,1
514864,,1,1
515009,3,2,5
515024,,3,3
515185,2,1,3
515378,,4,4
515450,1,1,2
515517,6,260,266
515580,,1,1
515784,,1,1
515955,,3,3
516088,,1,1
516237,,1,1
516293,,3,3
516374,,3,3
516453,2,,2
516603,1,1,2
516680,3,3,6
516685,,1,1
516734,,4,4
516773,2,,2
516793,1,3,4
516811,2,1,3
516822,7,3,10
516968,,1,1
517052,,1,1
517289,76,426,502
517354,,2,2
517459,,1,1
517487,,1,1
517515,1,8,9
517596,,4,4
517846,,5,5
517928,2,,2
517978,12,,12
518064,,2,2
518078,,1,1
518141,,1,1
518247,,3,3
518271,,1,1
518275,,1,1
518361,1,,1
518405,19,10,29
518421,,1,1
518442,1,,1
518455,2,,2
518459,3,1,4
518475,,1,1
518508,1,,1
518512,1,1,2
518653,,5,5
518678,,1,1
518682,,5,5
518708,1,1,2
518764,5,,5
518864,,1,1
518993,,1,1
519154,,1,1
519283,,1,1
519324,16,14,30
519383,,1,1
519442,1,,1
519564,,2,2
519569,,2,2
519608,6,12,18
519611,,7,7
519830,2,5,7
519860,1,,1
519931,,2,2
519957,5,8,13
519991,,1,1
520151,11,3,14
520221,1,,1
520236,,1,1
520353,4,7,11
520420,,2,2
520451,,1,1
520484,,1,1
520495,6,,6
520643,,1,1
520803,,1,1
520882,2,,2
520927,7,,7
520964,3,,3
521156,,1,1
521204,18,12,30
521225,,3,3
521228,,1,1
521279,1,,1
521285,1,,1
521362,4,,4
521394,,2,2
521451,,1,1
521481,3,1,4
521528,2,,2
521683,,2,2
521685,,1,1
521941,1,,1
522005,,1,1
522062,,1,1
522139,,2,2
522209,3,13,16
522245,,1,1
522254,,1,1
522281,,2,2
522463,,19,19
522471,,5,5
522493,2,,2
522618,,1,1
522729,,1,1
522812,1,,1
522831,,1,1
522832,2,,2
522865,,1,1
523127,1,,1
523177,,2,2
523371,,1,1
523456,,2,2
523711,,1,1
523744,2,,2
523906,1,,1
524154,,19,19
524161,3,,3
524440,,1,1
524698,,7,7
524729,1,,1
524878,,2,2
525044,,1,1
525066,,5,5
525138,,1,1
525286,32,73,105
525311,,1,1
525329,4,9,13
525504,,1,1
525549,,1,1
525552,1,,1
525648,3,,3
525945,1,6,7
526066,9,1,10
526122,3,,3
526234,1,2,3
