EID,LSCOUNT,LAWAMOUNT
64,4,506400
71,1,4600
117,2,387400
120,4,2207200
143,5,3600700
334,5,5361000
439,8,458500
480,2,8800
513,1,16000
882,3,30000
925,2,7049200
1066,11,429400
1239,3,83400
1378,2,59600
1402,1,40000
1445,1,3016100
1479,1,2200
1612,4,27504400
1683,7,88200
1793,18,150000
1893,2,48600
1961,6,3980600
1984,13,958200
2013,4,221524600
2157,2,21000
2183,1,34000000
2266,5,97300
2269,1,36000
2336,2,385900
2430,2,369800
2618,16,10111600
2674,2,223400
2746,4,47317500
2797,5,276600
2940,2,969000
2990,2,36200
3134,1,5700
3278,1,24100
3367,6,361400
3385,1,0
3488,3,72100
3615,1,127600
3628,2,59198200
3702,1,107200
3812,3,65000
3854,6,189700
4046,1,101100
4164,1,55200
4207,3,63300
4254,62,218981100
4442,13,1789719400
4583,2,190600
4626,3,8000
4672,1,335900
4794,1,7300
4921,4,68300
4952,1,59400
5046,1,56200
5113,4,360500
5176,2,88400
5407,1,101200
5600,1,90000
5618,2,30200
5631,1,23600
5642,1,602200
5865,1,70000
5969,1,0
5986,5,2583900
6247,1,14000
6281,3,30600
6455,1,172400
6525,1,342600
6540,3,49200
6591,1,45000
6692,1,626700
6694,1,3000
6720,1,15000
6758,3,13233000
7154,3,7232100
7226,9,2783700
7339,1,19200
7421,2,279000
7544,3,1654300
7668,1,45900
7819,2,67800
8147,1,710000
8250,2,1310000
8276,1,112400
8717,1,0
8889,2,200000
8964,4,131300
9324,20,23924300
9734,12,1472600
9849,10,8401100
10292,8,610200
10303,3,72400
10450,1,8500
10644,1,90000
10695,1,670400
10751,2,258500
10828,1,59400
10917,15,8549900
10961,3,153300
11029,3,454800
11072,1,0
11120,2,12800
11175,1,880900
11285,1,2265300
11291,1,3100
11305,5,446200
11399,4,30700
11659,1,144100
11798,3,21800
11848,9,53600
11928,1,6000
12073,5,137100
12098,2,63200
12127,4,21000
12130,2,949800
12168,2,82200
12173,1,901900
12255,4,129000
12278,1,80000
12322,1,500
12515,1,928300
12660,1,0
12845,3,6335400
12883,1,86700
12924,1,0
13187,1,239600
13196,3,50400
13235,2,54200
13339,1,800
13431,3,239600
13487,8,18786000
13566,2,6063600
13853,2,56000
13976,4,209300
14078,2,1736000
14404,14,67476600
14523,6,670800
14804,2,576800
14908,1,32300
14959,3,9117000
15057,3,29400
15074,3,31200
15447,2,13400
15583,2,4917200
15733,5,345100
15759,5,1101100
16035,1,8686900
16103,2,404600
16185,2,69200
16192,1,556300
16284,2,58100
16289,3,61500
16345,2,11000
16453,5,15200
16494,1,500
16510,3,2160600
16523,1,514100
17131,1,186000
17154,2,120600
17167,3,5064600
17297,1,4200
17358,2,22600
17376,2,135600
17607,1,16200
17641,60,801400
17709,2,1793000
17860,3,177900
17866,1,258000
17922,2,333000
17998,3,1163800
18124,1,185300
18246,4,28800
18282,2,40000
18743,3,28600
18781,3,363000
18909,3,33900
18937,8,183400
19096,4,24200
19112,2,221900
19225,3,4082400
19238,5,44400
19284,1,4500
19309,3,313800
19383,1,872300
19388,1,5400
19463,2,305000
19611,1,2069600
19744,2,172200
19807,1,7000
19837,2,68200
19890,6,31120000
20079,2,13600
20476,1,15100
20490,1,0
20724,3,18054900
20747,2,42800
20752,1,12800
20811,1,24200
20866,2,551200
20867,2,6000
20895,3,69200
20975,2,54800
21033,1,12600
21200,1,2100
21269,4,1798800
21391,1,3186300
21397,2,293500
21651,3,556600
21743,1,13300
21847,1,22000
21851,2,39600
21987,2,396400
22008,3,94200
22020,3,448300
22048,1,277700
22225,1,200
22341,1,2238200
22541,9,663300
22781,5,207900
22981,5,596900
23309,2,24400
23315,2,262200
23470,5,2138400
23474,1,5000
23582,1,0
23689,1,74200
23716,1,11447200
23742,1,3400
23768,14,1908600
23918,2,212400
24132,4,433600
24205,2,60200
24274,2,469900
24321,2,174800
24401,1,30814700
24491,2,40000
24691,2,77100
24812,5,62500
24823,2,741600
24827,1,351300
24839,3,17000
24935,599,44761900
25038,1,45000
25058,5,1378000
25098,1,9000
25103,1,19100
25515,1,39700
25752,2,10400
25906,1,84000
25952,1,2452700
25965,1,17914000
26187,3,24212800
26189,2,0
26304,1,4500
26346,1,1000
26348,1,10000
26459,3,83700
26517,6,609000
26642,1,187700
26743,2,2433400
26844,2,214200
26860,1,255100
27004,1,13100
27029,4,659100
27163,1,6300
27207,1,19100
27214,3,0
27372,1,20800
27497,2,341500
27807,2,5600
27864,19,605500
27999,1,10000
28103,1,30600
28123,1,227800
28197,1,25000
28204,4,33600
28368,3,1555700
28446,8,1432600
28471,2,166400
28600,3,16955400
28724,5,137000
28744,1,716700
28754,4,16040400
28782,8,6425600
28833,519,68169900
29041,8,2362100
29114,1,8600
29135,2,8000
29138,4,227100
29177,2,260400
29240,3,177500
29272,5,227000
29343,3,8500
29399,9,5681600
29438,3,60000
29470,2,7000
29512,3,14400
29544,23,118200
29604,45,13610700
29650,4,0
29966,1,87000
30022,1,26400
30023,3,51200
30056,2,10200
30150,1,341400
30283,6,1974100
30294,2,1920000
30365,8,18736400
30452,1,9500
30460,2,15000
30495,1,2005700
30680,8,203900
30792,1,283300
30862,15,19596700
30960,1,23400
31078,6,404100
31275,21,755600
31401,1,536500
31427,4,1098100
31513,1,7318400
31614,2,2028800
31721,2,78800
31797,1,12000
31888,2,37700
31905,4,97142400
32299,2,484000
32352,4,10100
32476,1,123200
32496,1,9300
32572,6,128800
32877,1,7500
32893,2,540200
32939,1,2400
33005,2,28600
33036,1,21100
33258,2,50889800
33285,1,105800
33409,1,426800
33412,4,4839600
33469,67,362200
33550,1,389200
33569,1,70000
33606,3,874200
33640,2,215800
33746,1,2600
33770,1,10000
33950,3,422200
34059,5,17900
34077,3,54200
34083,3,384300
34126,1,1000000
34150,4,7600
34321,1,20000
34333,3,0
34377,1,494600
34469,2,3570900
34546,3,77900
34554,1,24600
34609,1,17800
34895,1,1500
34924,1,2200
34957,33,285400
34979,2,3400
35018,1,0
35077,1,125700
35133,1,0
35488,1,52400
35694,4,284900
35767,2,25800
35837,3,2490000
35863,6,152100
35866,1,27400
35963,1,38000
36172,6,37418000
36330,1,1500
36390,1,8600
36518,28,845000
36540,1,68600
36582,1,567800
36598,2,317200
36654,4,71200
37196,1,55600
37369,2,2812200
37385,2,205000
37522,2,32000
37542,48,6047800
37710,9,85500
37946,1,33300
37968,8,6707500
37972,1,20200
37997,13,12230500
38114,1,55000
38154,12,1409700
38316,2,1100000
38419,6,300400
38431,6,39300
38611,7,153600
38656,2,23800
38673,1,9100
38685,3,20100
38697,1,1543900
38709,36,497000
38752,1,10000
38904,2,31200
39060,2,339000
39076,2,256000
39084,1,127900
39159,1,112100
39228,11,6856700
39302,4,28930400
39313,10,12611000
39521,2,513800
39623,3,1894800
39647,2,218200
39679,3,8214000
39714,2,399600
39779,3,24000
39822,2,21000
39863,1,73800
39909,1,1625600
39927,3,89400
40094,3,2765700
40121,1,117400
40237,3,93300
40396,1,6555100
40410,1,8100
40508,2,200
40720,1,11900
40846,3,1866600
40975,1,11800
41037,1,640000
41105,21,1566300
41197,2,240000000
41275,1,13800
41314,3,6000000
41320,11,1232500
41403,2,16900
41591,3,701000
41595,26,333300
41597,4,872900
41757,3,555500
41775,2,18100
41816,2,0
41865,4,235600
41901,1,501500
41913,2,223000
41933,2,19800
42011,2,400
42051,75,4213600
42201,1,34600
42215,78,18467800
42315,8,83500
42517,89,48586700
42569,4,171300
42583,2,1105000
42714,1,123300
42716,1,130000
42832,2,437000
42856,2,1623600
43045,2,306200
43073,2,2200
43105,3,4093100
43217,1,9700
43260,1,3260800
43262,1,44400
43276,1,331300
43292,3,2739000
43586,8,71300
43594,2,404400
43725,1,17800
43746,4,1710700
43748,2,82100400
44017,1,5200
44050,2,955400
44082,1,202700
44087,3,6373600
44117,1,27300
44295,3,100200
44302,1,23600
44329,1,30400
44373,3,900000
44547,1,917800
44677,1,30000
44867,1,13000
44906,2,1973200
44912,1,48200
44943,2,124400
44964,6,425600
45027,1,3700
45118,2,2290500
45136,1,499200
45143,2,39100
45211,2,156000
45255,2,66251000
45288,1,52000
45413,2,409800
45522,1,247200
45774,1,0
45901,6,34500
46169,1,81600
46353,2,12000
46361,1,21600
46412,1,1085100
46418,2,9700
46484,1,50500
46568,6,0
46592,1,337000
47144,1,0
47215,2,121200
47243,1,50500
47393,1,11500
47440,18,137200
47450,2,91200
47451,3,804900
47516,4,8100
47697,1,4500
47855,6,58500
48025,1,65400
48156,1,1400000
48239,2,7200
48407,1,1800
48449,2,107800
48506,181,159467400
48540,1,27200
48595,1,4100
48601,1,71600
48611,1,4200
48629,2,25400
48633,2,2600
48718,2,2500
48719,1,442400
48735,14,828800
48805,2,4141400
48821,2,1990800
48835,3,456300
48897,11,3168600
48940,1,0
48985,4,138000
49048,83,200
49177,1,671200
49387,1,40000
49426,1,1552500
49472,1,500
49489,1,3300800
49578,3,286200
49579,2,971900
49608,2,35200
49642,3,5100
49675,5,225800
49702,1,247000
49971,1,4900
49998,1,71800
50059,2,195800
50077,2,6000
50094,2,7000
50133,4,855900
50140,5,42600
50159,1,418500
50170,1,162400
50487,1,10000
50491,2,779400
50497,1,38100
50537,3,229400
50754,1,41600
50849,1,16356000
50904,1,2600
51024,1,12600
51068,1,53300
51181,1,7300
51228,1,0
51261,1,260000
51342,1,11400
51349,8,169100
51470,2,150000
51524,1,0
51576,1,146000
51684,3,339624400
51750,1,378700
52043,1,25000
52044,4,254300
52079,11,43170600
52192,1,1099000
52235,6,98500
52493,3,4687500
52521,1,50000
52677,1,55000
52811,2,2032200
52976,1,12000
52982,2,200
53092,2,83400
53098,3,390000
53205,2,291100
53458,2,60000
53610,1,1000000
53629,1,1236300
53693,55,1472700
53700,30,2054400
53722,3,683400
53832,5,61200
54015,2,142400
54056,1,23500000
54112,1,10342100
54126,2,12600
54153,1,546800
54193,1,76700
54376,4,296300
54404,7,164200
54675,5,218800
54693,1,41400
54829,24,148611700
54879,1,9800
55162,2,27400
55188,2,136000
55207,1,8752600
55283,7,120100
55345,2,147400
55383,2,16500
55480,2,90300
55493,4,464000
55621,3,33000
55641,6,419300
55821,3,75600
55822,52,135504600
55829,2,2056400
55943,1,12000
56010,1,10621100
56078,3,15180000
56117,3,456900
56210,5,104300
56227,4,50900
56355,3,639400
56415,2,59000
56473,2,0
56976,1,13500
57688,3,1249600
57705,4,2060300
57737,17,213700800
57782,2,85800
57873,17,592126400
57891,2,13600
57904,1,27752800
57915,4,605900
57949,1,2298300
58055,1,90000
58090,6,3600000
58140,4,7049200
58175,1,273100
58207,2,70600
58313,3,166000
58338,1,13500
58352,2,41800
58366,5,85700
58367,3,2486300
58508,4,95700
58540,1,44700
58619,1,744300
58737,1,22100
58742,1,10000
58978,4,9929500
59051,2,11000
59223,1,14200
59249,1,2371800
59297,2,168600
59382,1,31800
59486,2,41000
59519,8,19600
59536,1,762000
59654,3,44200
59686,1,1028200
59720,1,43700
59783,1,800
59930,3,40248000
59996,1,9000
60010,2,830000
60046,2,83400
60047,2,113400
60109,5,1159200
60205,3,126000
60247,1,3000
60263,1,3400
60502,2,3961800
60599,1,1350300
60605,3,104437100
60660,1,59800
60662,3,1192600
60827,3,338300
60831,2,34800
61174,9,0
61245,1,1777700
61420,1,55000
61614,7,1591700
61800,3,10392700
61820,1,4600
61828,1,2322400
61845,1,19400
61990,18,113600100
62175,1,12000
62199,3,148900
62222,2,9600
62305,3,2700
62475,2,12519200
62561,2,180000
62572,7,1361100
62678,1,28200
62699,2,30600
62781,2,131500
62834,1,112100
62836,1,4600
62864,3,96000
63019,2,377400
63096,7,387874400
63145,1,290000
63169,1,27800
63179,2,19400
63231,3,21600
63518,3,50300
63562,4,288200
63579,1,274400
63670,2,978600
63680,19,11812600
64055,1,251900
64065,1,2006400
64127,1,967500
64132,1,42400
64265,9,101900
64336,2,718200
64375,14,3246500
64419,1,0
64594,4,7965200
64719,2,69300
64757,1,12400
64772,1,216200
65028,19,98900
65035,3,219300
65097,1,11200
65159,3,1095900
65379,4,98907000
65510,2,25600
65593,1,1100
65610,6,22420700
65659,4,465200
65679,29,14171500
65681,2,2200
65705,4,222200
65886,2,30600
65950,3,43800
66085,7,47379000
66091,2,10900
66100,1,2500
66411,1,10000
66454,54,479900
66804,17,3082800
66856,5,377100
67070,4,167400
67432,1,12500
67479,1,33600
67481,3,80900
67658,1,384200
67747,2,39600
67752,3,117192000
67772,2,26205400
67811,4,155900
67929,2,313600
68006,5,3118500
68066,3,35000
68121,1,178500
68635,3,14695700
68677,1,11600
68750,3,8100
68852,2,139600
68937,2,254200
68961,1,275000
69127,2,1541400
69194,1,204900
69322,2,28800
69332,2,44600
69343,1,20200
69353,1,300
69395,1,100100
69522,150,163332800
69576,3,312600
69681,1,8000
69708,1,3500
69810,3,3450000
70147,1,6982800
70205,1,3700
70222,2,75800
70238,1,100000
70284,2,472400
70541,1,3000000
70544,1,48400
70615,1,19600
70730,5,104822200
70924,3,224900
70963,1,91300
70969,2,29600
71050,2,1000000
71057,2,43800
71306,57,37716800
71376,4,6482000
71476,2,0
71510,1,191000
71642,4,492600
71814,1,20300
71897,1,665200
71962,2,200
72084,2,121000
72192,1,3400
72440,3,24500
72499,2,64200
72738,3,50000
72909,2,83000
72966,1,7100
72989,5,35000
73025,1,50000
73069,2,8800
73160,5,5080600
73162,2,104600
73197,2,1827800
73323,2,460000
73329,1,63900
73355,2,2294200
73632,6,71200
73651,2,0
73722,1,3600
73762,1,531300
73791,2,420500
73808,2,35200
73931,1,3100
73932,1,3100
74210,10,1234000
74275,6,2754700
74379,4,74000
74469,10,1820000
74582,1,4500
74632,2,79000
74690,3,114000
74717,1,0
74910,1,330000
74982,2,23950000
75007,2,13461500
75090,2,5530200
75139,3,33364100
75192,1,30000
75419,2,74000
75459,2,52400
75589,2,10100
75603,7,143800
75765,1,118700
75836,79,13410500
75845,1,12900
75901,1,14800
75937,1,103300
75994,1,257400
76139,12,324700
76227,2,12200
76241,1,81200
76315,1,50200
76413,1,7000
76570,1,29900
76633,1,66000
76651,1,30481800
76672,1,24200
76720,1,1697800
76814,3,43100
76819,6,1419800
76840,1,22300
76899,4,913800
76905,1,7600
76955,1,118600
77103,2,231500
77116,4,29901000
77163,1,6500
77171,2,41000
77205,2,178000
77224,2,19000
77273,2,59600
77338,2,1943000
77461,1,2883100
77600,1,2864300
77678,1,818200
77717,1,5800
77777,2,3430000
77845,1,41500
77921,90,15102100
77987,1,1000000
78004,1,0
78017,1,33800
78069,8,14444200
78216,4,391500
78270,1,18300
78343,2,4585200
78556,1,134500
78595,8,90300
78604,1,612800
78615,20,511800
78712,1,219200
78714,1,56300
78824,10,47400
78906,3,86105800
79088,1,50700
79149,41,34292500
79175,4,10828000
79183,1,100
79195,10,131500
79223,1,44000
79331,4,47749400
79512,1,821900
79612,2,20800
79786,3,209700
79881,2,8200
79928,1,1800
79947,1,12200
80031,1,30700
80096,5,3765700
80117,7,4289100
80124,1,5200
80235,6,643400
80349,2,101000
80527,3,183000
80532,1,0
80573,1,471500
80622,1,2498600
80628,1,20900
80697,1,116800
80721,1,26500
80938,4,880000
81022,1,0
81028,2,5000
81064,1,1034300
81248,1,33000
81492,1,0
81653,8,128600
81685,2,16000
81793,1,2600
81951,2,190000
81975,2,90000
82068,2,424400
82107,3,19453400
82141,1,0
82164,7,85098600
82240,13,691400
82262,1,56800
82332,2,34000
82466,2,8800
82658,1,157400
82759,2,739200
83042,2,105000
83437,2,5284200
83443,1,28200
83535,1,76900
83692,10,142300
83697,2,60600
83868,2,261900
83895,3,84900
84106,4,196800
84193,1,54300
84306,2,44600
84383,2,68800
84551,2,31800
84569,3,49200
84647,4,224300
84702,11,3259600
84843,4,34789700
84973,2,0
85222,3,66241300
85230,1,60000
85285,28,6943400
85394,1,2800
85494,1,8800
85526,4,82800
85565,2,253200
85896,2,0
86052,2,228000
86182,1,16100
86217,1,228700
86269,8,858600
86454,1,0
86457,1,70800
86476,15,9235100
86481,2,18800
86492,2,74000
86627,1,3500
86729,2,781000
86750,4,130300
86998,3,115800
87048,1,657300
87086,3,1127400
87106,1,36600
87202,1,125000
87224,1,161000
87226,2,885800
87339,12,1385100
87353,74,49948800
87524,1,24400
87600,10,4249100
87604,1,0
87780,2,39866200
87801,1,371100
87974,4,545000
87997,2,21200
87999,1,24500
88034,3,123400
88130,1,4603800
88198,1,138000
88221,1,12400
88352,1,74600
88431,2,6000
88607,2,1130800
88654,10,38836600
88740,2,214600
88840,1,6000
88947,2,58200
88965,1,102000
89065,1,4000
89181,3,84700
89262,4,19800
89336,1,5000
89481,1,40900
89683,1,16000000
89690,2,15600
89726,7,3131200
90115,12,0
90453,3,40500
90469,1,0
90518,1,54000
90576,3,54300
90737,6,3931400
90748,4,2152600
90803,1,10100
90869,1,2600
90909,27,3127100
91202,2,6694400
91234,2,16200
91255,1,100
91309,2,13200
91356,35,691100
91361,17,129133900
91398,1,0
91520,2,1666100
91522,15,151038700
91665,6,145100
91804,6,2885700
91810,2,0
91945,5,43500
91982,2,24600
92038,2,696600
92048,1,86000
92148,1,5500
92194,10,31000
92208,3,1359400
92241,2,2800
92357,1,4000
92421,1,55200
92511,5,49500
92527,15,7066400
92547,2,131400
92670,5,40900
92725,2,107400
92932,2,42159400
93138,13,631300
93417,6,422900
93594,2,3121800
93620,1,530800
93668,2,128000000
93763,7,1599900
93786,8,4729800
93794,2,45200
94000,3,22492800
94036,2,37400
94148,5,132600
94297,3,212500
94325,1,24937600
94547,3,6800
94563,2,9000
94577,1,13500
94751,1,562500
94847,1,321100
94918,1,1000000
95044,1,28300
95054,2,0
95075,6,26500
95095,8,584100
95141,1,14500
95178,5,147400
95273,4,87300
95325,17,5418700
95426,2,4055300
95439,3,60000
95479,4,48000000
95530,15,8889500
95590,2,147000
95668,3,96100
95802,2,925000
96223,1,283800
96249,1,44700
96270,2,65400
96439,1,16400
96460,2,139800
96503,4,1227000
96621,1,144800
96658,1,0
96960,1,800
96975,2,32200
97006,1,10200
97032,2,510000
97233,1,76700
97267,1,755400
97281,5,2495500
97296,2,43800
97304,1,2956800
97478,1,88300
97535,3,2169300
97596,1,25800
97829,2,39500
98034,3,3500
98058,2,517400
98417,2,120100
98634,2,1301300
98709,3,2085000
98721,4,23000
98739,1,4000
98741,1,0
98753,1,71700
98864,1,390500
99004,1,58400
99252,2,88600
99260,2,335200
99271,1,65000
99287,4,8152900
99303,3,214100
99475,1,9000
99518,3,779400
99585,6,933800
99664,1,0
99671,1,0
99732,9,35349800
99762,1,591588900
99785,6,3614500
100075,1,3000
100126,1,245100
100154,2,30600
100156,2,109840800
100274,6,145200
100327,1,320200
100743,10,43700
100865,3,77776300
100884,2,126547900
100938,2,96300
101128,2,1002300
101199,2,5000
101325,1,11400000
101347,2,89000
101429,1,6500
101558,9,9444700
101666,1,450876300
101984,3,54411800
102006,1,3000000
102131,2,0
102327,2,307600
102417,3,20000
102558,1,2852600
102575,1,2500
102607,1,8000
102681,1,4992200
102698,1,0
102700,21,158000
102808,3,161100000
102820,2,4698800
102847,1,38000
102854,4,24700
102896,1,749800
102929,2,847000
103076,6,51200
103080,2,60800
103157,2,17400
103305,1,30800
103375,2,13900
103381,2,129766800
103394,1,22500
103590,4,192400
103650,3,1152000
103654,5,571800
103684,3,643500
103731,1,1667100
103941,2,1144400
104048,2,18936000
104109,1,60000
104162,1,17000
104267,3,84000
104472,1,1821000
104554,3,455100
104652,15,639400
105031,2,16000000
105294,2,62396400
105383,7,1128600
105545,2,1500
105587,2,18600
105634,1,1521600
105978,4,191600
105986,1,20000
106006,11,136500
106025,1,8800
106052,5,4880600
106128,2,165600
106218,2,19500
106304,1,27500
106376,2,1040000
106394,1,11600
106408,1,0
106527,1,110000
106571,2,9200
106639,13,44421500
106681,1,748200
106694,1,30000
106928,1,262500
106939,3,1307800
106994,1,60000
107313,4,598500
107514,2,17800
107537,1,24800
107604,1,364700
107773,3,147900
107947,3,50002400
108016,8,40591300
108030,2,2891300
108130,2,6938400
108149,3,36600
108155,1,0
108165,1,1675500
108298,1,15300
108506,1,13679300
108551,4,12000
108623,4,132000
108667,1,12100
108816,1,1000000
108843,2,6000
108942,3,716370000
109031,1,223200
109066,1,1050700
109078,1,122100
109175,5,59100
109266,1,39000
109514,3,32900
109649,1,41700
110069,2,165500
110163,2,3087200
110261,1,21400
110548,1,385600
110634,3,28000
110662,2,11000
110800,5,0
110874,3,1124400
110943,2,400000
111096,2,3974300
111103,2,101400
111120,1,100600
111166,2,409600
111213,3,1700000
111275,1,58600
111279,7,746700
111318,2,24600
111351,3,187900
111360,1,106500
111371,1,0
111413,1,0
111416,2,201800
111484,1,93100
111608,5,0
111655,3,675600
111663,4,155400
111705,1,2700
111782,2,160200
111848,11,29992000
111869,1,1224400
111906,1,9200
112007,2,6500
112180,5,106500
112192,3,2646400
112335,1,18900
112463,4,25600
112551,1,234367900
112669,1,1261100
112695,3,34250600
112791,2,9800
112953,1,20300
112983,5,2317400
113123,8,611000
113213,3,217200
113324,68,201828000
113748,1,22200
113809,7,932000
113888,4,303200
113906,6,3253700
113951,15,885000
114018,3,5400
114051,2,18000
114192,1,13900
114259,2,163600
114271,4,426100
114273,1,0
114410,4,87300
114480,2,0
114585,8,163100
114662,1,170000
114696,1,466600
114751,4,115000
114839,1,0
114862,19,9699200
114933,1,6000
114972,3,897400
114982,2,137400
115044,2,14220400
115163,2,12800
115204,1,136300
115213,5,107200
115258,1,488100
115317,1,13900
115351,1,85500
115527,1,183500
115642,1,28400
115746,3,751100
115776,3,2079300
115857,2,646200
115893,3,4262700
115937,4,38897900
115978,1,127800
116003,1,62000
116111,2,6800
116343,3,780300
116386,1,2000000
116492,2,1800
116582,3,22800
116712,6,505500
116737,1,144000
116824,1,49300
116925,18,221200
116926,1,32100
117052,2,48638800
117285,1,952800
117349,1,120300
117465,5,7711100
117569,15,325900
117688,1,0
117705,64,1019200
117738,2,1874400
118544,14,391900
118611,1,100000
118720,2,14000
118922,3,414000
119119,6,12745300
119283,2,150400
119403,1,829300
119432,1,0
119474,4,1573200
119555,2,24700
119611,1,48800
119646,1,64200
119857,1,1600
119860,3,2343000
120135,4,1603000
120163,1,0
120214,2,443800
120291,3,512000
120366,2,51200
120501,2,2731800
120765,8,72300
120886,2,6694400
120934,1,749200
121074,6,1252500
121103,5,70900
121161,2,11000
121299,5,78800
121372,1,466600
121375,1,20700
121486,2,1300
121544,1,10000
121661,13,2721200
121706,45,1204100
121722,1,2700
121754,14,317000
121797,26,107005200
121878,1,9000
121985,1,523800
121994,2,0
122245,2,80000
122259,1,15800
122376,2,400000
122516,2,31707600
122600,3,0
122824,1,153900
122893,1,5400
122929,3,187800
122953,1,1900
122970,10,18564600
122974,1,1365000
122988,2,4000000
123026,6,689400
123028,1,12600
123063,5,6700100
123075,1,12700
123107,3,7900
123124,1,1400
123356,1,7000
123369,1,1028600
123416,2,10130800
123438,1,1500
123667,1,0
123762,1,7500
123771,18,323600
123788,2,18000
123848,1,69500
123859,1,4300
123929,2,58600
123981,8,611094800
123988,1,22800
124375,2,22700
124521,3,301900
124641,1,249500
124900,2,50000
124952,2,481700
125148,5,252500
125186,1,5910000
125462,1,100300
125483,1,17600
125586,2,38100
125588,1,4903600
125644,1,60000
125733,8,40000000
125864,2,445200
126050,1,17500
126339,2,468282000
126355,1,1500000
126520,1,242200
126528,8,1519600
126707,2,20800
126949,1,80000
127097,11,81553000
127172,4,11127200
127202,1,296500
127231,2,60000
127237,2,26600
127308,19,11271700
127328,2,113200
127398,2,2188000
127440,1,326300
127441,2,2403600
127476,6,13577200
127546,1,4200
127549,1,36200
127702,2,229200
127741,2,75400
127808,76,657075800
127890,3,176600
128016,1,38900
128386,2,56000
128402,6,13957900
128488,1,330400
128591,3,780000
128896,3,82900
128898,1,33200
129115,1,47000
129240,2,1014900
129245,1,26000
129339,2,66000
129447,2,3630000
129641,4,4992000
129666,14,294600
129668,1,0
129674,1,4278600
129778,2,435800
129812,2,139000
129908,6,220700
129976,6,5676900
130091,4,45200
130123,1,25900
130148,1,144600
130213,2,0
130255,7,29766500
130261,1,652000
130286,5,8312400
130342,1,3500
130430,8,662600
130654,1,75600
130747,2,26600
130784,3,36500
130811,7,4080700
130889,3,84000
130905,1,140000
131119,1,30300
131123,1,21500
131353,5,614700
131411,1,18800
131644,2,280000000
131649,2,900
131698,5,325200
131750,2,102800
132093,2,0
132141,3,1389300
132173,2,159400
132185,13,13864600
132194,6,11800
132287,1,181400
132463,12,3112300
132587,3,39600
132697,21,1819000
132871,6,12612500
132943,3,2361000
132986,1,5500
133100,4,784000
133259,1,300300
133278,1,313300
133280,2,6671000
133689,3,684900
133723,3,41800
133782,1,99400
133863,1,35800
133873,8,448700
133875,1,11100
133901,1,1534700
134089,2,764900
134154,8,525200
134238,2,2017600
134252,1,62200
134380,2,10000
134433,2,8052000
134452,1,10900
134608,4,507700
134737,1,0
135125,1,84100
135153,1,28700
135158,2,75600
135209,1,7780600
135747,3,144900
135844,1,431200
135845,4,252000
136019,2,250300
136020,1,348000
136146,5,657400
136153,3,2000000
136300,6,281400
136417,2,46400
136430,2,218400
136492,235,4633100
136668,2,356600
136846,2,10600
136893,8,483493200
136999,1,20600
137096,2,82600
137119,3,42600
137229,1,1071500
137506,7,100400
137546,2,120600
137562,1,20000
137761,2,61200
137969,3,627400
138066,3,41908800
138076,1,10400
138157,1,6535700
138183,1,4500
138327,1,863600
138364,5,880600
138378,1,0
138409,84,25374100
138434,17,991100
138618,7,6460400
138844,1,495400
138896,2,22000
138971,4,1762500
139056,1,3000
139079,10,126600
139250,2,2104300
139252,1,60000
139270,1,24200
139276,1,234600
139346,1,0
139393,3,72765800
139476,2,100400
139927,2,12800
140004,1,250000
140054,4,70300
140078,3,13922900
140091,2,82000
140230,1,2578200
140255,1,5600
140350,1,66000
140430,2,180500
140456,1,40175000
140504,1,998700
140648,2,121400
140772,1,700000
140843,1,686200
140866,3,96000
141009,1,4000
141013,2,2963800
141125,2,797700
141184,3,40300
141216,3,201200
141249,1,24800
141418,1,617500
141519,2,4197900
141522,2,48800
141591,2,39400
141703,10,56400
141709,2,1300
141889,3,65500
141947,4,208800
141966,2,115400
142045,2,33600
142115,1,14800
142224,10,465400
142234,1,7000
142269,3,18300
142352,2,362200
142392,6,119400
142508,3,12547300
142513,2,2280000
142719,1,21600
142830,2,122600
142895,1,10400
143026,2,2764000
143144,1,30800
143380,1,4600
143400,2,2608400
143639,14,1788300
143653,1,12800
143768,1,0
143787,1,20000
143842,1,114000
143878,7,24524300
143901,8,423700
143935,1,674400
144254,6,2621200
144316,5,501800
144321,28,2317500
144402,2,16600
144404,6,39699500
144438,3,326500
144529,1,39500
144767,1,4200
144986,1,998100
145006,2,25957400
145026,1,11300
145138,5,739400
145147,2,3000
145168,1,37300
145196,4,107200
145336,1,211000
145513,1,186700
145534,1,15000
145588,15,83086500
145675,1,30000
145778,6,110900
145853,8,17974600
146038,1,42100
146145,1,219400
146433,3,4919600
146505,1,2856600
146541,1,20400
146734,6,199400
146765,13,234800
146850,3,271200
147078,2,146800
147113,2,6392600
147122,3,298800
147193,1,127200
147204,3,14234700
147302,1,7000
147316,3,3600000
147501,5,7300
147859,1,500000
147878,2,12400
147932,1,20300
148030,1,19000
148077,13,270200
148128,1,1880000
148344,3,12100
148394,1,12900
148529,2,420000
148634,2,22404500
148648,11,165700
148669,1,5000
148799,18,212900
148873,4,714000
148931,2,75200
149051,1,7200
149253,1,5400
149322,1,12000
149375,2,13600
149563,2,27400
149566,1,20000
149761,1,1925100
149943,2,0
150123,1,300
150255,1,1619500
150373,22,106100
150447,2,325400
150544,6,14988000
150695,5,85300
151002,3,3477300
151059,3,34800
151124,2,102200
151140,6,15213900
151191,5,200878100
151314,1,6000
151363,1,70000
151420,6,6175400
151440,18,5021700
151495,2,14300
151594,3,107200
151631,4,84000
151690,2,190600
151742,1,0
151782,1,5600
151866,3,5600000
151873,29,17588900
151914,1,47400
152159,6,23860900
152413,6,103700
152453,2,11900
152520,3,13888000
152535,1,63200
152736,2,61600
152973,2,10111000
153013,3,122700
153028,1,1293700
153074,20,4294700
153092,2,10000
153248,1,2463500
153257,5,84200
153341,2,357400
153492,2,317000
153510,2,99200
153580,2,100800
153649,6,0
153670,1,4000
153671,2,75000
153907,2,1222200
153936,16,1276200
153938,3,1054100
153979,1,0
154015,3,133100
154064,4,315000
154108,2,30000
154272,1,192300
154414,1,0
154574,20,9414700
154620,1,83900
154686,3,635400
154713,2,14000
154752,3,12300
154965,8,5013200
155108,2,257000
155343,4,135000
155470,1,14000000
155481,1,0
155611,1,0
155766,1,12200
155848,1,1200
155854,2,30000
155877,1,61300
155955,2,50000
156045,1,71200
156218,2,78400
156272,1,1400000
156311,4,160400
156426,5,6812900
156516,1,152061400
156544,1,20000
156578,1,31300
156595,3,195600
156756,13,286900
156832,2,54300
156856,7,117800
156878,1,25600
156884,3,72300
156997,2,12300
157007,1,1393000
157206,7,2246100
157419,1,31000
157524,1,38200
157544,2,28500
157626,2,38200
157666,2,181800
157757,1,2000000
157773,3,607100
157778,2,40000
157843,6,15981300
157854,2,20000
158057,1,487200
158064,2,264600
158186,9,102200
158188,1,3000000
158226,4,262100
158301,5,3500000
158361,1,500
158394,1,170000
158506,1,30700
158585,2,481900
158606,2,205800
158856,2,34100
159063,1,20300
159155,1,101200
159243,1,4387200
159249,1,104700
159356,1,7500
159407,1,1014000
159460,7,55000
159536,2,3200000
159562,6,254320500
159579,2,5600
159590,2,0
159685,3,720000
159807,2,40000
160009,1,1200
160441,2,14851400
160580,2,3935200
160584,3,380700
160695,1,160000
160711,1,12100
160830,5,349700
160959,4,69800
160961,1,530300
161038,1,178000
161103,1,3100
161165,1,133600
161312,2,395900
161426,1,24100
161437,11,450200
161482,3,1710000
161521,7,217700
161622,1,362900
161976,2,49000
162053,1,1862900
162502,6,84700
162693,16,967000
162886,4,289600
162908,1,2900
162968,4,81700
162979,2,1594900
162990,1,5500
163083,2,0
163135,1,4500
163445,1,965100
163572,2,1020000
163587,35,58050100
163727,1,21200
163807,3,750200
163917,2,618000
164163,1,24900
164379,1,44100
164481,1,227600
164533,8,109000
164560,2,1114800
164603,3,1574300
164713,1,80300
164857,2,392400
164881,4,3058400
164922,1,3200
164961,13,13948500
164969,3,43410000
164978,2,2000
165074,2,293800
165079,18,78770800
165092,1,14100
165143,1,5500
165357,6,189700
165373,1,43100
165439,2,400000
165494,2,14459000
165576,39,296200
165709,9,86600
165793,2,600000
165850,20,54604600
165878,5,301800
166002,2,832800
166038,1,1006900
166147,1,30000
166160,3,306500
166250,1,255000
166432,2,111800
166503,1,260200
166668,1,138500
167048,21,656200
167050,1,9400
167077,2,48000
167082,1,28400
167410,3,202038400
167631,3,200000
167810,1,58600
167844,1,49000
167986,3,161700
168116,9,85000
168133,3,255100
168168,3,616000
168245,1,5056000
168368,3,182030100
168420,3,604000
168430,1,135100
168440,63,447200
168537,1,86000
168587,2,3350000
168704,2,1000
168798,2,382700
168820,1,73300
169013,2,127128800
169074,1,800
169076,2,14000
169139,1,36800
169249,1,7000
169310,22,55939400
169598,7,108400
169665,1,349500
169737,2,3400
169741,2,65200
169810,1,3600
169988,1,13300
170384,4,2569700
170481,1,1157000
170538,4,618800
170561,1,1088400
170664,4,92500
170676,2,7600000
170719,116,43554000
170848,19,25202800
170857,2,36500
170925,1,13415000
170994,1,3800
171119,2,2402000
171179,149,2160900
171231,3,240000
171237,1,2000
171251,27,6318300
171399,1,419100
171624,3,4111200
171770,1,551900
171803,2,16000
171935,7,48000
172036,3,6300
172256,1,25900
172773,2,2027600
172836,1,1723600
172966,28,20400
173046,1,0
173181,1,17200
173247,3,873700
173367,3,367900
173372,1,20000
173393,12,2944200
173611,1,56900
173615,2,369400
173814,1,500000
173852,3,18690100
173896,2,428600
174040,1,140000
174221,1,813000
174244,5,444800
174500,1,0
174503,2,629200
174515,8,4828200
174520,1,0
174575,2,30300
174626,1,28000
174652,4,7644500
174830,4,1201000
174905,1,33000
175088,1,1900
175125,4,135300
175245,1,15000
175278,1,130000
175325,2,191600
175378,4,50700
175436,2,24900
175472,3,55800
175502,1,17600
175527,1,2041900
175669,4,36800
175737,2,128900
176328,2,435800
176534,3,45200
176769,2,112000
176817,1,16809700
176881,1,13800
176887,3,175800
176916,5,33500
177175,3,196600
177189,2,35100
177217,1,1200
177287,4,84600
177403,2,100
177786,2,9000
177846,5,50758100
177865,1,1800
177868,2,148000
178171,1,316700
178227,1,84300
178461,5,38400
178515,1,13000000
178602,5,99200
178719,9,605200
178737,1,31700
178839,2,800400
178844,2,22874200
178905,1,4000
178990,1,380000
179020,7,116900
179068,8,17155600
179269,1,35600
179375,3,186300
179453,1,28600
179491,2,252200
179639,2,13500
179649,7,24200
179888,2,135000
180022,2,2530300
180223,1,300000
180268,1,0
180375,22,6745600
180595,3,142700
180631,3,43400
180692,1,1500
180810,1,60000
180846,1,0
180866,19,75692400
180965,1,1073900
181034,1,60200
181086,4,97100
181091,1,140200
181204,1,23000
181445,3,327600
181721,2,61356300
181877,3,63000
181937,2,12800
182099,24,37086800
182130,2,7800
182157,2,432600
182169,2,27000
182197,2,11600
182433,3,2435400
182514,18,35663800
182734,1,0
182785,1,1190000
182817,1,5700
182952,1,15000
183086,1,9000
183217,26,10964700
183277,4,1071200
183314,1,5800
183338,2,46400
183409,1,221300
183457,1,231100
183708,1,0
183816,3,22000000
183833,1,6214300
183850,5,80000
183922,21,31033500
184011,1,28600
184046,2,688400
184072,3,69000
184086,1,113600
184206,2,2251400
184216,1,647100
184351,2,139100
184444,1,605000
184477,1,110000
184565,2,489000
184630,1,349000
184634,2,240600
184688,2,740000
184731,3,161400
184833,1,11500
184966,5,156900
184975,17,434300
184997,2,157800
185038,1,3300
185253,1,3000000
185255,2,321300
185265,3,238800
185271,3,90400
185385,1,36000
185433,2,61000
185459,2,8800
185617,3,185900
185667,1,1000
185672,1,206200
185687,3,12000
185791,2,22400
185915,3,0
186152,1,400000
186203,1,18900
186212,1,197500
186419,2,174900
186525,1,3700
186793,18,1586200
186871,2,0
186894,1,60600
186913,1,20000
186920,1,1800
186926,12,4034700
186961,1,22000
186967,1,604500
187090,6,256500
187099,6,332800
187192,8,10542500
187274,2,41800
187390,1,351600
187410,13,13649200
187448,2,445800
187481,2,54200
187538,2,1000000
187571,1,14300
187630,1,280000
187685,1,14600
187933,2,86200
187971,1,64000
187993,1,118000
187996,3,57000
188140,6,500000
188193,3,2143400
188516,1,284600
188562,1,0
188630,1,50000
188676,6,246100
188753,1,22700
188821,1,441700
189196,2,167000
189205,2,168500
189278,2,120000
189319,2,0
189431,47,622800
189605,1,11200
189652,1,100000
189658,1,12700
189788,2,81200
189819,2,732300
189863,2,28800
189878,3,556800
189920,2,124300
189938,2,24000
190211,2,39700
190235,2,58600
190259,6,698600
190397,3,130300
190453,3,6287800
190538,1,85000
190702,7,259600
190984,2,21400
191025,2,2472000
191202,4,7683300
191359,2,89800
191420,1,240000
191546,2,80100
191602,1,1541700
191620,1,2300
191669,1,2400
191738,1,76400
191741,14,685284400
191875,2,3400
191880,4,41200
191985,1,757200
192115,1,9300
192165,2,159400
192289,2,904800
192359,1,30000
192380,2,0
192670,1,24700
193115,1,296500
193252,1,297800
193449,7,572900
193664,1,0
193694,60,17897800
193803,2,42800
193815,1,4339100
193911,1,19800
194194,5,177000
194790,1,3000
194875,2,60000
194950,1,0
195016,2,454600
195059,17,16172400
195061,2,75000
195245,6,287200
195256,1,3635600
195338,2,10381800
195427,16,13702300
195463,2,373800
195501,2,90400
195540,1,85000
195581,2,19300
195664,1,0
195675,2,10400
195758,1,34000
195778,1,6039000
195795,2,392600
195907,2,23200
195946,1,50500
196002,1,168600
196010,1,6400
196116,8,1532900
196248,1,91200
196261,1,101500
196332,4,1102800
196505,1,126900
196634,1,7100
196658,2,5004600
196784,1,76400
196810,1,69100
196853,2,373000
196957,2,34000
197012,1,1500
197062,2,308400
197250,3,233000
197440,2,12100
197605,3,52500
197609,4,360000
198014,3,38470900
198034,1,19700
198107,2,310800
198273,1,110700
198304,1,5000
198482,1,61600
198520,1,2200
198599,1,166200
198650,2,1269200
198802,3,47635400
199017,1,3000
199121,4,54900
199228,1,22100
199589,1,255300
199727,2,72000
199736,3,63100
199786,12,7159300
199960,3,161400
200016,1,0
200080,1,2131000
200133,1,200
200260,40,521200
200270,4,30000
200277,1,751900
200280,3,110000
200292,5,16050000
200616,18,256099200
200738,2,48400
200759,3,3962100
200946,1,70314800
200969,1,450000
201035,1,220500
201139,6,260400
201178,14,54533100
201213,3,10800
201291,3,1735800
201340,2,2800
201475,1,9100
201490,2,1040000
201534,1,34100
201622,4,79700
201627,1,40000
201641,1,7000
201759,4,13282600
201962,1,4600
201985,2,90200
202406,2,215800
202628,2,15660600
202746,5,7263100
202756,2,7170000
202934,14,5198000
202967,3,8092400
202996,1,17700
203048,1,0
203098,5,109000
203297,21,2364100
203369,1,42500
203403,16,2846100
203417,1,3725000
203606,1,8000
203663,2,11000000
203710,2,20200
203712,1,50000
203758,14,207303600
203964,2,47600
203979,3,123600
204014,1,219300
204081,1,4400
204099,1,9500
204120,2,41400
204124,3,5577800
204141,1,18100
204213,2,836800
204224,2,138000
204259,1,879400
204564,6,119100
204619,12,1330100
204789,11,407400
204816,1,11798000
204903,2,100515200
204923,8,491200
205240,1,7000
205387,62,27785000
205400,1,80900
205426,2,1008000
205444,19,3126200
205527,4,1542000
205568,1,254000
205729,1,0
205761,3,110661600
205870,4,5614400
205949,2,19000
205993,3,13200
206076,1,21200
206185,3,1768800
206556,2,29600
206591,13,4399100
207129,2,60000
207275,2,21200
207435,2,28000
207564,1,5000
207584,2,200056000
207604,1,4000
207760,3,748400
207926,2,26352400
208168,1,0
208184,1,346000
208192,4,586700
208280,1,71400
208336,1,31200
208501,5,246200
208547,1,75000
208555,1,88000
208608,1,86100
208667,1,439600
208675,1,0
208677,26,56028600
208760,1,30000
208808,27,288600
208870,9,717400
208939,4,5322400
209066,1,31900
209122,2,412800
209144,3,500000
209166,1,1105200
209442,1,50000
209589,7,852900
209704,112,1938700
209868,3,16900
209870,2,4256800
209954,1,2000000
209975,3,51000
210023,2,1074000
210136,1,29800
210214,1,84000
210217,2,46000
210236,1,26100
210338,52,665800
210390,3,876000
210440,1,350000
210515,1,18000
210529,1,40400
210555,1,1400000
210582,14,110600
210983,1,0
210998,1,19700
211130,1,154000
211155,6,1315500
211301,1,128900
211667,2,60000
211893,4,30000
212036,2,4287600
212187,1,158200
212332,2,28200
212342,2,0
212375,1,17677800
212560,1,199100
212638,3,2809200
212800,7,482600
212827,6,418500
212895,7,5250500
212929,2,1008000
213067,2,14545000
213142,6,121200
213145,2,13100
213232,3,744600
213275,1,238000
213309,1,11500
213376,2,41800
213381,2,96200
213384,1,43000
213401,3,826500
213410,3,3481600
213477,1,7500
213603,25,344680000
213751,1,0
213936,3,31200
213990,3,60000
214048,38,7398100
214080,4,233400
214119,9,172900
214300,1,1018800
214391,3,1706100
214492,4,138800
214508,2,2172200
214760,1,11800
214827,1,131900
215164,2,83700
215342,1,18200
215538,1,13800
215887,1,5000
215888,1,235300
215892,2,440000
215916,2,66800
216002,8,4764000
216021,3,13800
216081,3,127800
216125,1,0
216129,3,135000
216199,1,162600
216293,11,7426200
216365,1,0
216376,1,7000
216452,14,7046300
216479,1,814300
216577,2,7466600
216809,3,148800
216901,1,8200
216953,3,259200
216957,9,3801900
217196,12,208900
217253,2,345900
217341,1,66600
217385,15,647800
217431,1,0
217437,3,1828500
217488,11,13500
217536,2,69200
217621,211,2030000
217716,1,14600
217754,1,5300
217841,2,25400
217985,1,24000
218012,2,23400
218078,1,61300
218139,7,20000000
218212,3,193300
218326,2,53200
218395,2,117000
218466,6,5691300
218549,2,112900
218574,2,1070400
218582,1,7000
218654,2,412600
218671,1,22969200
218779,1,54500
218855,6,375400
218889,6,838200
218999,12,13335500
219014,2,2433800
219145,18,450600
219305,1,6000
219350,1,7200
219351,2,71000
219416,12,22673500
219458,17,22516000
219464,1,2200
219525,3,1062900
219863,1,22800
219998,11,17190300
220062,2,9519200
220079,2,40400
220166,2,195300
220352,4,16615600
220416,4,24200
220536,1,96100
221017,2,1984800
221121,3,77800
221250,1,2200
221295,1,234300
221455,1,386200
221541,3,58365900
221600,2,58000
221605,1,5700
221793,1,125800
221800,2,551200
221934,2,214200
221964,3,289200
222199,38,238800
222200,3,81700
222286,7,2278800
222423,3,46200
222482,2,25600
222500,1,37500
222520,3,41500
222618,2,260662400
222694,103,4110600
222695,3,1960300
222714,2,1681600
222748,1,7000
222941,1,30600
223085,2,56807700
223088,1,1137000
223362,2,31707600
223427,3,760500
223486,1,27800
223550,3,72000
223581,1,8200
223792,2,1219500
223995,1,121500
224128,1,732300
224261,3,2278000
224268,2,24000
224340,1,95300
224487,1,0
224506,2,40000
224528,2,14418000
224547,1,353300
224576,2,163300
224721,5,162600
224726,1,102800
224860,2,208800
224903,4,400000
224941,1,2700700
225123,1,50600
225137,1,22516000
225177,1,6892600
225186,1,1000000
225229,1,17953700
225500,4,20000
225507,13,6402700
225629,1,783000
225657,1,41500
225803,1,7200
225870,1,205000
226044,1,213900
226281,1,57800
226286,1,74300
226422,1,532700
226438,1,230000
226688,1,5174100
226714,1,0
226721,2,132400
226761,6,38755900
226811,1,60300
226865,4,1776100
226868,2,0
226884,1,50400
227034,12,118079700
227114,6,2824800
227198,1,100
227510,3,129600
227521,1,10000
227907,3,70800
227994,1,12300
228025,6,103200
228042,9,9222000
228048,2,3174800
228056,2,105100
228144,4,153500
228162,1,73000
228163,1,59000
228239,4,63500
228372,1,945500
228493,3,237400
228494,1,7000
228496,3,208800
228585,2,550000
228720,3,734000
228733,1,20000
228805,1,148100
228899,2,90000
228941,1,171500
228957,5,436000
229068,5,141100
229119,4,140500
229148,2,187400
229331,1,0
229334,7,1507500
229510,2,12000
229680,2,10658500
229828,1,0
229884,4,665700
229910,1,262500
229948,2,27400
230198,2,302100
230220,2,3519800
230264,1,6000
230379,2,0
230516,1,2000
230625,1,214000
230718,2,98000
230722,1,30400
230838,19,23222800
230875,3,16180800
230907,1,25500
230932,7,481200
230977,1,160000
231091,4,524700
231138,1,2500
231343,4,22000
231417,2,16600
231500,3,124600
231607,11,1156200
231636,1,4800
231819,1,1450000
231844,3,2799900
231866,11,13999800
231986,4,1016300
232135,3,209900
232240,2,106800
232394,1,1378700
232422,3,114000
232788,2,32400
232802,1,7300
232809,1,3208900
232911,10,13251800
232951,5,213000
233219,2,39987200
233241,2,18900
233299,1,36800
233302,8,1506500
233344,3,1176300
233529,2,1109400
233534,6,224300
233543,2,1024400
233622,5,518500
233702,3,42000
233725,1,1690700
233826,2,1814600
233884,6,307700
233957,1,5400
234041,13,938600
234161,2,343400
234366,1,13700
234455,1,0
234676,8,7718200
234726,2,1200000
234820,2,22700
234901,28,1343900
235079,4,96200
235349,1,641300
235410,2,915000
235447,1,685300
235458,2,47200
235515,3,193000
235519,1,0
235545,2,88300
235588,2,0
235643,5,31000
235682,2,1334600
235930,2,603400
235992,16,350000
236107,1,4600
236196,3,2126800
236281,7,233700
236339,2,390000
236412,2,9000
236421,1,45000
236525,1,3280000
236808,2,0
236829,7,469900
236872,20,630100
236929,1,12000
237094,5,206800
237111,6,0
237173,4,3030000
237331,3,20800
237464,8,2106300
237731,1,50800
237815,2,0
237827,3,18061800
237949,2,1100000
237974,1,87800
238020,1,20419300
238106,1,500
238179,1,16600
238286,1,1641300
238298,4,607700
238352,10,14122600
238558,2,20000
238687,1,357600
238803,1,1000
238818,2,61600
238884,3,661500
238943,1,16000
238964,8,118584700
238981,1,154300
239176,1,800
239206,2,16000
239567,1,250000
239618,2,13400
239704,99,462300
239731,1,15000
239771,1,5700
239784,8,5766300
239804,11,223000
239854,1,24900
239858,6,1998800
240295,6,181200
240309,3,17200
240312,4,19607600
240399,3,478800
240474,1,400000
240489,1,407800
240555,1,15700
240646,2,15400
240754,1,131300
240858,1,3400
240882,2,107900
241002,1,23500
241023,1,20400
241357,3,941400
241443,3,774000
241545,2,711800
241552,1,5067600
241646,1,210000
241713,1,9000
241810,1,5800
241886,1,14200
242073,69,3032300
242082,9,350300
242223,5,78000
242330,2,2251400
242367,13,2919600
242418,2,40000
242517,4,695200
242603,1,77600
242731,1,200000
243034,2,3800
243357,3,355800
243489,3,1000800
243549,1,21000
243656,1,5800
243700,2,512400
243820,1,16400
243821,63,669400
243955,1,42400
243972,1,18600
243986,1,154000
244100,5,900000
244181,1,1300
244423,3,67500
244535,1,112200
244616,1,0
244639,1,4400
244668,3,314700
244730,2,10600
244743,4,37922800
244799,62,35890300
244834,2,56000
244846,3,1949800
245000,1,10000
245016,1,4345500
245054,8,166500
245143,4,9819400
245185,12,1728300
245243,2,3600
245284,8,2309300
245345,2,58000
245526,2,4000
245571,2,283800
245590,1,10000
245642,1,3500
245695,5,36216800
245704,2,13900
245739,1,7763500
245886,2,11000
246158,1,70000
246219,12,179000
246277,2,655800
246314,4,9773100
246342,1,1000
246426,2,384800
246451,2,109800
246481,1,94200
246533,6,1077000
246794,3,63100
246809,6,140000
246878,1,1200
246901,1,5900
247049,2,88700
247183,1,70600
247280,3,47000
247309,2,241400
247317,2,10800
247333,1,30000
247467,3,17900
247471,1,7870000
247483,1,7900
247515,2,3883300
247562,18,100739400
247824,1,150000
247875,3,71700
247916,1,21600
248081,1,2690800
248364,4,400000
248604,1,1800000
248710,3,394000
248729,3,365700
248778,2,0
248864,2,120000
248875,2,5400
248980,1,0
249058,10,64600
249115,6,197600
249131,3,19720000
249179,1,53700
249392,3,214800
249463,2,182000
249600,1,15100
249926,18,320000
249945,1,12900
249976,1,143300
250133,2,38000
250150,1,12000
250217,2,2003000
250346,2,658000
250537,2,364700
250600,3,198300
250718,1,23200
250753,1,3100
250755,2,92800
250760,2,769600
250846,1,10100
250942,1,13100
250967,1,9506700
251428,3,239000
251534,1,4900
251567,3,33000
251576,2,60100
251625,4,39600
251782,1,15000
251846,1,76800
251980,1,305700
251994,1,8000
252001,4,723200
252195,2,306100
252393,2,2290000
252399,1,411200
252409,13,61352300
252710,5,45770000
252745,3,13000
252776,2,1816200
252907,2,242400
253027,1,145000
253116,1,91700
253119,1,0
253207,1,127300
253221,5,26000
253322,4,6549400
253557,1,72300
253715,1,1214200
254084,2,0
254095,2,8547800
254307,4,1715700
254337,4,12430700
254357,3,13800
254369,1,198700
254388,1,0
254396,1,3000
254454,2,23000
254510,36,88796800
254533,2,564500
254709,2,38800
254795,1,35000
254814,75,33023000
255019,1,4700
255086,5,132200
255122,3,24900
255161,1,0
255410,1,509200
255656,1,60000
255682,4,13965700
255722,1,248000
255801,2,302000
255866,1,714900
255894,2,24600
255984,3,6079500
256015,2,119400
256021,2,0
256102,1,24900
256216,1,234700
256275,4,223200
256283,1,5300
256353,2,44151800
256378,1,19500
256434,16,602000
256437,2,32500
256501,3,0
256931,5,190200
256960,2,58000
257072,2,28900
257108,5,85000
257130,4,608500
257369,2,287600
257376,9,22029900
257386,1,77900
257399,4,688800
257637,1,55000
257646,2,596300
257656,1,13600
257815,1,9600
257858,3,893500
257964,1,102000
257996,3,350600
258137,2,256800
258561,3,209700
258585,7,25861800
258720,2,106400
258884,1,59100
258931,3,395100
259012,3,36300
259021,7,1313600
259065,1,300000
259129,1,21000
259204,2,158700
259226,8,1980800
259242,6,104000
259254,6,2361100
259343,5,246200
259356,2,2122400
259374,2,10200000
259502,1,32100
259853,6,391700
259998,2,202000
260070,1,4400
260093,1,14500
260117,2,158800
260199,1,20000
260236,12,3229600
260246,1,14100
260373,1,500
260446,4,340400
260470,2,536300
260578,1,8200
260584,1,0
260723,2,1200
260840,5,249424600
260905,2,568000
260961,2,93500
260993,2,95000
261111,1,78000
261119,1,11500
261302,3,150000
261339,2,451400
261478,1,38000
261505,2,211200
261612,1,900
261643,1,2180000
261674,1,92000
261678,2,20000
261718,4,20100
261819,1,18500
261833,1,328300
261856,35,433200
262162,2,43600
262187,1,14300
262330,1,60400
262577,3,1425800
262580,2,3200
262626,2,20000
262730,2,27000
262821,2,16000
262853,3,8800
262875,37,11416800
263061,1,292100
263090,1,29000
263222,1,102600
263284,1,59500
263451,6,32100
263499,20,1730700
263581,1,2088900
263602,134,135600
263629,1,8900
263682,1,156400
263756,3,428600
263804,1,2100
263883,2,42400
263889,7,211600
263901,1,1800
263931,1,0
263946,1,28800
264049,1,87100
264140,1,1400
264183,1,63900
264314,1,10600
264690,2,68400
264694,2,492000
264894,6,1613600
264909,1,3776100
264950,1,31300
265115,1,353800
265463,4,2664300
265465,1,6800
265479,1,10354400
265576,3,975900
265751,2,125600
265767,4,376800
265864,1,3789500
265905,2,85800
266005,2,6200
266120,1,4600
266232,1,406900
266259,1,41500
266375,50,1575100
266439,1,0
266589,1,53800
266714,1,2600
266856,3,480300
267080,2,62200
267574,3,1909200
267755,1,1121000
267800,54,265775600
267813,1,2200
267817,7,487200
267825,13,165431400
267914,4,10600
267922,1,6600
268199,1,700
268357,1,2800
268449,1,7300
268453,1,4300
268550,46,31039200
268569,1,1372900
268611,1,35600
268905,4,6061600
268914,2,29800
269042,1,5000
269359,1,83500
269490,5,1485400
269708,1,55700
269737,1,212000
269838,24,1338600
269936,2,506800
269943,39,774600
269950,1,270000
270013,1,69000
270017,1,1200
270060,1,20300
270142,1,119600
270157,1,21100
270316,2,47400
270402,6,56200
270409,2,60000
270592,6,149300
270594,24,412643200
270693,8,72171400
270733,2,929400
270869,1,103500
270892,1,29200
270932,1,190300
270935,1,45400
270999,3,49600
271181,1,84000
271198,1,83000
271288,13,12859400
271474,7,6994400
271479,3,76900
271531,1,602800
271576,2,25200
271726,3,1392000
271738,1,621500
271777,3,56600
271864,1,664200
271867,3,1358200
271890,2,202800
272023,6,19087900
272045,5,65400
272235,2,13600
272457,1,15100
272504,2,99000
272511,3,507000
272516,3,135700
272542,3,144735800
272608,1,30000
272663,1,553100
272664,1,14100
272833,1,0
272965,3,1686900
273006,1,45000
273021,11,3131500
273129,10,161000
273189,1,84000
273423,1,1075000
273427,3,1212800
273471,3,114200
273729,1,1868200
273762,1,3700
273874,1,0
273888,1,490000
273952,1,17200
274154,5,748200
274236,1,6000
274406,1,16400
274463,3,10000
274543,2,42000
274615,1,307300
274665,61,115856400
274787,2,29600
274831,2,92000000
275040,6,27062400
275067,1,8600
275126,2,32400
275166,8,384619200
275185,14,482500
275187,2,276500
275325,1,2000
275573,1,3200
275585,1,4800
275629,1,31600
275690,1,2300
275799,3,4852800
275806,1,41400
275853,4,458100
275863,1,182200
275919,6,1811500
276148,11,38400
276163,1,5000
276212,8,1034700
276287,1,73200
276459,2,281500
276834,5,193500
276865,2,11800
277000,8,1630100
277091,12,3309100
277125,1,2600
277188,2,33800
277210,4,21300
277237,2,133916800
277312,6,1014000
277549,3,51900
277649,2,2800
277736,1,98300
277737,1,11000
277752,2,66000
277782,2,2920300
277893,2,11200
277905,3,130000
278034,1,6200
278176,1,22700
278268,1,196800
278304,2,179600
278358,1,127400
278415,10,625800
278448,1,102800
278487,2,16000
278498,3,30000
278878,2,9800
279107,3,156300
279375,3,40000
279376,1,105700
279520,2,18800
279752,4,2616100
279760,1,10400
279797,3,92100
279906,2,1527700
279945,4,39000
279961,1,3904300
280265,1,1600
280308,4,128000
280458,1,36000
280478,2,42700
280503,1,68500
280558,1,3800
280601,2,781000
280862,2,63800
280872,2,3000
281097,1,60700
281119,2,4400000
281130,1,0
281146,1,1765900
281255,1,1213500
281394,2,456200
281595,2,1390200
281621,41,284370100
281725,2,21551800
281798,4,4208800
281821,1,19800
281840,2,20800
282096,1,8000
282134,3,130900
282179,1,260400
282252,2,258800
282259,1,6577000
282477,2,101000
282494,1,97400
282612,3,2129300
282641,2,85000
282711,5,690400
282726,1,0
282857,1,637900
283119,50,475000
283241,1,1734700
283326,1,899600
283410,9,2461400
283447,2,538200
283451,1,2616000
283506,5,3266900
283982,6,104300
284164,20,9575000
284330,2,33600
284767,1,1175200
284788,1,30600
284887,1,146200
284914,21,2092600
284985,1,125500
284991,1,20200
285240,1,280800
285309,5,4229300
285451,1,8700
285561,11,5743800
285565,1,54600
285826,2,72600
286155,1,3300
286184,3,86900
286278,2,295600
286324,2,557200
286377,2,117600
286386,2,134700
286451,5,150300
286534,1,53500
286767,1,38600
286865,4,42900
286938,1,12000
287081,2,38900
287188,3,36200
287248,7,0
287321,1,5046800
287352,38,1053900
287408,5,1643500
287437,1,1114700
287525,2,2618700
287600,31,14398800
287775,3,740900
287812,1,65000
287828,1,23700
287883,2,100000
287909,2,16000
287933,2,1891800
288013,2,9000
288114,2,50600
288184,2,31600
288239,4,1527200
288367,2,2107000
288381,1,199000
288395,2,17900
288409,2,456400
288496,3,1280000
288599,1,54000
288685,6,70800
288737,3,913800
288809,1,10900
288845,1,20142000
288970,1,463400
289123,15,61576700
289314,1,315800
289442,8,67163600
289554,4,68844300
289590,2,112600
289744,2,823400
289855,3,7000
289910,6,48000
289957,1,16000
290294,2,4022800
290480,2,5461200
290487,3,14006400
290562,2,264300
290623,1,10000
290638,28,15035600
290689,1,0
290786,1,354500
291091,1,29800
291201,3,81300
291252,2,220000
291358,1,57700
291771,1,1020000
291811,1,10600
291882,2,58600
291883,3,115600
292045,12,582500
292134,1,178300
292143,2,87000
292366,1,200000
292411,3,2640800
292480,1,0
292517,1,4500
292534,2,8122800
292558,3,336400
292572,2,32400
292644,3,66600
292771,1,7600
292967,1,4900
293023,1,6600
293053,1,145800
293067,2,66600
293098,1,1676100
293186,3,428900
293491,1,80000
293582,2,88700
293807,1,1826800
293830,1,83300
293831,1,18400
293901,19,6438000
294077,1,100
294097,3,349800
294257,8,129000
294270,1,11900
294511,1,51300
294524,1,11200
294556,2,140600
294600,3,4500
294729,1,12000
294753,1,384000
294934,2,0
295240,5,223600
295300,2,31600
295447,4,1789300
295898,1,41300
296003,3,33500
296103,3,690400
296262,1,0
296317,1,145100
296514,1,4440000
296917,5,81100
296923,12,50100
296995,1,49700
297023,1,0
297097,3,246800
297109,5,1033700
297448,6,720500
297586,1,242200
297705,2,140400
297752,2,15000
297870,2,79100
297926,2,64800
298050,2,1414000
298082,1,60000
298123,2,454800
298133,2,109800
298167,2,160000
298187,2,3314200
298189,2,16000
298305,5,907500000
298317,1,3000
298347,3,902300
298363,7,221400
298618,4,1147400
298907,2,12800
298962,1,210200
298966,6,630300
298970,5,2214000
298974,1,3800
298979,2,320200
299095,2,0
299135,1,22500
299247,1,25700
299269,4,32772500
299270,5,129300
299360,1,83200
299390,1,165400
299449,1,4017200
299469,2,20800
299642,2,26600
299678,1,100000
299686,24,119600
299729,5,1055200
299736,2,9900
299805,3,1803900
299854,3,776800
300007,1,18000
300010,8,837400
300211,3,0
300652,4,4968500
300678,2,830400
300701,1,33100
301078,1,13100
301235,6,2626900
301450,1,708700
301491,5,21031600
301775,14,479800
301976,5,174247000
302027,2,222800
302109,4,615600
302122,2,64300
302142,2,126800
302152,16,1699500
302216,1,105400
302603,1,2051800
302652,7,1503300
302944,2,40000
303141,1,561900
303385,1,19400
303420,5,18797800
303436,3,326100
303456,39,27876688200
303552,1,700
303665,2,102600
303872,3,231100
303893,4,60000
303930,4,5655200
303934,6,393000
303982,1,1289100
304125,2,86200
304195,1,751900
304209,2,3414600
304242,2,22000
304332,1,42100
304351,2,73100
304501,1,44000
304572,1,13300
304590,6,3229800
304734,1,527800
304773,3,300300
305036,5,446300
305192,3,0
305239,1,26200
305500,1,160000
305828,1,202200
305846,1,80000
305992,1,5900
306211,2,17052400
306525,3,247200
306699,2,92600
306751,1,40000
306846,31,24084200
306955,2,277800
307347,1,27200
307420,3,4950800
307442,1,39900
307607,1,25200
307727,1,14400
307930,2,56000
308024,1,976500
308037,1,7800
308250,1,1400
308348,3,1031300
308402,1,136800
308525,4,51200
308566,2,26500
308667,8,482300
308668,5,49700
308756,1,25700
308785,1,8500000
308822,1,169800
308887,1,0
308911,2,400200
308991,4,2026700
309065,9,148400
309583,3,1548300
309688,5,291900
309710,4,26600
309724,3,82500
309805,1,1382500
309853,8,95000
309992,5,59400
310007,3,27000
310217,1,509100
310280,11,8842100
310501,1,5000
310509,34,3698700
310512,5,560100
310565,3,81600
310579,2,2186900
310647,5,35695800
310742,16,5649600
310757,2,47800
310788,2,61810800
310917,1,8600
310990,8,82100
310996,10,59000
311106,2,405400
311182,1,18500
311211,4,53300
311263,2,377600
311377,8,69200
311450,2,581000
311455,3,566200
311506,3,52600
311567,1,14600
311568,2,1052800
311701,12,155075800
311759,1,41500
311808,2,17600
311880,1,1400
312081,2,491100
312082,1,29200
312132,1,54589700
312138,5,311200
312143,1,3000
312170,1,85000
312630,2,470200
312751,4,6079300
312917,2,222600
312975,1,5675300
313059,1,80800
313075,3,4323600
313094,6,157700
313130,1,63200
313326,4,1213700
313380,3,295700
313604,2,0
313606,1,2200
313644,2,16740600
313650,2,0
313752,1,9069600
313780,1,1408700
313804,4,7850900
313917,2,15200
314025,1,28800
314065,1,23000
314082,1,52400
314110,2,2405800
314127,1,435900
314338,2,243300
314530,1,10500
314549,1,20200
314745,3,18466700
314762,6,12895000
314818,4,806900
314888,2,38000
315038,3,162300
315085,1,504400
315213,1,65500
315586,1,22100
315636,1,50000
315874,1,24000
315892,1,141400
316051,1,33700
316224,1,22500
316441,2,240900
316594,1,200
316599,5,110400
316602,1,15600
316791,14,7210300
316858,2,0
316859,1,311100
316872,1,4500
316923,1,502200
316980,5,984000
317038,3,46400
317145,3,749800
317205,2,3080100
317242,2,244200
317271,1,1000
317317,1,3200
317380,1,33800
317397,7,19769700
317416,5,58900
317443,1,7300
317508,1,202200
317509,2,13349000
317647,2,205800
317659,2,96200
317825,127,5996200
317828,2,498300
317867,2,160000
317950,1,22000
317990,2,72800
318055,3,27500
318141,2,38600
318235,1,30200
318278,19,1496000
318288,3,219100
318390,2,8520600
318415,15,649500
318633,1,10900
318877,6,481900
319146,2,1011400
319149,1,1826200
319171,2,38800
319644,1,6800
319975,3,20255700
320133,7,1379200
320167,1,3000
320318,2,375000
320342,3,150901400
320350,5,426800
320353,5,916100
320433,1,52500
320458,3,22000000
320545,1,1500
320568,2,115700
320574,1,100000
320666,2,9492800
320865,9,97300
320886,1,52400
320887,10,170000
320918,1,35900
320948,1,20540200
321075,1,50000
321122,2,400000
321196,3,1857300
321221,1,4365700
321228,1,3500
321242,1,5500
321272,20,527200
321303,6,957500
321418,1,7000
321471,6,4531800
321553,2,770900
321622,5,100000
321825,2,9400
321856,1,33800
322146,1,240700
322207,8,463900
322554,3,49500
322646,3,179400
322650,1,16100
322660,2,1350400
322773,4,27195400
322798,2,4000
322843,1,0
322858,2,40000
322876,2,37700
322941,1,8300
322973,1,400000
322995,4,8000
323062,1,36000
323125,2,816400
323167,2,60000
323347,4,1853800
323363,1,5067600
323395,3,2725600
323427,5,581600
323474,6,183100
323632,1,9600
323782,45,10751200
323783,2,58800
323854,2,48800
324005,3,60600
324007,1,6300
324253,1,43600
324379,6,1060700
324749,2,50500
325302,2,152800
325378,3,2538600
325401,4,331200
325431,1,189000
325441,6,16780200
325476,2,64000
325536,1,19500
325579,1,18000
326024,1,150000
326145,1,9100
326279,4,134800
326284,2,8739000
326420,7,82800
326476,2,24000
326516,4,51800
326650,22,4451600
326658,1,238200
326755,4,225000
326763,1,2800
326831,1,3041500
327024,1,24900
327070,1,40300
327073,1,43300
327096,6,116500
327265,1,89700
327399,3,110800
327414,1,10900
327443,3,78219000
327455,3,207400
327474,2,100000
327506,1,1420100
327510,2,20000
327707,2,47000
327857,1,81800
328262,1,102600
328381,16,412600000
328404,1,19100
328415,1,10600
328513,1,1500000
328587,2,4016500
328651,4,1200
328671,1,124300
328779,4,527600
328834,2,301400
328865,1,1867200
328889,7,211400
328896,6,535100
328901,2,62400
329101,15,5182300
329146,3,716370000
329203,2,5003800
329535,2,37500
329569,1,992200
329808,3,481300
329893,2,1308400
329949,1,8000
330103,4,35200
330183,2,3757200
330188,12,109945700
330487,6,79900
330510,10,734700
330715,1,891300
330869,1,6200
331155,9,56966000
331452,13,5969300
331480,1,924900
331524,3,91509500
331868,8,25164800
331977,3,200100
331995,1,2000
332082,8,106481400
332191,1,418800
332289,1,78800
332291,1,20167300
332469,1,48200
332554,1,19900
332565,1,195100
332580,1,93300
332585,5,1062000
332880,1,22300
333010,1,1200
333065,5,47100
333141,4,0
333237,5,2469300
333395,2,1157000
333463,1,127700
333493,1,40000
333717,1,2475300
333778,5,253000
334075,4,520800
334085,2,33800
334159,57,4533600
334203,3,4462500
334244,1,53600
334563,1,1200
334573,1,8000
334760,3,16692600
334899,2,102100
334996,2,997600
335119,24,5763900
335150,17,154100
335159,4,792100
335168,6,0
335176,1,75000
335275,1,190200
335285,10,688400
335302,4,553900
335369,4,1507100
335531,1,1454400
335703,1,18800
335777,1,10700
335886,2,62300
335960,2,48000
336009,35,14226400
336098,1,2800000
336141,2,27600
336152,2,36100
336299,2,1346200
336358,1,0
336394,1,76000
336442,1,3000
336572,15,7067900
336615,2,76800
336664,1,0
336735,3,12900
336762,1,298400
336848,2,8000
336888,2,0
336902,3,20000
337212,2,12585500
337340,2,128600
337555,12,1332500
337574,1,35000
337621,1,17200
337636,2,440800
337828,2,50700
337878,2,369600
338009,4,374800
338029,2,110400
338062,5,448500
338315,8,6314300
338334,1,135200
338387,2,4800
338458,4,37400
338494,1,252500
338501,3,51975100
338505,2,70768700
338651,16,134283700
338702,1,801600
338718,1,11600
338722,3,6000000
339015,1,0
339060,4,345800
339069,2,10800
339126,1,18140800
339237,3,2970000
339265,1,19700
339280,1,701300
339284,1,1013800
339409,1,174300
339560,2,101800
339671,1,12100
339703,1,13000
339801,2,14500
339846,1,174500
339990,4,306100
340005,2,215400
340065,1,35000
340243,3,17900
340291,2,384000
340444,3,246300
340535,1,8300
340686,3,606229700
341076,4,47223700
341339,2,9600
341343,1,150000
341381,2,177400
341385,1,34000
341425,2,176500
341477,4,397800
341645,3,26000
341778,1,0
341937,1,167700
341981,3,360300
342100,4,18200
342336,5,123200
342492,1,31100
342602,2,3135800
342680,1,5000
342805,2,104200
342842,1,63800
342917,6,3717600
342922,3,56100
342943,4,245200
342987,2,49800
343472,1,12600
343585,4,8914000
343645,9,4750000
343902,2,22200
343963,3,309000
344002,1,128000
344038,3,6336900
344108,2,4037300
344172,1,5600
344205,4,1092400
344422,5,1424400
344480,4,5579100
344637,26,905800
344649,1,93800
345017,2,120000
345138,7,246900
345148,2,200
345398,22,3578100
345422,1,2500
345670,1,275400
345891,5,159944500
345908,3,1767500
345942,1,105800
346001,1,134200
346046,3,457500
346095,3,4332900
346112,6,11804500
346113,1,15900
346278,1,241200
346337,8,261100
346356,2,9200
346358,5,175400
346536,3,86400
346586,8,1384500
346624,7,73800
346790,1,98500
346901,1,200000
346995,1,49800
347048,1,13100
347086,2,26700000
347166,1,67600
347169,7,2899000
347178,2,109200
347278,4,3445100
347292,3,3053600
347459,2,864800
347703,1,0
347949,1,30000
348018,1,128100
348147,1,31300
348349,1,39000
348754,1,224100
348780,1,415400
348813,1,980500
348924,1,10500
348968,4,24570600
349160,4,97200
349248,1,380500
349319,4,935700
349326,6,7794600
349350,7,161200
349380,2,118800
349611,1,43100
349631,1,141100
349904,2,1165800
349966,1,0
350142,1,79000
350331,1,23500
350517,1,401000
350578,1,7000
350674,1,24800
350694,1,550000
350756,2,1446000
350804,1,10100
350822,5,9200
350839,2,382400
351000,3,1106700
351407,13,887600
351475,2,41800
351482,2,6000000
351513,3,6651600
351530,4,111465900
351733,1,227300
351773,1,20100
351861,2,5727000
351913,1,50900
351918,1,1497600
351926,7,14910500
351929,2,141800
351968,2,1833200
351978,1,60000
351992,8,564720300
352106,1,19800
352124,1,442600
352303,2,10700
352418,2,50000
352595,1,618200
352650,2,15000
352776,4,29000
352795,2,17200
352859,8,156661100
352949,4,32967200
352978,1,130200
353031,1,28100
353175,1,5200
353253,12,99768400
353497,15,217400
353575,4,0
353685,4,144400
353779,1,0
353826,17,632500
353831,2,40000
354074,3,0
354249,1,37900
354386,4,754200
354387,1,57200
354474,1,8800
354494,2,1574300
354533,4,47864100
354557,1,7100
354678,1,300
354737,1,337200
354742,1,963300
354823,4,100699800
354921,1,9160000
355009,2,1800
355018,1,14131200
355051,1,2527100
355101,2,98600
355173,6,23000
355185,2,46700
355271,5,0
355366,1,0
355373,1,160100
355481,1,0
355483,2,6061600
355548,5,241387200
355640,2,2855800
355679,2,195000
356002,5,73200
356020,2,25900
356079,2,18900
356171,3,300000
356214,2,69600
356248,3,731500
356268,2,8000
356424,1,25000
356521,2,1105200
356530,2,58000
356824,5,2005800
356874,1,60000
356898,1,716800
356969,1,2200000
356998,2,5800
357018,2,28200
357057,1,31600
357067,1,25000
357149,4,5978700
357178,2,272600
357289,1,32900
357452,1,80000
357454,1,0
357619,1,27000
357643,1,2300
357896,1,4100
357908,1,181100
357974,1,65000
358254,2,88200
358289,5,9655900
358539,6,88800000
358610,2,8600
358684,1,6000
358698,1,1696900
358721,1,194500
358730,1,38000
358764,2,447600
358861,22,740500
359013,2,31100
359067,1,502900
359170,1,10000
359282,7,7582600
359292,3,330900
359511,3,18000
359516,1,20100
359575,1,266600
359647,1,740000
359659,1,10000
359686,2,255200
359770,2,39800
359804,1,8100
359904,1,15500
360089,1,208000
360184,1,0
360276,6,3452100
360408,1,363400
360476,3,391600
360824,1,3700
360829,1,14300
360915,2,140000
360922,27,1176700
360959,2,121185400
361579,4,123700
361717,12,4088700
361741,2,13714000
361785,2,42000
361792,1,23300
361833,1,600
361866,2,20000
361910,3,1299200
361952,4,60300
362200,3,40087400
362571,2,64000
362646,2,3799200
362734,246,24733300
362736,2,124200
363030,3,70691000
363378,1,71000
363495,2,1278400
363602,3,320000
363673,1,65000
363870,1,6800
363929,1,126900
364109,7,888900
364199,1,20000
364254,1,57500
364331,2,226600
364638,1,143200
364700,12,544100
364726,1,70800
364761,3,2281400
364889,2,7400
364998,1,167700
365022,2,543200
365080,1,364400
365305,1,3100000
365426,1,43500
365583,2,218800
365613,1,628600
365885,1,1080000
365914,1,2168100
365994,1,8700
366007,28,852300
366079,1,638500
366084,1,5542300
366135,3,3113600
366197,2,2200000
366249,4,30400
366417,3,14700
366480,1,1933500
366528,2,62400
366639,26,20327500
366804,3,51300
366844,1,22700
366925,1,26000
367012,1,263700
367013,5,241400
367067,2,16400
367070,6,469000
367119,2,258200
367190,1,14600
367312,3,82400
367353,2,92000
367459,1,65400
367499,2,80000
367507,2,11000000
367527,4,239900
367565,2,16200
367581,4,18400
367682,4,5954000
367687,1,0
367708,1,366700
367723,2,3608900
367836,2,118600
368025,2,12000000
368177,4,105000
368178,4,2862000
368180,1,1519500
368334,4,760200
368408,1,4041200
368575,2,314200
368592,2,6000
368653,3,33500
368902,1,132100
369024,1,101200
369094,3,3053400
369332,1,2500
369392,1,10600
369497,1,0
369523,1,28600
369652,1,10005800
369936,1,154400
369960,4,2392000
369985,1,23000
370089,2,10900
370107,10,296000
370187,7,211918500
370419,3,94500
370477,1,928800
370552,21,17431200
370556,2,11400
370590,1,0
370669,3,607200
370715,3,240000
370961,4,440400
370999,2,532800
371175,5,267800
371261,1,150800
371357,1,90000
371400,1,67200
371484,3,98000
371553,4,175400
371617,1,5100
371846,1,5300
371851,2,60400
371876,2,32200
371916,2,427200
372194,1,568500
372414,6,37700
372474,33,5767900
372836,4,176000
372854,2,0
372901,1,900
373007,1,30500
373129,5,130200
373162,1,80000
373235,1,25300
373256,20,58119800
373389,3,5649400
373514,1,0
373553,71,2222500
373601,1,28000
373672,2,7700
373685,1,33380000
373708,42,28677800
373801,1,0
373950,1,401200
373953,4,95400
373973,3,242700
374010,3,6651600
374127,1,19000
374272,2,1584200
374305,1,0
374314,3,305100
374801,2,15400
374940,2,3000
374995,1,0
375014,2,0
375142,3,1202200
375262,4,133300
375635,4,43700
375774,1,8700
375795,1,31400
375836,2,60000
375956,1,264800
376010,1,1735000
376342,7,11840300
376375,4,1101900
376403,1,99900
376408,2,2380000
376595,1,5000
376739,2,4316400
376787,1,10000
376845,1,28800
377149,2,440600
377213,2,111800
377231,6,173400
377251,3,18000
377302,7,88200
377324,1,139500
377425,3,181500
377455,1,0
377459,4,1131100
377508,1,336400
377571,1,1100000
377594,1,1045500
377796,10,10753100
377945,1,4500
378047,13,726600
378050,1,7500
378085,3,180000
378104,2,22100
378143,1,169500
378471,2,9500
378571,6,1142200
378579,1,32800
378659,24,111300
378700,1,940000
378787,2,55400
378803,1,6300
378804,2,112800
378817,31,572800
379004,3,1223200
379179,1,100000
379428,4,20900
379570,2,539000
379661,2,499000
379842,1,76000
379919,2,37400
380013,2,14000
380050,1,50400
380141,9,45987900
380295,1,129100
380388,4,21864900
380429,4,9700
380458,1,20000
380467,3,709800
380474,2,1889500
380791,1,100500
380825,4,857900
380849,1,167300
380895,2,43100
380897,2,20000
380980,2,4657200
381068,1,137900
381069,2,43200
381121,3,26400
381217,2,198400
381277,1,71200
381285,3,10400
381286,1,359800
381408,2,3713200
381447,2,14600
381453,1,36900
381477,1,3600
381500,1,19500
381514,2,57100
381770,1,3500
381837,4,162000
381897,2,0
381901,6,430600
381914,2,0
382303,4,20050500
382368,1,450000
382513,5,67000
382620,2,590100
382636,5,47700
382721,4,567600
382746,1,33400
382859,3,42900
382874,1,21500
382926,2,573800
382981,3,341100
383106,2,58000
383200,2,98500
383245,1,49600
383257,2,10800
383427,3,631500
383535,30,387200
383644,6,56100
383730,3,19200
383804,6,2500000
383922,1,10078000
384074,2,52100
384316,5,86800
384356,2,6468200
384371,8,87200
384374,1,104500
384394,1,6000
384432,14,93961100
384473,1,10900
384576,4,1527900
384923,23,267981500
385253,2,472800
385428,1,29400
385432,1,18600
385529,1,257500
385668,4,25645200
385769,90,9679500
385782,2,8000
385859,1,17000
385889,23,23400
385899,2,35200
386042,1,4750000
386101,5,426700
386222,3,2229900
386324,2,138900
386381,1,0
386504,8,338700
386520,1,14700
386612,2,147400
386700,3,587100
386862,2,509400
386907,16,11426000
386931,1,178200
386940,4,32200
387241,1,86500
387260,7,383100
387282,1,50000
387473,3,17700
387488,1,1200
387564,2,1299400
387590,1,82100
387745,1,5700
387790,5,7468800
387883,1,10900
387924,2,272800
388028,1,0
388055,1,12500
388156,1,2500
388173,1,135400
388636,1,767500
388710,1,13900
388804,3,474600
388841,4,858100
388948,23,105354300
389033,15,611500
389070,7,290600
389313,1,302100
389510,1,0
389549,1,185000
389661,2,2704500
389722,10,239500
389781,1,17637900
389831,9,1759500
389854,2,14900
389893,2,0
390015,3,36800
390255,1,18700
390288,3,40200
390345,1,274000
390377,1,158600
390388,1,175500
390612,2,67000
390855,2,22900
390938,2,228800
391137,3,1026900
391166,1,108800
391275,1,3400
391424,2,77200
391503,1,0
391525,13,7179600
391564,2,20000
391634,2,129600
391767,5,97800
391926,1,17800
392038,7,9982500
392071,3,1207900
392439,1,157500
392536,2,36000
392573,2,179400
392734,3,50800
392753,3,14200
392801,1,51400
392815,1,5400
392824,1,15300
392883,2,20000
392900,1,0
392950,1,13600
393033,4,630800
393053,2,47700
393196,1,6800
393201,1,58400
393240,2,309000000
393321,1,44800
393794,2,8600
393822,4,140595600
393927,9,218800
394154,3,1706100
394230,7,1511100
394376,1,5900
394405,2,22000
394460,3,89500
394535,1,67900
394550,1,670400
394838,2,1772200
394890,6,74900
394933,3,4923900
395163,2,14200
395167,1,24900
395231,4,129600
395272,2,333400
395468,5,4381800
395502,2,692800
395559,11,12194000
395592,7,199800
396242,1,414500
396244,2,1002000
396612,6,532000
396674,7,20916500
396826,1,35000
396869,3,2334400
396990,2,16705400
397026,2,339600
397032,11,34656500
397100,4,611200
397235,8,45900
397259,2,188000
397268,3,16500
397390,1,976300
397402,1,122400
397579,4,48880800
397631,1,6028400
397726,8,197700
397841,1,206100
398037,1,4166700
398151,1,400000
398198,1,489200
398477,1,92100
398494,1,20000
398530,1,34300
398533,1,8800
398534,3,563000
398590,2,100600
398619,72,467700
398645,1,4600
398665,1,70000
398708,1,13680400
398909,2,0
398942,4,663900
399092,1,15500
399157,12,3991300
399224,2,140000
399334,9,368300
399486,6,2182300
399491,5,33467500
399741,1,13000
399803,2,13000
399881,1,7700
400057,2,2000
400107,3,990000
400354,1,30000
400495,1,318000
400665,3,30000
400770,2,110000
400777,1,41200
400814,4,155500
400986,1,10100
400994,14,15154700
401053,2,52200
401145,1,888800
401149,20,679000
401151,9,3528300
401156,2,24200
401333,2,22921700
401482,16,8092600
401547,6,2675000
401593,4,18200
401612,2,32000
401634,1,4000
401649,1,24400
401723,1,14000
401731,12,142200
401781,1,881900
401952,2,6600
402045,6,6778600
402053,1,740000
402229,3,6369600
402266,1,4800
402277,2,7500000
402333,1,2027800
402387,1,1620000
402396,5,25500
402399,11,42603600
402485,1,27100
402621,6,265000
402711,1,500
402879,1,264400
403039,2,24000000
403083,2,997200
403173,2,38600
403278,2,0
403329,1,15000
403572,3,84000
403633,4,0
403775,1,100000
403785,17,396600
403998,4,3920000
404023,1,47200
404125,2,383200
404128,1,1822500
404191,18,891800
404194,2,45400
404254,5,218500
404320,1,1400000
404440,4,561100
404632,1,21600
404648,1,0
404677,1,54500
404710,2,134800
404875,2,6058200
405088,4,20662200
405392,1,400
405460,22,2693000
405486,2,61800
405508,4,257300
405811,3,243600
405964,1,34300
406131,1,30000
406418,1,200000
406569,2,4617200
406607,1,72600
406669,13,3681100
406794,1,751400
406852,1,143100
406946,1,8000
407061,1,40000
407237,1,7200
407355,25,362600
407418,4,264700
407440,1,30000
407475,7,1018800
407590,4,82200
407603,7,291300
407726,1,6947500
407933,1,15000
408067,3,60000
408272,1,3400
408343,1,8700
408385,2,60400
408543,3,188100
408617,1,609400
408645,9,225500
408795,2,16300
408806,1,3800
408845,1,25000
408938,18,16973800
409033,1,7600
409059,1,31800
409113,3,759000
409211,28,166600
409365,2,18900
409508,1,25600
409701,2,883600
409816,1,182000
410000,2,84200
410235,2,150000
410308,1,60000
410466,2,41000
410514,2,22800
410615,1,0
410776,2,7736700
410777,7,957400
410817,2,24000
410874,2,13510000
410901,1,80000
411062,2,600000
411222,2,20000
411356,3,255000
411557,8,6387100
411580,4,24600
411584,3,6350000
411754,1,0
411771,1,3164200
411778,1,5500
411815,1,38600
411856,1,5024600
411887,2,16400
411953,1,14300
411998,2,100000
412048,2,5680400
412052,1,291700
412109,6,2143200
412158,2,99000
412232,1,2600
412286,1,2871600
412650,1,2000000
412659,1,9400
412753,1,15400
412885,1,0
412916,1,23600
412928,1,1880900
412950,2,856100
413468,2,16800
413524,5,1580300
413615,1,500000
413652,2,20000000
413771,3,399900
413818,1,538700
413895,1,19800
414008,6,9624700
414176,1,308700
414263,2,24200
414283,4,3682800
414304,1,5900
414652,3,1150500
414709,1,0
414743,1,396900
415196,4,64600
415291,2,330000
415522,1,54298600
415556,2,362800
415623,1,6600
415671,1,24000
415692,2,107100
416281,1,57600
416400,1,11100
416527,14,715700
416577,4,170000
416618,4,1463200
416716,6,1266200
416775,2,675600
416796,1,2280000
416840,3,8886000
416843,2,22200
416963,1,23400
417055,4,279700
417129,1,9497600
417434,1,38300
417452,1,102300
417459,1,59900
417640,1,6000
417742,1,1146800
417862,1,1840900
417883,2,86200
417908,1,15800
417920,1,190600
417963,2,324200
418043,3,27500
418060,14,34300000
418089,7,31900000
418469,1,3150000
418473,1,19000
418545,2,220000
418762,2,4000
418774,3,2688700
419244,2,40102800
419408,2,16000000
419442,3,344800
419617,1,130600
419810,1,800
419947,10,7409000
420089,3,143700
420166,3,20116100
420233,8,877670400
420234,3,135600
420500,2,2800
420745,20,32827900
420758,1,93200
420765,36,544400
420908,1,5600
421084,2,99000
421270,4,946400
421315,1,71200
421428,1,327200
421468,3,23358600
421540,1,6364300
421640,2,583400
421659,2,29600
421814,7,117600
421833,1,24000
421857,1,3600
422015,1,20000000
422030,1,11900
422056,2,13200
422180,5,1088300
422489,2,1400
422747,1,148400
422825,1,38000
422826,1,1740000
423224,1,73300
423242,1,40700
423317,2,67700
423351,1,3200
423425,1,104600
423446,6,1411200
423783,2,63600
423784,2,32600
423841,1,5100
423938,2,40000000
423997,1,51000
424015,4,2163900
424049,1,30000
424107,1,36000
424143,1,9400
424204,1,18000
424637,2,2372000
424657,1,10000
424708,2,313000
424812,2,3400
424897,1,300
424985,1,82527200
425052,8,125300
425251,2,1121000
425376,1,12500
425614,1,1547500
425698,5,1822200
425707,3,66600
425745,2,654600
425779,5,13500
425839,3,283200
425858,2,1361400
425953,3,20100
426004,11,269500
426008,97,1437100
426019,2,97600
426027,1,21400
426033,11,151100
426042,1,38000
426136,1,10200
426451,1,130800
426585,1,4500
426615,3,27500
426661,2,51900
426748,7,697779800
426882,1,124000
426950,2,32200
426955,3,46100
426976,1,2500
427064,3,300000
427123,22,10692500
427130,1,583800
427228,1,1250000
427501,1,11800
427589,1,8782900
427701,7,752300
427704,1,206000
427734,8,640000
427896,1,49500
427909,2,380000
427951,9,533400
428018,3,7095000
428155,3,76800
428361,1,7195900
428372,1,723600
428495,14,1100
428502,7,7033900
428527,3,682400
428554,2,13400
428594,1,230600
428692,1,1300000
428724,1,42500
428775,6,892300
429044,1,166800
429109,1,572400
429137,1,66600
429373,1,30000
429585,2,43600
429630,1,3660000
429700,2,400000
429741,3,1290200
429838,2,115600
429910,3,68000
430035,116,3023500
430053,4,49183000
430157,2,0
430252,2,4600
430311,3,165700
430319,2,1528600
430401,2,120000
430527,2,3500
430583,2,11000
430896,2,3080100
430913,4,97600
430935,2,848100
431056,1,107000
431110,4,103600
431319,1,566500
431358,5,62400
431438,1,48000
431440,14,154700
431577,15,414000
431682,1,13100
431833,3,1414100
431883,4,211600
431902,2,266000
431932,1,20500
431970,1,5100
432180,2,33200
432193,4,376400
432437,5,51000
432449,1,400000
432533,2,600000
432836,2,0
432851,2,36600
432981,1,18100
433116,10,567100
433317,3,307600
433403,9,331100
433415,1,12900
433792,4,34400
433815,2,34600
433896,1,22400
433966,2,2104200
434047,1,48200
434062,1,301300
434112,1,9000
434177,3,81900
434192,1,103600
434196,2,8500
434209,69,31913000
434302,1,27300
434383,1,678700
434638,2,0
434756,2,100700
434909,2,7000000
434945,2,4225600
435007,13,134396500
435150,1,4500000
435276,2,69000
435464,1,122000
435667,6,2125900
435839,2,300
435878,3,459900
435920,2,330000
436030,1,4880600
436052,1,52500
436072,2,64800
436122,1,131000
436124,1,20200
436158,2,9602000
436292,88,5683400
436318,24,184306400
436387,1,7400
436426,2,46400
436487,4,4800200
436523,2,61300
436675,2,100000
436961,2,10000
437192,1,55400
437264,1,472600
437281,2,125800
437288,11,2093000
437462,2,555400
437510,1,480200
437578,1,80000
437681,2,2633000
437720,271,8913900
438020,1,1749900
438080,93,3541100
438111,1,51500
438215,3,186000
438528,1,1000000
438551,4,400800
438632,1,36400
438640,2,25260000
438700,2,395800
438762,1,16400
438809,1,700
438857,1,183600
439097,5,25900
439231,1,10000
439426,1,15200
439472,1,68300
439509,7,258600
439587,1,152200
439618,1,126400
439683,1,48100
439691,2,90400
439882,8,888600
439938,1,21200
439959,1,495900
440174,3,209700
440241,2,8800000
440262,3,20800
440268,1,4000
440315,2,5000
440380,8,437600
440430,2,93600
440433,2,20400
440974,23,879000
440984,1,0
441345,3,76100
441417,4,5400
441474,1,8200
441537,2,1164200
441597,1,0
441668,1,27200
441725,2,215300
441770,9,207400
441776,1,3000
441811,1,4900
441980,1,6000
441997,1,51100
442080,3,351600
442160,1,4600
442183,1,21800
442253,1,1000
442395,7,3323200
442400,3,267000
442519,1,6200
442634,1,36700
442646,1,42600
442734,3,9000
442752,5,933200
442860,3,5300
443144,3,105900
443257,1,9000
443441,1,468500
443483,2,18000
443531,2,17500
443583,1,154000
443721,16,215600
443932,1,546700
443986,1,35900
443998,2,120000
444066,1,1492800
444165,1,338000
444228,2,15500
444246,2,33500
444492,5,17568900
444521,1,52900
444570,3,261800
444639,2,171500
444642,1,59100
444786,1,102000
444898,3,289400
444902,3,1899600
444926,96,6548600
444933,2,72000
444966,1,10000
444982,1,2000
445003,1,80000
445161,7,4405800
445417,2,164200
445552,4,22000
445564,1,2000
445659,1,61300
445757,1,70300
445773,1,100000
445870,1,7000
445892,1,2900000
445913,1,8100
445923,2,171400
445927,2,11800
445967,40,14404900
446120,1,9779000
446123,3,59400
446271,2,27800
446279,1,9945700
446297,1,0
446500,1,0
446503,7,175600
446524,4,453000
446596,5,0
446674,2,0
446801,2,508800
446953,1,140000
447146,4,1572700
447159,1,2230000
447197,2,50200
447278,1,14528200
447363,4,293200
447437,1,91000
447473,26,12386900
447510,2,735500
447806,2,2439800
447813,3,191700
447850,1,10000
447913,2,29830000
447948,2,390000
448151,2,782400
448430,1,51100
448446,1,2200
448555,1,7000
448615,2,226000
448635,3,903000
448685,2,55800
448774,2,1259000
448860,2,30000000
448891,2,38000
449059,1,19500
449114,2,43000
449209,4,6006600
449236,1,12600
449294,3,33900
449355,1,122800
449468,5,1713800
449722,2,4600
449793,2,7700
449886,2,983600
450017,2,6000
450065,1,13500
450095,2,953200
450169,1,49400
450186,3,130800
450260,1,253300
450324,1,11400
450365,2,1910200
450375,1,13100
450687,2,127200
450730,2,12000000
450757,2,6930200
450878,6,1391700
450993,1,18800
451115,2,1369000
451295,2,224800
451378,1,0
451446,7,1136800
451583,1,202200
451587,3,5469300
451658,3,618400
451974,1,53000
451975,2,4700
451995,5,365400
452240,1,10200
452273,8,154900
452280,3,8000
452290,88,6658300
452400,1,3097200
452441,4,122700
452442,4,12614300
452580,1,14959800
452608,1,38100
452797,3,11045200
452859,2,2644700
452878,8,53723100
452916,1,59000
453299,2,8400
453416,3,22400
453775,3,3660600
453783,21,543700
453787,25,1092400
453794,1,35100
453836,1,13900
453887,1,72700
453996,11,1009300
454001,1,29000
454065,4,114000
454087,1,6000
454156,2,830200
454185,1,1127800
454201,3,121300
454354,2,202800
454403,1,58900
454622,1,148700
454767,3,23282600
454857,2,6600000
454951,3,339600
455071,1,160100
455110,2,77800
455113,3,280600
455346,1,108000
455395,3,170700
455575,1,2000
455593,2,228800
455639,5,1110600
455653,1,56100
455656,3,142200
455663,2,0
455747,1,43500
455866,1,7700
455961,1,259000
456025,1,344800
456280,1,40500
456371,21,738285000
456457,1,36000
456545,2,75600
456669,1,406300
456732,1,300
456744,1,1900
456952,1,19800
457021,3,1959900
457077,1,2302100
457232,2,113879300
457399,4,297600
457488,2,383600
457585,1,40900
457688,1,22700
457827,1,11500
457902,1,2200
457923,1,500
458013,1,32000
458040,2,60000
458173,2,16800
458233,2,2700
458245,4,71200
458296,2,350600
458313,1,56800
458810,1,150000
458853,2,38000
458862,8,67611000
459167,3,19668300
459183,5,24208300
459374,2,300000
459400,2,140000
459420,2,2520000
459442,6,4210800
459531,5,76400
459608,2,172600
459836,6,66400
460026,1,1550000
460147,1,45900
460253,4,7600
460304,1,6000
460461,2,15800
460609,2,5225400
460634,2,20200
460824,1,508800
461029,3,2201400
461030,8,30523000
461055,1,64800
461152,2,124000
461247,2,416800
461371,1,786900
461592,2,0
461802,1,16800
461805,2,5553200
462050,2,12858800
462065,1,46200
462562,1,45900
462615,2,493800
462669,2,0
462725,1,6400
462814,1,3202000
462955,4,146600
463007,1,468200
463122,3,20234300
463198,3,37600
463418,15,641200
463459,1,1150000
463691,1,695000
463843,1,1597800
463969,1,3568300
464057,1,15200
464125,2,880800
464176,2,616000
464222,1,56337400
464287,48,156636300
464308,182,4515800
464888,2,72000
465046,2,9993500
465051,24,497156700
465229,25,18534700
465361,1,212700
465370,3,117700
465525,4,52200
465627,3,55400
465690,22,1471200
465692,1,252900
465822,3,2553000
465904,1,80700
466007,8,6301000
466118,2,29200
466399,1,60000
466657,1,24700
466989,2,777200
467055,1,0
467209,2,182600
467266,1,15200
467268,5,683400
467566,3,166400
467586,3,29897000
467813,1,7500
467814,4,58200
467876,2,589000
468138,2,311600
468333,3,170000
468379,1,150000
468415,1,2300
468540,1,0
468607,2,0
468629,1,24200
468659,6,31200
468677,5,38800
468734,2,0
468888,3,55700
469097,1,1200000
469173,9,77400
469211,2,1100000
469220,6,0
469289,1,0
469453,3,6651600
469759,1,464800
469802,6,10636900
469849,1,104200
469852,2,8100
469934,1,0
470217,3,96000
470313,1,4328900
470396,5,727900
470490,3,245700
470499,38,30880100
470549,1,31400
470553,1,4600
470810,1,265000
470820,3,24222000
470947,2,34200
470969,2,2651200
471075,1,6900
471239,4,4454000
471265,1,13200
471454,3,20700
471517,3,245700
471540,1,240000
471646,1,24000
471781,1,4000
471847,2,109600
472033,2,1492600
472132,2,61600
472182,1,292600
472338,1,3200
472354,2,3015200
472551,1,22900
472606,2,21300
472630,2,47800
472666,2,33000
472692,22,279600
472751,1,0
472759,1,42500
472782,2,10131000
472816,2,128000000
472859,1,67300
472921,2,940800
472956,2,60600
473107,1,7707900
473133,9,1257200
473152,1,0
473328,2,382200
473331,1,16200
473377,2,0
473394,1,490000
473399,2,569200
473446,1,36900
473456,8,935100
473462,1,350000
473575,2,0
473617,7,18885100
473726,1,1545400
473736,1,735200
473750,1,0
473895,6,176100
473947,5,552800
473977,1,5200
474072,1,86600
474094,1,10000
474118,1,55000
474463,4,75800
474480,2,160000000
474487,3,4243500
474584,23,358000
474651,1,700000
474753,1,35600
474788,1,800
474796,1,13800
474981,1,681900
475117,1,590800
475495,3,30000
475535,3,49100
475816,5,1666000
475839,1,55900
476005,2,24600
476018,2,17129000
476076,1,26000
476115,3,308800
476127,3,149000
476199,1,6600
476587,2,680200
476681,6,2914800
476827,1,3000
476899,5,1320800
476941,1,92600
476950,2,62600
476972,1,40247400
477329,2,703800
477352,1,10400
477503,3,0
477592,1,27000
477731,1,8800
477849,2,6000
477918,1,6000
478045,3,35700
478055,5,35208000
478065,3,92600
478104,2,399600
478480,1,224300
478492,1,400
478539,1,35400
478581,2,177200
478685,7,10221000
478721,1,2500000
478905,3,403400
478963,1,12900
479020,4,12000
479121,1,20000000
479224,3,40600
479246,1,26600
479268,9,74400
479429,2,55500
479760,4,30086400
479871,1,381300
479900,1,57400
479903,2,119200
479945,2,8820600
480033,1,4760100
480123,2,5750200
480126,1,111600
480165,1,1130200
480258,7,548700
480307,1,39200
480497,1,50000
480653,1,279400
480881,1,85100
480963,1,9800
481205,1,0
481302,5,7200
481581,4,1152200
481622,1,18324000
481726,2,39800
481799,1,198100
481834,2,30000
481893,1,198900
481923,1,558000
482009,1,658800
482042,4,163100
482054,4,28400
482056,1,0
482247,2,330000
482256,11,833400
482310,2,3284100
482329,1,20000
482351,53,283323000
482357,2,662800
482409,1,12500
482424,2,20200
482455,6,629100
482536,9,82200
482594,4,2887400
482617,5,3551100
482635,1,1220900
482798,2,8000
482806,2,93400
482938,1,3600000
482945,1,48100
482989,1,10000
483070,2,74400
483110,1,6000
483214,2,51000
483240,3,1561500
483307,1,0
483429,2,17000
483517,3,531000
483598,15,967600
483784,1,2588900
483849,1,50000
484057,4,199600
484152,1,33300
484212,70,18207800
484445,9,470200
484482,11,150500
484573,7,92100
484614,2,1004700
484681,2,8200
484752,2,14000
484783,1,185400
484887,1,177100
484968,2,146000
484987,2,23300
485009,2,30000
485058,1,350000
485234,1,12000
485652,1,2301300
485668,2,4872500
485755,2,304200
485836,1,3400
485841,2,101300
485897,2,3654600
486136,2,11700
486211,10,368300
486373,1,400
486404,2,88600
486683,1,109700
486712,1,1425000
486782,2,218000
486830,1,10500
486834,3,1281400
486862,5,1090600
486997,1,155400
487095,4,1067900
487128,18,1843600
487286,3,2536000
487328,1,1100000
487516,1,6190300
487941,1,0
488111,3,134400
488215,2,29200
488243,19,85500000
488258,4,9200
488371,2,345200
488661,3,6506400
488851,2,146600
488883,2,146400
489025,1,30400
489124,1,11200
489209,2,11756100
489367,1,7800
489394,3,1563900
489489,3,108100
489497,3,86400
489528,1,17800
489530,1,2060900
489543,1,20571200
489594,2,317300
489746,1,143400
489816,9,15501200
490105,5,252747000
490117,1,55700
490131,79,675000
490186,2,0
490373,3,100600
490497,1,800
490788,1,5900
490864,1,100000
490902,3,146100
490963,2,578800
491129,1,2000
491158,2,51400
491230,2,206200
491250,2,12200
491343,1,100
491360,2,55500
491409,6,659800
491608,3,2640800
491614,2,20000
491857,1,7100
491971,6,259000
492076,1,110000
492184,1,102700
492225,1,9900
492244,1,21000
492306,1,84600
492308,2,1500200
492404,1,17000
492405,1,33600
492794,3,108151000
492804,1,0
492941,1,16400
492966,1,755700
492995,3,129400
493110,16,571572500
493244,1,2800
493348,2,208200
493452,1,96000
493512,1,129100
493587,8,816000
493624,1,10800
493729,2,1800000
493845,5,54300
493925,1,12000
493952,1,65100
494055,1,30000
494063,1,7100
494324,1,147000
494584,1,185200
494729,197,125680400
494818,1,21200
495013,1,9700
495038,4,243200
495106,1,37800
495117,1,600000
495217,1,0
495378,2,42600
495554,2,22800
495568,1,0
495607,2,101600
495735,2,645600
495897,13,23688800
495918,1,112300
496041,1,33200
496203,4,337900
496260,3,60000
496387,2,76200
496443,2,2400000
496517,1,7400
496593,2,6327000
496623,1,502400
496727,1,506300
496887,1,20000
496902,1,200
497001,14,101300
497097,1,100300
497128,2,100600
497129,6,434200
497166,2,14800
497298,1,52000
497428,1,2709700
497533,1,150000
497615,5,15779300
497659,6,115200
497704,1,700500
497826,6,396700
497881,1,142400
497889,2,659800
497919,1,107600
498021,1,35000
498263,4,25500
498500,1,744000
498653,1,42000
498695,1,301400
498733,1,210000
498821,1,48900
498826,2,1020000
498941,3,118000
499159,2,1917400
499174,6,567000
499216,1,65000
499277,1,1300
499295,1,800
499352,1,133800
499359,1,450000
499586,47,900100
499635,1,211900
499776,2,1698800
500074,1,1006900
500129,1,73700
500150,7,16961600
500166,1,15000
500200,1,145000
500214,5,111300
500332,3,45500
500362,1,11400
500422,2,22800
500535,2,26000
500569,2,253000
500794,2,46400
500850,1,0
500939,1,31300
501045,3,35700
501063,2,930000
501089,6,3934900
501090,4,2143100
501267,3,45900
501310,1,3900
501351,1,92200
501357,1,66600
501384,2,336800
501418,15,527090900
501492,1,12000
501614,2,13500
501644,2,1380400
501771,2,15900
501772,1,377100
501986,1,4200
502058,6,1353800
502364,4,6400
502421,3,400000800
502439,41,0
502529,2,1161000
502739,11,282500
502884,1,4700
502929,7,3545200
502944,1,11300
502949,1,91000
503132,1,5300
503319,1,6400
503348,1,2900
503355,1,355900
503462,1,6400
503515,1,35100
503535,1,70000
503720,1,0
503838,4,38400
503849,1,1733500
503918,5,142000
504009,4,4025500
504016,2,0
504043,3,1306300
504310,3,565300
504340,1,50000
504426,1,70600
504449,1,2282200
504558,2,547800
504587,1,31500
504591,1,176200
504634,2,0
504709,2,700200
504949,1,110300
505096,2,1080400
505124,1,2200
505222,49,21343900
505226,2,7229800
505277,1,98300
505302,2,40000
505462,1,6400
505469,2,93500
505470,2,4349600
505590,2,1000000
505625,1,0
505709,2,17800
505730,1,586800
505851,1,11332800
506091,1,8300
506148,1,798600
506216,3,6378300
506297,2,109000
506566,28,1752700
506595,1,122100
506678,2,20200
506955,2,1045400
506983,2,12053800
507062,1,21100
507210,1,17800
507254,4,114800
507383,2,21200
507493,2,12700
507565,5,211200
507569,1,97000
507587,1,25000
507597,2,724600
507716,1,400000
507764,4,29500
507801,6,291000
508086,1,197700
508114,24,2850600
508119,1,0
508236,3,9632000
508360,6,50000
508376,2,6800
508577,1,15000
508807,1,273700
508997,1,18200
509004,2,18900
509033,1,11800
509119,6,31200
509201,1,119800
509444,1,2375600
509563,3,110400
509611,4,388100
509648,1,31000
509681,2,73400
509731,1,3300
509817,2,260600
509866,2,16000
509942,2,106400
509943,33,178725700
510294,1,0
510402,3,76500
510480,2,15200
510516,4,52800
510558,2,90600
510586,3,59200
510750,10,68751000
511104,2,20000
511240,1,9700
511264,1,6600
511328,1,52000
511445,1,0
511470,1,794300
511484,4,224600
511497,1,10000
511595,5,102686700
511645,9,207300
511698,2,42742000
511711,2,95600
511796,4,884700
511905,1,41200
511918,1,232400
512061,4,6257700
512147,1,20000
512154,2,1116600
512216,5,40200
512339,3,52000
512447,4,1452900
512506,3,21300
512671,3,46700
512747,2,0
512990,1,5000
513015,1,18800
513017,1,15000
513102,1,210000
513217,5,7316900
513238,1,108800
513331,10,236800
513428,2,1000
513456,1,74600
513467,6,43200
513483,1,0
513506,1,11000
513627,1,0
513696,1,10800
513739,1,1802300
513862,1,11400
514028,1,3553400
514032,15,1261600
514087,7,265300
514370,1,25800
514379,6,63900
514419,13,56820900
514438,2,0
514544,1,50200
514640,1,9100
514727,1,15000
514904,1,356900
515036,1,13600
515162,2,170900
515344,20,324000
515433,4,1163800
515434,1,19000
515441,4,1570500
515442,2,16400
515476,1,15590600
515974,17,200400
516024,1,45100
516389,1,6100
516428,1,1300
516495,1,714800
516766,3,71300
516795,1,12300
516955,9,5786700
517638,1,11400
517775,3,915800
517799,1,770800
518226,3,1305300
518470,1,3150000
518487,1,83100
518623,2,10800
518844,3,89800
518852,1,32300
518922,4,186800
518975,2,200
518988,7,259400
519044,10,0
519208,1,8000
519302,1,158300
519303,1,9069600
519516,1,2909600
519547,3,75000
519582,1,2400
519596,2,10400
519649,3,1234800
519658,6,114600
519885,1,19900
519888,4,161800
519908,2,55200
519930,8,2545700
520090,1,6000
520356,1,9865300
520431,3,83400
520446,3,107000
520464,2,5000000
520809,2,1407800
520927,2,451500
520958,1,22200
520968,2,98400
520969,1,24700
520976,1,143500
521138,14,47562100
521141,1,56400
521184,2,105600
521339,3,1033200
521357,139,2647900
521469,1,51300
521643,2,2310200
521904,1,2600
521935,1,70900
521998,2,3400
522059,2,84800
522329,3,68300
522346,2,20000
522395,2,72500
522553,1,241800
522570,1,21600
522607,9,224300
522775,7,8030000
522854,2,0
522904,1,30000
523009,2,263000
523137,2,51200
523503,1,17700
523536,28,88600
523559,1,4200
523669,16,524388000
523675,2,0
523741,1,7900
523754,1,21400
523871,1,44600
524093,3,64800
524154,11,74000
524304,1,78800
524310,2,12200
524318,2,23200
524361,2,11280200
524540,1,7300
524611,1,55600
525044,2,13400
525053,1,18200
525129,1,0
525528,2,105600
525556,1,132200
525849,5,43773600
525850,3,180000
525910,1,2500000
525957,1,43300
526018,2,8500
526305,1,464400
