EID,BF_COUNT,BF_END,BF_IN,IS_EXIST_INBF,IS_INDYEND,BF_END_RATE,BF_IN_RATE
334,2,0,2,1,1,0.0,1.0
882,1,0,1,1,1,0.0,1.0
1152,1,0,1,1,1,0.0,1.0
1239,2,0,2,1,1,0.0,1.0
1445,1,0,1,1,1,0.0,1.0
1783,2,0,2,1,1,0.0,1.0
2157,2,0,2,1,1,0.0,1.0
2618,27,0,27,1,1,0.0,1.0
2940,2,0,2,1,1,0.0,1.0
3488,2,0,2,1,1,0.0,1.0
3615,1,0,1,1,1,0.0,1.0
4026,2,0,2,1,1,0.0,1.0
4164,2,0,2,1,1,0.0,1.0
4207,1,1,0,0,0,1.0,0.0
5407,2,0,2,1,1,0.0,1.0
5631,2,0,2,1,1,0.0,1.0
6103,2,0,2,1,1,0.0,1.0
6525,2,0,2,1,1,0.0,1.0
6758,3,0,3,1,1,0.0,1.0
8889,2,0,2,1,1,0.0,1.0
9216,2,0,2,1,1,0.0,1.0
10691,2,0,2,1,1,0.0,1.0
10695,2,0,2,1,1,0.0,1.0
10751,4,0,4,1,1,0.0,1.0
11305,2,0,2,1,1,0.0,1.0
11705,2,0,2,1,1,0.0,1.0
12255,2,0,2,1,1,0.0,1.0
12489,2,0,2,1,1,0.0,1.0
13487,2,0,2,1,1,0.0,1.0
13905,4,4,0,0,0,1.0,0.0
15074,1,1,0,0,0,1.0,0.0
16523,2,0,2,1,1,0.0,1.0
16905,3,0,3,1,1,0.0,1.0
17131,2,0,2,1,1,0.0,1.0
17866,2,0,2,1,1,0.0,1.0
17998,2,0,2,1,1,0.0,1.0
18124,1,0,1,1,1,0.0,1.0
19383,2,0,2,1,1,0.0,1.0
19744,4,0,4,1,1,0.0,1.0
19890,5,0,5,1,1,0.0,1.0
20724,5,0,5,1,1,0.0,1.0
20752,1,0,1,1,1,0.0,1.0
20895,2,0,2,1,1,0.0,1.0
21269,4,0,4,1,1,0.0,1.0
21361,2,0,2,1,1,0.0,1.0
21987,2,0,2,1,1,0.0,1.0
22008,1,0,1,1,1,0.0,1.0
22163,1,1,0,0,0,1.0,0.0
22981,2,0,2,1,1,0.0,1.0
23299,1,0,1,1,1,0.0,1.0
23768,2,0,2,1,1,0.0,1.0
24132,4,0,4,1,1,0.0,1.0
24602,1,0,1,1,1,0.0,1.0
24827,2,0,2,1,1,0.0,1.0
24935,2,0,2,1,1,0.0,1.0
26187,2,0,2,1,1,0.0,1.0
26326,1,1,0,0,0,1.0,0.0
26517,1,0,1,1,1,0.0,1.0
26642,2,0,2,1,1,0.0,1.0
26743,2,0,2,1,1,0.0,1.0
26860,1,0,1,1,1,0.0,1.0
27004,2,0,2,1,1,0.0,1.0
27029,2,0,2,1,1,0.0,1.0
27490,1,0,1,1,1,0.0,1.0
27864,2,0,2,1,1,0.0,1.0
28204,2,0,2,1,1,0.0,1.0
28600,2,0,2,1,1,0.0,1.0
28833,1,0,1,1,1,0.0,1.0
29041,2,0,2,1,1,0.0,1.0
29240,2,0,2,1,1,0.0,1.0
29544,2,0,2,1,1,0.0,1.0
29604,4,0,4,1,1,0.0,1.0
30022,2,0,2,1,1,0.0,1.0
31043,12,0,12,1,1,0.0,1.0
31275,1,0,1,1,1,0.0,1.0
32532,2,0,2,1,1,0.0,1.0
32572,1,0,1,1,1,0.0,1.0
32789,2,0,2,1,1,0.0,1.0
33606,2,0,2,1,1,0.0,1.0
33746,2,0,2,1,1,0.0,1.0
34059,2,0,2,1,1,0.0,1.0
34077,2,0,2,1,1,0.0,1.0
34083,2,2,0,0,0,1.0,0.0
34161,2,0,2,1,1,0.0,1.0
34979,5,0,5,1,1,0.0,1.0
35863,2,0,2,1,1,0.0,1.0
35866,2,0,2,1,1,0.0,1.0
36486,2,0,2,1,1,0.0,1.0
36504,16,0,16,1,1,0.0,1.0
37145,2,0,2,1,1,0.0,1.0
37196,2,0,2,1,1,0.0,1.0
38709,9,0,9,1,1,0.0,1.0
39647,1,0,1,1,1,0.0,1.0
39679,1,0,1,1,1,0.0,1.0
39909,2,0,2,1,1,0.0,1.0
40040,2,0,2,1,1,0.0,1.0
40846,2,0,2,1,1,0.0,1.0
41037,3,0,3,1,1,0.0,1.0
41320,4,0,4,1,1,0.0,1.0
41757,4,0,4,1,1,0.0,1.0
41865,2,0,2,1,1,0.0,1.0
42051,4,0,4,1,1,0.0,1.0
42201,1,0,1,1,1,0.0,1.0
42215,13,3,10,1,1,0.23076923076923078,0.7692307692307693
42517,9,0,9,1,1,0.0,1.0
42569,2,0,2,1,1,0.0,1.0
42716,2,0,2,1,1,0.0,1.0
42832,2,0,2,1,1,0.0,1.0
42856,3,0,3,1,1,0.0,1.0
43204,1,0,1,1,1,0.0,1.0
43586,1,0,1,1,1,0.0,1.0
43594,2,0,2,1,1,0.0,1.0
44082,1,0,1,1,1,0.0,1.0
44087,2,0,2,1,1,0.0,1.0
44295,2,0,2,1,1,0.0,1.0
44906,2,0,2,1,1,0.0,1.0
44912,1,0,1,1,1,0.0,1.0
44964,2,0,2,1,1,0.0,1.0
45070,1,1,0,0,0,1.0,0.0
45143,2,0,2,1,1,0.0,1.0
46484,2,0,2,1,1,0.0,1.0
48025,2,0,2,1,1,0.0,1.0
48156,1,0,1,1,1,0.0,1.0
48506,4,0,4,1,1,0.0,1.0
48601,2,0,2,1,1,0.0,1.0
48629,1,0,1,1,1,0.0,1.0
48719,2,0,2,1,1,0.0,1.0
48835,2,0,2,1,1,0.0,1.0
48897,4,0,4,1,1,0.0,1.0
49426,2,0,2,1,1,0.0,1.0
49578,4,0,4,1,1,0.0,1.0
49675,3,0,3,1,1,0.0,1.0
50133,3,0,3,1,1,0.0,1.0
51030,2,0,2,1,1,0.0,1.0
52079,2,0,2,1,1,0.0,1.0
52677,2,0,2,1,1,0.0,1.0
53098,1,0,1,1,1,0.0,1.0
53693,11,0,11,1,1,0.0,1.0
54693,2,0,2,1,1,0.0,1.0
55480,2,0,2,1,1,0.0,1.0
55641,2,0,2,1,1,0.0,1.0
55821,4,0,4,1,1,0.0,1.0
55822,2,0,2,1,1,0.0,1.0
55829,2,0,2,1,1,0.0,1.0
56117,2,0,2,1,1,0.0,1.0
56355,1,0,1,1,1,0.0,1.0
57705,1,0,1,1,1,0.0,1.0
57737,2,0,2,1,1,0.0,1.0
57782,1,0,1,1,1,0.0,1.0
58140,4,0,4,1,1,0.0,1.0
58737,3,0,3,1,1,0.0,1.0
58978,3,0,3,1,1,0.0,1.0
59519,12,0,12,1,1,0.0,1.0
60010,2,0,2,1,1,0.0,1.0
60205,2,0,2,1,1,0.0,1.0
60263,2,0,2,1,1,0.0,1.0
60502,1,0,1,1,1,0.0,1.0
60605,2,0,2,1,1,0.0,1.0
61245,1,0,1,1,1,0.0,1.0
61800,1,0,1,1,1,0.0,1.0
61990,2,0,2,1,1,0.0,1.0
62360,2,0,2,1,1,0.0,1.0
62475,1,0,1,1,1,0.0,1.0
62561,2,0,2,1,1,0.0,1.0
62678,2,0,2,1,1,0.0,1.0
63080,2,0,2,1,1,0.0,1.0
63205,2,0,2,1,1,0.0,1.0
63670,2,0,2,1,1,0.0,1.0
63680,14,0,14,1,1,0.0,1.0
64375,2,0,2,1,1,0.0,1.0
65028,10,0,10,1,1,0.0,1.0
65159,4,0,4,1,1,0.0,1.0
65379,2,0,2,1,1,0.0,1.0
65659,1,0,1,1,1,0.0,1.0
65950,2,0,2,1,1,0.0,1.0
66085,2,0,2,1,1,0.0,1.0
66454,35,0,35,1,1,0.0,1.0
66804,16,0,16,1,1,0.0,1.0
66843,4,0,4,1,1,0.0,1.0
66856,2,0,2,1,1,0.0,1.0
67070,2,0,2,1,1,0.0,1.0
67697,2,0,2,1,1,0.0,1.0
68006,2,0,2,1,1,0.0,1.0
68121,2,0,2,1,1,0.0,1.0
68591,1,0,1,1,1,0.0,1.0
69343,1,0,1,1,1,0.0,1.0
69522,2,0,2,1,1,0.0,1.0
70730,2,0,2,1,1,0.0,1.0
70924,2,0,2,1,1,0.0,1.0
70969,2,0,2,1,1,0.0,1.0
71306,1,0,1,1,1,0.0,1.0
72738,2,0,2,1,1,0.0,1.0
72976,33,0,33,1,1,0.0,1.0
73069,2,0,2,1,1,0.0,1.0
73160,7,0,7,1,1,0.0,1.0
73162,2,0,2,1,1,0.0,1.0
74469,2,0,2,1,1,0.0,1.0
74982,1,0,1,1,1,0.0,1.0
75459,1,0,1,1,1,0.0,1.0
76819,4,0,4,1,1,0.0,1.0
77103,2,0,2,1,1,0.0,1.0
77116,2,0,2,1,1,0.0,1.0
77722,1,0,1,1,1,0.0,1.0
77777,2,0,2,1,1,0.0,1.0
77921,2,0,2,1,1,0.0,1.0
78017,1,0,1,1,1,0.0,1.0
78343,1,0,1,1,1,0.0,1.0
78595,2,0,2,1,1,0.0,1.0
78604,2,0,2,1,1,0.0,1.0
78615,2,0,2,1,1,0.0,1.0
79149,3,0,3,1,1,0.0,1.0
79175,2,0,2,1,1,0.0,1.0
80254,2,0,2,1,1,0.0,1.0
80480,4,0,4,1,1,0.0,1.0
80622,2,0,2,1,1,0.0,1.0
80938,2,0,2,1,1,0.0,1.0
81064,1,0,1,1,1,0.0,1.0
81653,4,0,4,1,1,0.0,1.0
81975,1,0,1,1,1,0.0,1.0
82125,2,0,2,1,1,0.0,1.0
82164,2,0,2,1,1,0.0,1.0
82240,4,0,4,1,1,0.0,1.0
82434,2,0,2,1,1,0.0,1.0
82759,8,0,8,1,1,0.0,1.0
84702,6,0,6,1,1,0.0,1.0
84942,4,0,4,1,1,0.0,1.0
85285,1,0,1,1,1,0.0,1.0
85526,1,0,1,1,1,0.0,1.0
86139,2,0,2,1,1,0.0,1.0
86250,1,1,0,0,0,1.0,0.0
86269,1,1,0,0,0,1.0,0.0
86476,1,0,1,1,1,0.0,1.0
86729,2,0,2,1,1,0.0,1.0
87086,2,0,2,1,1,0.0,1.0
87339,2,0,2,1,1,0.0,1.0
87353,8,0,8,1,1,0.0,1.0
88034,2,0,2,1,1,0.0,1.0
88198,2,0,2,1,1,0.0,1.0
88607,2,0,2,1,1,0.0,1.0
88654,2,0,2,1,1,0.0,1.0
90737,1,0,1,1,1,0.0,1.0
90869,2,0,2,1,1,0.0,1.0
90909,2,0,2,1,1,0.0,1.0
91227,1,0,1,1,1,0.0,1.0
91356,2,0,2,1,1,0.0,1.0
91361,2,0,2,1,1,0.0,1.0
91522,9,0,9,1,1,0.0,1.0
91804,2,0,2,1,1,0.0,1.0
91810,2,0,2,1,1,0.0,1.0
92527,1,0,1,1,1,0.0,1.0
92547,2,0,2,1,1,0.0,1.0
92725,4,0,4,1,1,0.0,1.0
93340,2,0,2,1,1,0.0,1.0
93417,4,0,4,1,1,0.0,1.0
93620,1,0,1,1,1,0.0,1.0
94577,2,0,2,1,1,0.0,1.0
95075,2,2,0,0,0,1.0,0.0
95095,2,0,2,1,1,0.0,1.0
95530,1,0,1,1,1,0.0,1.0
95668,2,0,2,1,1,0.0,1.0
96503,2,0,2,1,1,0.0,1.0
97281,2,0,2,1,1,0.0,1.0
97461,2,0,2,1,1,0.0,1.0
97535,1,0,1,1,1,0.0,1.0
97758,1,0,1,1,1,0.0,1.0
98864,1,0,1,1,1,0.0,1.0
99004,2,0,2,1,1,0.0,1.0
99585,4,0,4,1,1,0.0,1.0
99785,1,1,0,0,0,1.0,0.0
99856,4,0,4,1,1,0.0,1.0
100316,2,0,2,1,1,0.0,1.0
100423,2,0,2,1,1,0.0,1.0
100884,2,0,2,1,1,0.0,1.0
100938,1,0,1,1,1,0.0,1.0
101325,1,0,1,1,1,0.0,1.0
101347,2,0,2,1,1,0.0,1.0
101558,2,0,2,1,1,0.0,1.0
102327,2,0,2,1,1,0.0,1.0
102558,2,0,2,1,1,0.0,1.0
102700,6,0,6,1,1,0.0,1.0
103731,2,0,2,1,1,0.0,1.0
103918,1,0,1,1,1,0.0,1.0
104109,2,0,2,1,1,0.0,1.0
105248,2,0,2,1,1,0.0,1.0
105294,1,1,0,0,0,1.0,0.0
105978,3,0,3,1,1,0.0,1.0
106052,2,0,2,1,1,0.0,1.0
106128,1,0,1,1,1,0.0,1.0
106657,1,1,0,0,0,1.0,0.0
106970,1,0,1,1,1,0.0,1.0
107313,2,0,2,1,1,0.0,1.0
109733,1,0,1,1,1,0.0,1.0
110163,2,0,2,1,1,0.0,1.0
111275,2,0,2,1,1,0.0,1.0
111351,2,0,2,1,1,0.0,1.0
111655,2,0,2,1,1,0.0,1.0
111848,4,0,4,1,1,0.0,1.0
112192,2,0,2,1,1,0.0,1.0
112669,2,0,2,1,1,0.0,1.0
112695,2,0,2,1,1,0.0,1.0
113324,1,0,1,1,1,0.0,1.0
113907,6,0,6,1,1,0.0,1.0
113951,2,0,2,1,1,0.0,1.0
114018,2,0,2,1,1,0.0,1.0
114585,2,0,2,1,1,0.0,1.0
114696,2,0,2,1,1,0.0,1.0
114862,18,0,18,1,1,0.0,1.0
115213,4,0,4,1,1,0.0,1.0
115351,1,0,1,1,1,0.0,1.0
115857,1,1,0,0,0,1.0,0.0
116003,1,0,1,1,1,0.0,1.0
116343,2,0,2,1,1,0.0,1.0
116712,2,0,2,1,1,0.0,1.0
117465,4,0,4,1,1,0.0,1.0
117738,2,0,2,1,1,0.0,1.0
117899,1,0,1,1,1,0.0,1.0
118231,2,0,2,1,1,0.0,1.0
118720,2,0,2,1,1,0.0,1.0
119119,4,0,4,1,1,0.0,1.0
119474,4,0,4,1,1,0.0,1.0
119860,2,0,2,1,1,0.0,1.0
121299,2,0,2,1,1,0.0,1.0
121661,5,0,5,1,1,0.0,1.0
121754,6,0,6,1,1,0.0,1.0
123063,2,0,2,1,1,0.0,1.0
124521,2,0,2,1,1,0.0,1.0
124641,1,0,1,1,1,0.0,1.0
125186,2,0,2,1,1,0.0,1.0
125588,2,0,2,1,1,0.0,1.0
126528,2,0,2,1,1,0.0,1.0
127097,31,0,31,1,1,0.0,1.0
127476,4,0,4,1,1,0.0,1.0
127808,7,0,7,1,1,0.0,1.0
128128,2,0,2,1,1,0.0,1.0
128829,2,0,2,1,1,0.0,1.0
129447,2,0,2,1,1,0.0,1.0
129674,2,0,2,1,1,0.0,1.0
129813,1,0,1,1,1,0.0,1.0
130091,2,0,2,1,1,0.0,1.0
130430,1,0,1,1,1,0.0,1.0
130905,1,1,0,0,0,1.0,0.0
131698,4,0,4,1,1,0.0,1.0
132141,1,1,0,0,0,1.0,0.0
132185,4,0,4,1,1,0.0,1.0
132587,2,0,2,1,1,0.0,1.0
132697,2,0,2,1,1,0.0,1.0
133259,2,0,2,1,1,0.0,1.0
133689,1,0,1,1,1,0.0,1.0
133873,1,0,1,1,1,0.0,1.0
133901,2,0,2,1,1,0.0,1.0
134238,2,0,2,1,1,0.0,1.0
134608,2,0,2,1,1,0.0,1.0
135158,2,0,2,1,1,0.0,1.0
135209,1,0,1,1,1,0.0,1.0
135747,4,0,4,1,1,0.0,1.0
135844,2,0,2,1,1,0.0,1.0
135845,4,0,4,1,1,0.0,1.0
136020,1,0,1,1,1,0.0,1.0
136146,2,0,2,1,1,0.0,1.0
136893,2,0,2,1,1,0.0,1.0
137119,2,0,2,1,1,0.0,1.0
137969,2,0,2,1,1,0.0,1.0
138364,4,0,4,1,1,0.0,1.0
138378,7,0,7,1,1,0.0,1.0
138409,20,0,20,1,1,0.0,1.0
138434,2,0,2,1,1,0.0,1.0
139252,2,0,2,1,1,0.0,1.0
139816,4,0,4,1,1,0.0,1.0
140078,1,0,1,1,1,0.0,1.0
140255,1,0,1,1,1,0.0,1.0
140504,2,0,2,1,1,0.0,1.0
141467,1,0,1,1,1,0.0,1.0
141703,1,0,1,1,1,0.0,1.0
141947,2,0,2,1,1,0.0,1.0
142224,3,0,3,1,1,0.0,1.0
142392,2,0,2,1,1,0.0,1.0
143026,3,0,3,1,1,0.0,1.0
143878,5,0,5,1,1,0.0,1.0
144254,2,0,2,1,1,0.0,1.0
144321,2,1,1,1,0,0.5,0.5
144404,1,1,0,0,0,1.0,0.0
145534,2,0,2,1,1,0.0,1.0
145588,2,0,2,1,1,0.0,1.0
146916,2,0,2,1,1,0.0,1.0
147482,1,1,0,0,0,1.0,0.0
147501,9,0,9,1,1,0.0,1.0
148111,2,0,2,1,1,0.0,1.0
148344,2,0,2,1,1,0.0,1.0
148529,2,0,2,1,1,0.0,1.0
148559,2,0,2,1,1,0.0,1.0
148648,2,0,2,1,1,0.0,1.0
148765,2,0,2,1,1,0.0,1.0
148931,2,0,2,1,1,0.0,1.0
150932,2,0,2,1,1,0.0,1.0
151124,4,0,4,1,1,0.0,1.0
151140,2,0,2,1,1,0.0,1.0
151191,2,0,2,1,1,0.0,1.0
151262,1,1,0,0,0,1.0,0.0
151440,4,0,4,1,1,0.0,1.0
151873,2,0,2,1,1,0.0,1.0
152159,19,0,19,1,1,0.0,1.0
153074,1,0,1,1,1,0.0,1.0
153257,1,0,1,1,1,0.0,1.0
153936,2,0,2,1,1,0.0,1.0
154574,11,0,11,1,1,0.0,1.0
154752,2,0,2,1,1,0.0,1.0
154965,1,0,1,1,1,0.0,1.0
156311,2,0,2,1,1,0.0,1.0
156884,2,0,2,1,1,0.0,1.0
157007,2,0,2,1,1,0.0,1.0
157773,2,0,2,1,1,0.0,1.0
157843,2,0,2,1,1,0.0,1.0
158057,2,0,2,1,1,0.0,1.0
158606,2,0,2,1,1,0.0,1.0
158892,2,1,1,1,0,0.5,0.5
159562,2,0,2,1,1,0.0,1.0
159685,4,0,4,1,1,0.0,1.0
160781,3,0,3,1,1,0.0,1.0
160961,1,1,0,0,0,1.0,0.0
161098,2,0,2,1,1,0.0,1.0
161437,10,1,9,1,1,0.1,0.9
161705,5,0,5,1,1,0.0,1.0
161976,1,0,1,1,1,0.0,1.0
162374,4,0,4,1,1,0.0,1.0
163587,9,0,9,1,1,0.0,1.0
163612,2,0,2,1,1,0.0,1.0
163770,2,0,2,1,1,0.0,1.0
163917,2,0,2,1,1,0.0,1.0
164533,1,0,1,1,1,0.0,1.0
164796,2,0,2,1,1,0.0,1.0
164881,2,0,2,1,1,0.0,1.0
165079,8,0,8,1,1,0.0,1.0
165092,2,0,2,1,1,0.0,1.0
165494,2,0,2,1,1,0.0,1.0
165576,1,0,1,1,1,0.0,1.0
166080,2,0,2,1,1,0.0,1.0
167082,2,0,2,1,1,0.0,1.0
167410,2,0,2,1,1,0.0,1.0
167844,1,0,1,1,1,0.0,1.0
168133,4,0,4,1,1,0.0,1.0
168168,4,0,4,1,1,0.0,1.0
168440,4,0,4,1,1,0.0,1.0
168587,2,0,2,1,1,0.0,1.0
168679,2,0,2,1,1,0.0,1.0
169013,2,0,2,1,1,0.0,1.0
169310,4,0,4,1,1,0.0,1.0
169590,1,0,1,1,1,0.0,1.0
170384,2,0,2,1,1,0.0,1.0
170481,2,0,2,1,1,0.0,1.0
170538,2,0,2,1,1,0.0,1.0
170664,1,1,0,0,0,1.0,0.0
171251,1,0,1,1,1,0.0,1.0
171803,2,0,2,1,1,0.0,1.0
172773,1,0,1,1,1,0.0,1.0
173247,2,0,2,1,1,0.0,1.0
173367,1,0,1,1,1,0.0,1.0
173393,1,0,1,1,1,0.0,1.0
173627,2,0,2,1,1,0.0,1.0
174221,1,0,1,1,1,0.0,1.0
174244,2,0,2,1,1,0.0,1.0
174515,2,0,2,1,1,0.0,1.0
175325,2,0,2,1,1,0.0,1.0
177903,1,0,1,1,1,0.0,1.0
178719,4,0,4,1,1,0.0,1.0
179068,2,0,2,1,1,0.0,1.0
179491,2,0,2,1,1,0.0,1.0
180268,2,0,2,1,1,0.0,1.0
180372,1,0,1,1,1,0.0,1.0
180806,2,0,2,1,1,0.0,1.0
180866,6,0,6,1,1,0.0,1.0
180965,2,0,2,1,1,0.0,1.0
181721,2,0,2,1,1,0.0,1.0
181877,1,0,1,1,1,0.0,1.0
182169,4,0,4,1,1,0.0,1.0
182734,2,0,2,1,1,0.0,1.0
183277,4,0,4,1,1,0.0,1.0
183409,2,0,2,1,1,0.0,1.0
183816,2,0,2,1,1,0.0,1.0
183850,2,0,2,1,1,0.0,1.0
184046,2,0,2,1,1,0.0,1.0
184444,1,0,1,1,1,0.0,1.0
184788,2,0,2,1,1,0.0,1.0
184997,2,0,2,1,1,0.0,1.0
185056,2,0,2,1,1,0.0,1.0
185265,1,0,1,1,1,0.0,1.0
185322,2,0,2,1,1,0.0,1.0
186212,2,0,2,1,1,0.0,1.0
186946,2,0,2,1,1,0.0,1.0
187099,4,0,4,1,1,0.0,1.0
187410,5,0,5,1,1,0.0,1.0
187630,1,0,1,1,1,0.0,1.0
188193,1,0,1,1,1,0.0,1.0
188676,2,0,2,1,1,0.0,1.0
189863,2,0,2,1,1,0.0,1.0
189920,2,0,2,1,1,0.0,1.0
190211,1,1,0,0,0,1.0,0.0
190290,2,0,2,1,1,0.0,1.0
190397,2,0,2,1,1,0.0,1.0
190453,3,0,3,1,1,0.0,1.0
190702,3,3,0,0,0,1.0,0.0
191620,2,0,2,1,1,0.0,1.0
191741,4,0,4,1,1,0.0,1.0
193694,2,0,2,1,1,0.0,1.0
194248,2,0,2,1,1,0.0,1.0
194824,2,0,2,1,1,0.0,1.0
194955,3,0,3,1,1,0.0,1.0
195059,4,0,4,1,1,0.0,1.0
196116,4,0,4,1,1,0.0,1.0
196957,2,0,2,1,1,0.0,1.0
197062,1,0,1,1,1,0.0,1.0
197250,2,0,2,1,1,0.0,1.0
197747,2,0,2,1,1,0.0,1.0
198255,1,0,1,1,1,0.0,1.0
198267,2,0,2,1,1,0.0,1.0
198482,2,0,2,1,1,0.0,1.0
198650,1,0,1,1,1,0.0,1.0
200270,2,0,2,1,1,0.0,1.0
200280,2,0,2,1,1,0.0,1.0
200616,9,0,9,1,1,0.0,1.0
201148,2,0,2,1,1,0.0,1.0
201178,13,2,11,1,1,0.15384615384615385,0.8461538461538461
202487,2,0,2,1,1,0.0,1.0
202934,18,0,18,1,1,0.0,1.0
202967,8,0,8,1,1,0.0,1.0
203297,2,0,2,1,1,0.0,1.0
203403,3,0,3,1,1,0.0,1.0
203500,2,0,2,1,1,0.0,1.0
203590,1,0,1,1,1,0.0,1.0
203758,16,0,16,1,1,0.0,1.0
204099,18,0,18,1,1,0.0,1.0
204564,8,0,8,1,1,0.0,1.0
204619,4,0,4,1,1,0.0,1.0
204923,4,0,4,1,1,0.0,1.0
205081,4,0,4,1,1,0.0,1.0
205240,1,1,0,0,0,1.0,0.0
205387,8,0,8,1,1,0.0,1.0
205761,1,0,1,1,1,0.0,1.0
205782,2,0,2,1,1,0.0,1.0
205993,1,0,1,1,1,0.0,1.0
207760,2,0,2,1,1,0.0,1.0
207911,2,0,2,1,1,0.0,1.0
208615,2,0,2,1,1,0.0,1.0
208675,3,0,3,1,1,0.0,1.0
208720,2,0,2,1,1,0.0,1.0
208870,1,0,1,1,1,0.0,1.0
209122,2,0,2,1,1,0.0,1.0
209126,2,0,2,1,1,0.0,1.0
209166,1,0,1,1,1,0.0,1.0
209704,20,0,20,1,1,0.0,1.0
210338,16,1,15,1,1,0.0625,0.9375
210499,2,0,2,1,1,0.0,1.0
211301,3,0,3,1,1,0.0,1.0
211586,2,0,2,1,1,0.0,1.0
212187,2,0,2,1,1,0.0,1.0
212638,2,0,2,1,1,0.0,1.0
212895,2,0,2,1,1,0.0,1.0
213410,1,0,1,1,1,0.0,1.0
213603,3,0,3,1,1,0.0,1.0
214080,4,0,4,1,1,0.0,1.0
214119,1,0,1,1,1,0.0,1.0
214300,1,0,1,1,1,0.0,1.0
214391,1,0,1,1,1,0.0,1.0
214508,2,0,2,1,1,0.0,1.0
214586,2,0,2,1,1,0.0,1.0
216002,1,0,1,1,1,0.0,1.0
216293,2,0,2,1,1,0.0,1.0
216809,2,0,2,1,1,0.0,1.0
216953,3,0,3,1,1,0.0,1.0
217253,2,0,2,1,1,0.0,1.0
218139,2,0,2,1,1,0.0,1.0
218436,2,0,2,1,1,0.0,1.0
218466,8,0,8,1,1,0.0,1.0
218654,1,1,0,0,0,1.0,0.0
218889,2,0,2,1,1,0.0,1.0
219998,2,0,2,1,1,0.0,1.0
220079,2,0,2,1,1,0.0,1.0
220224,2,0,2,1,1,0.0,1.0
220314,2,0,2,1,1,0.0,1.0
221541,2,0,2,1,1,0.0,1.0
221731,4,0,4,1,1,0.0,1.0
221964,2,0,2,1,1,0.0,1.0
222286,2,0,2,1,1,0.0,1.0
222694,4,0,4,1,1,0.0,1.0
222714,2,0,2,1,1,0.0,1.0
223427,1,0,1,1,1,0.0,1.0
224726,1,1,0,0,0,1.0,0.0
225137,1,0,1,1,1,0.0,1.0
225507,3,0,3,1,1,0.0,1.0
225660,2,0,2,1,1,0.0,1.0
225893,1,0,1,1,1,0.0,1.0
226663,2,0,2,1,1,0.0,1.0
226688,2,0,2,1,1,0.0,1.0
226865,1,0,1,1,1,0.0,1.0
227034,4,0,4,1,1,0.0,1.0
227114,4,0,4,1,1,0.0,1.0
228056,2,0,2,1,1,0.0,1.0
228230,2,0,2,1,1,0.0,1.0
228496,1,0,1,1,1,0.0,1.0
228835,6,0,6,1,1,0.0,1.0
230838,1,1,0,0,0,1.0,0.0
230932,2,0,2,1,1,0.0,1.0
231105,1,0,1,1,1,0.0,1.0
231358,2,0,2,1,1,0.0,1.0
231844,1,0,1,1,1,0.0,1.0
231986,4,0,4,1,1,0.0,1.0
232809,1,1,0,0,0,1.0,0.0
233957,1,0,1,1,1,0.0,1.0
234041,7,0,7,1,1,0.0,1.0
234390,1,0,1,1,1,0.0,1.0
235515,1,0,1,1,1,0.0,1.0
235930,1,1,0,0,0,1.0,0.0
236872,4,0,4,1,1,0.0,1.0
237464,2,0,2,1,1,0.0,1.0
237949,2,0,2,1,1,0.0,1.0
238298,1,0,1,1,1,0.0,1.0
238352,2,0,2,1,1,0.0,1.0
238408,2,0,2,1,1,0.0,1.0
238964,1,0,1,1,1,0.0,1.0
239704,2,0,2,1,1,0.0,1.0
239784,4,0,4,1,1,0.0,1.0
240295,2,0,2,1,1,0.0,1.0
240399,2,0,2,1,1,0.0,1.0
240825,1,1,0,0,0,1.0,0.0
241002,2,0,2,1,1,0.0,1.0
241132,1,0,1,1,1,0.0,1.0
241443,1,0,1,1,1,0.0,1.0
241886,2,0,2,1,1,0.0,1.0
242367,2,0,2,1,1,0.0,1.0
242603,2,0,2,1,1,0.0,1.0
242731,2,0,2,1,1,0.0,1.0
243549,2,0,2,1,1,0.0,1.0
243821,2,0,2,1,1,0.0,1.0
244743,2,0,2,1,1,0.0,1.0
244799,2,0,2,1,1,0.0,1.0
244846,2,0,2,1,1,0.0,1.0
245143,2,0,2,1,1,0.0,1.0
245345,2,0,2,1,1,0.0,1.0
245571,1,0,1,1,1,0.0,1.0
246158,1,0,1,1,1,0.0,1.0
246219,2,0,2,1,1,0.0,1.0
246451,2,0,2,1,1,0.0,1.0
247049,2,0,2,1,1,0.0,1.0
247515,1,0,1,1,1,0.0,1.0
247562,4,0,4,1,1,0.0,1.0
247844,2,0,2,1,1,0.0,1.0
248342,2,0,2,1,1,0.0,1.0
248364,2,0,2,1,1,0.0,1.0
248710,1,1,0,0,0,1.0,0.0
249115,2,0,2,1,1,0.0,1.0
249819,2,0,2,1,1,0.0,1.0
249926,4,0,4,1,1,0.0,1.0
250217,3,0,3,1,1,0.0,1.0
250753,2,0,2,1,1,0.0,1.0
250967,2,0,2,1,1,0.0,1.0
251511,3,0,3,1,1,0.0,1.0
251567,2,0,2,1,1,0.0,1.0
252710,4,0,4,1,1,0.0,1.0
253234,2,0,2,1,1,0.0,1.0
253322,4,0,4,1,1,0.0,1.0
254307,2,0,2,1,1,0.0,1.0
254369,3,0,3,1,1,0.0,1.0
254510,8,0,8,1,1,0.0,1.0
254709,2,0,2,1,1,0.0,1.0
254814,10,0,10,1,1,0.0,1.0
255086,180,0,180,1,1,0.0,1.0
255110,1,0,1,1,1,0.0,1.0
255111,2,0,2,1,1,0.0,1.0
256216,2,0,2,1,1,0.0,1.0
256434,2,0,2,1,1,0.0,1.0
256951,2,0,2,1,1,0.0,1.0
257376,2,0,2,1,1,0.0,1.0
257579,2,0,2,1,1,0.0,1.0
257996,2,0,2,1,1,0.0,1.0
258561,2,0,2,1,1,0.0,1.0
258599,2,0,2,1,1,0.0,1.0
258931,2,0,2,1,1,0.0,1.0
259242,2,0,2,1,1,0.0,1.0
260236,6,0,6,1,1,0.0,1.0
260568,2,0,2,1,1,0.0,1.0
261339,4,0,4,1,1,0.0,1.0
261856,6,0,6,1,1,0.0,1.0
262065,1,0,1,1,1,0.0,1.0
262577,3,0,3,1,1,0.0,1.0
262713,2,0,2,1,1,0.0,1.0
262875,2,0,2,1,1,0.0,1.0
263499,4,0,4,1,1,0.0,1.0
264894,6,0,6,1,1,0.0,1.0
265576,2,0,2,1,1,0.0,1.0
265961,2,0,2,1,1,0.0,1.0
266375,2,0,2,1,1,0.0,1.0
266856,1,1,0,0,0,1.0,0.0
267574,2,0,2,1,1,0.0,1.0
267755,2,0,2,1,1,0.0,1.0
267800,10,0,10,1,1,0.0,1.0
267817,2,0,2,1,1,0.0,1.0
267825,4,0,4,1,1,0.0,1.0
268043,6,0,6,1,1,0.0,1.0
268453,1,0,1,1,1,0.0,1.0
269490,2,0,2,1,1,0.0,1.0
269838,2,0,2,1,1,0.0,1.0
270142,2,0,2,1,1,0.0,1.0
270594,7,0,7,1,1,0.0,1.0
270693,4,0,4,1,1,0.0,1.0
271198,2,0,2,1,1,0.0,1.0
271288,2,0,2,1,1,0.0,1.0
271474,4,0,4,1,1,0.0,1.0
271738,2,0,2,1,1,0.0,1.0
271867,3,0,3,1,1,0.0,1.0
272023,2,0,2,1,1,0.0,1.0
272119,1,0,1,1,1,0.0,1.0
272516,2,0,2,1,1,0.0,1.0
273189,2,0,2,1,1,0.0,1.0
273427,1,1,0,0,0,1.0,0.0
273729,2,0,2,1,1,0.0,1.0
273874,2,0,2,1,1,0.0,1.0
274142,3,0,3,1,1,0.0,1.0
274409,1,0,1,1,1,0.0,1.0
274543,2,0,2,1,1,0.0,1.0
274665,3,1,2,1,1,0.3333333333333333,0.6666666666666666
275585,2,0,2,1,1,0.0,1.0
275853,2,0,2,1,1,0.0,1.0
275919,9,0,9,1,1,0.0,1.0
275971,1,0,1,1,1,0.0,1.0
276647,2,0,2,1,1,0.0,1.0
277091,6,0,6,1,1,0.0,1.0
277993,1,0,1,1,1,0.0,1.0
278041,2,0,2,1,1,0.0,1.0
278552,2,0,2,1,1,0.0,1.0
279752,2,0,2,1,1,0.0,1.0
279945,1,1,0,0,0,1.0,0.0
280458,1,0,1,1,1,0.0,1.0
280601,2,0,2,1,1,0.0,1.0
281394,2,0,2,1,1,0.0,1.0
281621,2,0,2,1,1,0.0,1.0
282478,4,0,4,1,1,0.0,1.0
282612,2,0,2,1,1,0.0,1.0
283119,4,0,4,1,1,0.0,1.0
283447,2,0,2,1,1,0.0,1.0
284164,2,0,2,1,1,0.0,1.0
284767,2,0,2,1,1,0.0,1.0
284914,6,0,6,1,1,0.0,1.0
285309,4,0,4,1,1,0.0,1.0
285561,6,0,6,1,1,0.0,1.0
285826,3,1,2,1,1,0.3333333333333333,0.6666666666666666
286184,2,0,2,1,1,0.0,1.0
286278,2,0,2,1,1,0.0,1.0
286865,2,0,2,1,1,0.0,1.0
287188,2,0,2,1,1,0.0,1.0
287600,3,3,0,0,0,1.0,0.0
288336,1,0,1,1,1,0.0,1.0
288496,2,0,2,1,1,0.0,1.0
288599,1,0,1,1,1,0.0,1.0
288685,4,0,4,1,1,0.0,1.0
289123,2,0,2,1,1,0.0,1.0
289136,1,0,1,1,1,0.0,1.0
289160,4,0,4,1,1,0.0,1.0
289314,2,0,2,1,1,0.0,1.0
289554,2,0,2,1,1,0.0,1.0
290294,1,0,1,1,1,0.0,1.0
290638,8,0,8,1,1,0.0,1.0
291279,2,0,2,1,1,0.0,1.0
291771,1,0,1,1,1,0.0,1.0
291882,2,0,2,1,1,0.0,1.0
292411,1,0,1,1,1,0.0,1.0
292480,2,0,2,1,1,0.0,1.0
293699,2,0,2,1,1,0.0,1.0
293901,2,0,2,1,1,0.0,1.0
294136,1,1,0,0,0,1.0,0.0
294600,1,0,1,1,1,0.0,1.0
295240,2,0,2,1,1,0.0,1.0
295690,2,0,2,1,1,0.0,1.0
296262,2,0,2,1,1,0.0,1.0
296917,5,0,5,1,1,0.0,1.0
297586,2,0,2,1,1,0.0,1.0
297705,1,0,1,1,1,0.0,1.0
297870,1,0,1,1,1,0.0,1.0
298082,2,0,2,1,1,0.0,1.0
298347,4,0,4,1,1,0.0,1.0
298585,2,0,2,1,1,0.0,1.0
298618,2,0,2,1,1,0.0,1.0
298761,2,0,2,1,1,0.0,1.0
298966,2,0,2,1,1,0.0,1.0
299270,2,0,2,1,1,0.0,1.0
299449,1,0,1,1,1,0.0,1.0
300010,4,0,4,1,1,0.0,1.0
300211,1,0,1,1,1,0.0,1.0
303456,2,0,2,1,1,0.0,1.0
303872,2,0,2,1,1,0.0,1.0
303934,2,0,2,1,1,0.0,1.0
304501,2,0,2,1,1,0.0,1.0
305036,4,0,4,1,1,0.0,1.0
305828,2,0,2,1,1,0.0,1.0
306846,8,0,8,1,1,0.0,1.0
307705,1,1,0,0,0,1.0,0.0
308024,2,0,2,1,1,0.0,1.0
308822,2,0,2,1,1,0.0,1.0
309867,5,0,5,1,1,0.0,1.0
309992,8,0,8,1,1,0.0,1.0
310509,1,0,1,1,1,0.0,1.0
310742,6,0,6,1,1,0.0,1.0
310996,2,0,2,1,1,0.0,1.0
311286,2,0,2,1,1,0.0,1.0
311450,2,0,2,1,1,0.0,1.0
311701,4,0,4,1,1,0.0,1.0
312081,2,0,2,1,1,0.0,1.0
312751,1,0,1,1,1,0.0,1.0
312917,2,0,2,1,1,0.0,1.0
312966,16,0,16,1,1,0.0,1.0
313075,2,0,2,1,1,0.0,1.0
313326,1,0,1,1,1,0.0,1.0
313380,2,0,2,1,1,0.0,1.0
313604,2,2,0,0,0,1.0,0.0
313644,2,0,2,1,1,0.0,1.0
314549,2,0,2,1,1,0.0,1.0
314745,4,0,4,1,1,0.0,1.0
315038,1,0,1,1,1,0.0,1.0
315636,2,0,2,1,1,0.0,1.0
316051,2,0,2,1,1,0.0,1.0
317145,2,0,2,1,1,0.0,1.0
317205,4,0,4,1,1,0.0,1.0
317508,1,0,1,1,1,0.0,1.0
317825,8,0,8,1,1,0.0,1.0
318390,2,0,2,1,1,0.0,1.0
318863,1,1,0,0,0,1.0,0.0
319171,1,0,1,1,1,0.0,1.0
320133,11,0,11,1,1,0.0,1.0
320433,1,0,1,1,1,0.0,1.0
320458,4,0,4,1,1,0.0,1.0
320659,2,0,2,1,1,0.0,1.0
320666,2,0,2,1,1,0.0,1.0
321196,2,0,2,1,1,0.0,1.0
321471,1,0,1,1,1,0.0,1.0
322207,6,3,3,1,0,0.5,0.5
322585,1,0,1,1,1,0.0,1.0
323306,1,0,1,1,1,0.0,1.0
323427,3,0,3,1,1,0.0,1.0
323474,5,0,5,1,1,0.0,1.0
323782,2,0,2,1,1,0.0,1.0
323783,1,0,1,1,1,0.0,1.0
323854,5,0,5,1,1,0.0,1.0
323988,1,0,1,1,1,0.0,1.0
325378,1,0,1,1,1,0.0,1.0
326650,8,0,8,1,1,0.0,1.0
326755,2,0,2,1,1,0.0,1.0
327066,2,0,2,1,1,0.0,1.0
327414,2,0,2,1,1,0.0,1.0
328381,2,0,2,1,1,0.0,1.0
329535,2,0,2,1,1,0.0,1.0
330103,4,0,4,1,1,0.0,1.0
330183,4,0,4,1,1,0.0,1.0
330487,2,0,2,1,1,0.0,1.0
330586,2,0,2,1,1,0.0,1.0
331155,2,0,2,1,1,0.0,1.0
331452,4,4,0,0,0,1.0,0.0
331868,2,0,2,1,1,0.0,1.0
331977,2,0,2,1,1,0.0,1.0
332082,3,0,3,1,1,0.0,1.0
333237,4,0,4,1,1,0.0,1.0
334019,2,0,2,1,1,0.0,1.0
334159,2,0,2,1,1,0.0,1.0
334203,1,0,1,1,1,0.0,1.0
335159,1,0,1,1,1,0.0,1.0
336009,6,0,6,1,1,0.0,1.0
336141,2,2,0,0,0,1.0,0.0
336400,2,0,2,1,1,0.0,1.0
336615,1,1,0,0,0,1.0,0.0
337555,2,0,2,1,1,0.0,1.0
338062,4,0,4,1,1,0.0,1.0
338651,4,0,4,1,1,0.0,1.0
338702,1,0,1,1,1,0.0,1.0
339060,2,0,2,1,1,0.0,1.0
339106,2,0,2,1,1,0.0,1.0
340291,2,0,2,1,1,0.0,1.0
340629,2,0,2,1,1,0.0,1.0
341339,1,1,0,0,0,1.0,0.0
341470,4,0,4,1,1,0.0,1.0
341477,1,1,0,0,0,1.0,0.0
341822,1,0,1,1,1,0.0,1.0
342025,2,0,2,1,1,0.0,1.0
342578,2,0,2,1,1,0.0,1.0
344263,2,0,2,1,1,0.0,1.0
344281,2,0,2,1,1,0.0,1.0
344480,2,0,2,1,1,0.0,1.0
345138,2,0,2,1,1,0.0,1.0
345230,1,0,1,1,1,0.0,1.0
345670,1,0,1,1,1,0.0,1.0
346001,2,0,2,1,1,0.0,1.0
346046,1,0,1,1,1,0.0,1.0
346112,3,0,3,1,1,0.0,1.0
346415,3,3,0,0,0,1.0,0.0
346536,2,0,2,1,1,0.0,1.0
347696,2,0,2,1,1,0.0,1.0
347776,4,0,4,1,1,0.0,1.0
348349,2,0,2,1,1,0.0,1.0
348813,2,0,2,1,1,0.0,1.0
349114,2,0,2,1,1,0.0,1.0
349326,2,0,2,1,1,0.0,1.0
349580,2,0,2,1,1,0.0,1.0
349904,2,0,2,1,1,0.0,1.0
351918,2,0,2,1,1,0.0,1.0
351926,2,0,2,1,1,0.0,1.0
351929,1,0,1,1,1,0.0,1.0
352124,2,0,2,1,1,0.0,1.0
352978,2,0,2,1,1,0.0,1.0
353497,2,0,2,1,1,0.0,1.0
353685,1,0,1,1,1,0.0,1.0
353779,2,0,2,1,1,0.0,1.0
354386,2,0,2,1,1,0.0,1.0
354474,2,0,2,1,1,0.0,1.0
354533,1,0,1,1,1,0.0,1.0
354823,2,0,2,1,1,0.0,1.0
355051,2,0,2,1,1,0.0,1.0
355173,2,0,2,1,1,0.0,1.0
356214,6,0,6,1,1,0.0,1.0
356824,2,0,2,1,1,0.0,1.0
356946,2,0,2,1,1,0.0,1.0
356969,2,0,2,1,1,0.0,1.0
357149,1,0,1,1,1,0.0,1.0
357896,2,0,2,1,1,0.0,1.0
358539,2,0,2,1,1,0.0,1.0
358730,2,0,2,1,1,0.0,1.0
359282,4,0,4,1,1,0.0,1.0
360476,1,0,1,1,1,0.0,1.0
360915,2,0,2,1,1,0.0,1.0
360959,2,0,2,1,1,0.0,1.0
362200,2,0,2,1,1,0.0,1.0
362646,1,0,1,1,1,0.0,1.0
362734,2,0,2,1,1,0.0,1.0
364109,18,0,18,1,1,0.0,1.0
364199,2,0,2,1,1,0.0,1.0
366007,1,0,1,1,1,0.0,1.0
366079,2,0,2,1,1,0.0,1.0
366480,1,0,1,1,1,0.0,1.0
366639,7,0,7,1,1,0.0,1.0
367070,2,0,2,1,1,0.0,1.0
367312,4,0,4,1,1,0.0,1.0
367527,2,0,2,1,1,0.0,1.0
367682,2,0,2,1,1,0.0,1.0
368334,1,1,0,0,0,1.0,0.0
368792,2,0,2,1,1,0.0,1.0
369960,4,0,4,1,1,0.0,1.0
370187,4,0,4,1,1,0.0,1.0
370669,1,0,1,1,1,0.0,1.0
371252,1,0,1,1,1,0.0,1.0
372474,3,1,2,1,1,0.3333333333333333,0.6666666666666666
372836,2,0,2,1,1,0.0,1.0
373256,8,0,8,1,1,0.0,1.0
373612,2,0,2,1,1,0.0,1.0
373708,2,0,2,1,1,0.0,1.0
374272,2,0,2,1,1,0.0,1.0
375142,2,1,1,1,0,0.5,0.5
375345,2,0,2,1,1,0.0,1.0
375385,2,0,2,1,1,0.0,1.0
375490,1,0,1,1,1,0.0,1.0
375575,1,0,1,1,1,0.0,1.0
376375,2,0,2,1,1,0.0,1.0
376460,2,0,2,1,1,0.0,1.0
376739,1,0,1,1,1,0.0,1.0
376740,1,0,1,1,1,0.0,1.0
376845,2,0,2,1,1,0.0,1.0
377231,3,0,3,1,1,0.0,1.0
377571,2,0,2,1,1,0.0,1.0
377796,12,0,12,1,1,0.0,1.0
377799,2,0,2,1,1,0.0,1.0
378047,1,0,1,1,1,0.0,1.0
378871,2,0,2,1,1,0.0,1.0
379179,2,0,2,1,1,0.0,1.0
380017,2,0,2,1,1,0.0,1.0
380980,2,0,2,1,1,0.0,1.0
381069,1,0,1,1,1,0.0,1.0
382513,1,0,1,1,1,0.0,1.0
383922,2,0,2,1,1,0.0,1.0
384371,3,0,3,1,1,0.0,1.0
384432,5,0,5,1,1,0.0,1.0
384473,1,1,0,0,0,1.0,0.0
384923,1,0,1,1,1,0.0,1.0
385114,3,0,3,1,1,0.0,1.0
385230,1,0,1,1,1,0.0,1.0
385253,1,0,1,1,1,0.0,1.0
385769,1,0,1,1,1,0.0,1.0
385889,1,0,1,1,1,0.0,1.0
386222,2,0,2,1,1,0.0,1.0
386504,2,0,2,1,1,0.0,1.0
386935,2,0,2,1,1,0.0,1.0
387241,1,0,1,1,1,0.0,1.0
387790,3,0,3,1,1,0.0,1.0
388055,1,0,1,1,1,0.0,1.0
388710,2,0,2,1,1,0.0,1.0
388841,2,0,2,1,1,0.0,1.0
389722,2,0,2,1,1,0.0,1.0
389781,2,0,2,1,1,0.0,1.0
391525,1,0,1,1,1,0.0,1.0
391634,2,0,2,1,1,0.0,1.0
392038,2,0,2,1,1,0.0,1.0
392439,2,0,2,1,1,0.0,1.0
392532,1,1,0,0,0,1.0,0.0
392801,2,0,2,1,1,0.0,1.0
393927,1,0,1,1,1,0.0,1.0
394211,1,0,1,1,1,0.0,1.0
394230,1,1,0,0,0,1.0,0.0
394535,2,0,2,1,1,0.0,1.0
395043,1,0,1,1,1,0.0,1.0
395468,2,0,2,1,1,0.0,1.0
395592,2,0,2,1,1,0.0,1.0
396869,4,0,4,1,1,0.0,1.0
396990,2,0,2,1,1,0.0,1.0
397026,1,0,1,1,1,0.0,1.0
397032,2,0,2,1,1,0.0,1.0
397402,2,0,2,1,1,0.0,1.0
397579,2,0,2,1,1,0.0,1.0
397841,2,0,2,1,1,0.0,1.0
398037,2,0,2,1,1,0.0,1.0
398477,1,0,1,1,1,0.0,1.0
398534,6,0,6,1,1,0.0,1.0
398590,2,0,2,1,1,0.0,1.0
399157,2,0,2,1,1,0.0,1.0
399334,1,0,1,1,1,0.0,1.0
399357,1,0,1,1,1,0.0,1.0
399486,1,0,1,1,1,0.0,1.0
399803,2,0,2,1,1,0.0,1.0
400994,2,0,2,1,1,0.0,1.0
401053,4,0,4,1,1,0.0,1.0
401078,1,0,1,1,1,0.0,1.0
401151,1,0,1,1,1,0.0,1.0
401482,2,0,2,1,1,0.0,1.0
401547,1,0,1,1,1,0.0,1.0
401922,2,0,2,1,1,0.0,1.0
402045,10,0,10,1,1,0.0,1.0
402053,1,0,1,1,1,0.0,1.0
402387,2,0,2,1,1,0.0,1.0
402485,2,0,2,1,1,0.0,1.0
402981,1,1,0,0,0,1.0,0.0
404191,1,0,1,1,1,0.0,1.0
404254,4,0,4,1,1,0.0,1.0
404320,2,0,2,1,1,0.0,1.0
405088,2,0,2,1,1,0.0,1.0
405460,1,0,1,1,1,0.0,1.0
406418,2,0,2,1,1,0.0,1.0
406569,1,1,0,0,0,1.0,0.0
407355,1,0,1,1,1,0.0,1.0
407475,2,0,2,1,1,0.0,1.0
407603,2,0,2,1,1,0.0,1.0
408645,1,0,1,1,1,0.0,1.0
408938,1,0,1,1,1,0.0,1.0
409364,9,0,9,1,1,0.0,1.0
409701,3,1,2,1,1,0.3333333333333333,0.6666666666666666
410243,2,0,2,1,1,0.0,1.0
411557,4,0,4,1,1,0.0,1.0
411702,1,0,1,1,1,0.0,1.0
411771,2,0,2,1,1,0.0,1.0
412615,2,0,2,1,1,0.0,1.0
412650,2,0,2,1,1,0.0,1.0
413615,2,0,2,1,1,0.0,1.0
413818,2,0,2,1,1,0.0,1.0
414283,4,0,4,1,1,0.0,1.0
414643,2,0,2,1,1,0.0,1.0
415953,2,0,2,1,1,0.0,1.0
417452,1,0,1,1,1,0.0,1.0
417920,2,0,2,1,1,0.0,1.0
420233,3,0,3,1,1,0.0,1.0
420745,11,0,11,1,1,0.0,1.0
420765,4,0,4,1,1,0.0,1.0
421084,1,0,1,1,1,0.0,1.0
421329,2,0,2,1,1,0.0,1.0
421659,1,0,1,1,1,0.0,1.0
421833,1,0,1,1,1,0.0,1.0
422180,2,0,2,1,1,0.0,1.0
422825,2,0,2,1,1,0.0,1.0
423317,1,0,1,1,1,0.0,1.0
424319,1,0,1,1,1,0.0,1.0
425312,1,0,1,1,1,0.0,1.0
426004,3,1,2,1,1,0.3333333333333333,0.6666666666666666
426413,2,0,2,1,1,0.0,1.0
426955,2,0,2,1,1,0.0,1.0
427064,2,2,0,0,0,1.0,0.0
427228,2,0,2,1,1,0.0,1.0
427701,2,0,2,1,1,0.0,1.0
427734,2,0,2,1,1,0.0,1.0
428502,7,0,7,1,1,0.0,1.0
428775,1,0,1,1,1,0.0,1.0
429630,2,0,2,1,1,0.0,1.0
429700,2,0,2,1,1,0.0,1.0
429910,4,0,4,1,1,0.0,1.0
430035,4,0,4,1,1,0.0,1.0
430053,1,1,0,0,0,1.0,0.0
430319,5,0,5,1,1,0.0,1.0
431319,1,0,1,1,1,0.0,1.0
431358,2,0,2,1,1,0.0,1.0
431883,2,0,2,1,1,0.0,1.0
432180,2,0,2,1,1,0.0,1.0
432193,1,1,0,0,0,1.0,0.0
432517,2,0,2,1,1,0.0,1.0
432851,2,0,2,1,1,0.0,1.0
433082,2,0,2,1,1,0.0,1.0
433116,2,0,2,1,1,0.0,1.0
433382,2,0,2,1,1,0.0,1.0
434047,2,0,2,1,1,0.0,1.0
434156,1,1,0,0,0,1.0,0.0
434196,2,0,2,1,1,0.0,1.0
434209,8,0,8,1,1,0.0,1.0
435007,10,0,10,1,1,0.0,1.0
435122,1,0,1,1,1,0.0,1.0
435150,2,0,2,1,1,0.0,1.0
435542,5,0,5,1,1,0.0,1.0
435920,1,0,1,1,1,0.0,1.0
436318,8,0,8,1,1,0.0,1.0
436487,2,0,2,1,1,0.0,1.0
437288,3,0,3,1,1,0.0,1.0
437681,4,0,4,1,1,0.0,1.0
437720,1,1,0,0,0,1.0,0.0
438020,1,0,1,1,1,0.0,1.0
438537,2,0,2,1,1,0.0,1.0
438551,2,0,2,1,1,0.0,1.0
440802,2,0,2,1,1,0.0,1.0
441216,2,0,2,1,1,0.0,1.0
441417,8,0,8,1,1,0.0,1.0
441481,2,0,2,1,1,0.0,1.0
441537,1,0,1,1,1,0.0,1.0
442395,2,0,2,1,1,0.0,1.0
442752,2,0,2,1,1,0.0,1.0
443583,2,0,2,1,1,0.0,1.0
443721,4,0,4,1,1,0.0,1.0
443722,2,0,2,1,1,0.0,1.0
443986,2,0,2,1,1,0.0,1.0
444449,2,0,2,1,1,0.0,1.0
444586,2,0,2,1,1,0.0,1.0
444639,2,0,2,1,1,0.0,1.0
444926,4,0,4,1,1,0.0,1.0
445892,1,1,0,0,0,1.0,0.0
445967,6,0,6,1,1,0.0,1.0
446120,4,0,4,1,1,0.0,1.0
446138,2,0,2,1,1,0.0,1.0
446674,2,0,2,1,1,0.0,1.0
447159,1,1,0,0,0,1.0,0.0
447197,4,0,4,1,1,0.0,1.0
447278,2,0,2,1,1,0.0,1.0
447363,2,0,2,1,1,0.0,1.0
447473,4,2,2,1,0,0.5,0.5
448151,2,0,2,1,1,0.0,1.0
448635,2,0,2,1,1,0.0,1.0
449114,1,1,0,0,0,1.0,0.0
449468,1,1,0,0,0,1.0,0.0
450095,2,0,2,1,1,0.0,1.0
450186,1,0,1,1,1,0.0,1.0
450365,2,0,2,1,1,0.0,1.0
450878,1,0,1,1,1,0.0,1.0
451115,2,0,2,1,1,0.0,1.0
451446,6,0,6,1,1,0.0,1.0
451583,2,0,2,1,1,0.0,1.0
451587,2,0,2,1,1,0.0,1.0
451995,4,0,4,1,1,0.0,1.0
452290,2,0,2,1,1,0.0,1.0
452324,1,0,1,1,1,0.0,1.0
452797,1,0,1,1,1,0.0,1.0
452859,3,0,3,1,1,0.0,1.0
453996,2,0,2,1,1,0.0,1.0
455639,2,0,2,1,1,0.0,1.0
456371,7,0,7,1,1,0.0,1.0
456744,4,0,4,1,1,0.0,1.0
456822,2,0,2,1,1,0.0,1.0
457144,1,0,1,1,1,0.0,1.0
457399,2,0,2,1,1,0.0,1.0
457902,6,0,6,1,1,0.0,1.0
458862,6,0,6,1,1,0.0,1.0
459420,2,0,2,1,1,0.0,1.0
459769,2,0,2,1,1,0.0,1.0
460235,1,1,0,0,0,1.0,0.0
460594,1,0,1,1,1,0.0,1.0
460609,1,1,0,0,0,1.0,0.0
461055,2,0,2,1,1,0.0,1.0
461247,2,0,2,1,1,0.0,1.0
463179,2,2,0,0,0,1.0,0.0
463843,2,0,2,1,1,0.0,1.0
463969,2,0,2,1,1,0.0,1.0
464287,11,2,9,1,1,0.18181818181818182,0.8181818181818182
464308,2,0,2,1,1,0.0,1.0
465051,4,0,4,1,1,0.0,1.0
465229,2,0,2,1,1,0.0,1.0
465370,1,0,1,1,1,0.0,1.0
465431,2,0,2,1,1,0.0,1.0
465525,1,0,1,1,1,0.0,1.0
465690,6,0,6,1,1,0.0,1.0
466007,4,0,4,1,1,0.0,1.0
466922,2,0,2,1,1,0.0,1.0
467566,2,0,2,1,1,0.0,1.0
467814,1,0,1,1,1,0.0,1.0
468333,2,0,2,1,1,0.0,1.0
468518,1,0,1,1,1,0.0,1.0
469173,6,0,6,1,1,0.0,1.0
469211,1,1,0,0,0,1.0,0.0
469563,2,0,2,1,1,0.0,1.0
470217,1,0,1,1,1,0.0,1.0
470396,6,0,6,1,1,0.0,1.0
470490,1,0,1,1,1,0.0,1.0
471239,1,1,0,0,0,1.0,0.0
472692,2,0,2,1,1,0.0,1.0
472956,2,0,2,1,1,0.0,1.0
473133,3,0,3,1,1,0.0,1.0
473462,1,0,1,1,1,0.0,1.0
473617,1,0,1,1,1,0.0,1.0
473947,2,0,2,1,1,0.0,1.0
474179,2,0,2,1,1,0.0,1.0
474480,2,0,2,1,1,0.0,1.0
474981,1,0,1,1,1,0.0,1.0
475816,1,0,1,1,1,0.0,1.0
475854,2,0,2,1,1,0.0,1.0
476115,2,0,2,1,1,0.0,1.0
476587,3,0,3,1,1,0.0,1.0
476681,2,0,2,1,1,0.0,1.0
476827,3,0,3,1,1,0.0,1.0
478055,4,0,4,1,1,0.0,1.0
478104,2,0,2,1,1,0.0,1.0
479352,2,0,2,1,1,0.0,1.0
479900,6,0,6,1,1,0.0,1.0
481052,1,0,1,1,1,0.0,1.0
481746,2,0,2,1,1,0.0,1.0
481893,2,0,2,1,1,0.0,1.0
482009,1,0,1,1,1,0.0,1.0
482054,2,0,2,1,1,0.0,1.0
482256,1,0,1,1,1,0.0,1.0
482594,2,0,2,1,1,0.0,1.0
482945,2,0,2,1,1,0.0,1.0
483517,4,0,4,1,1,0.0,1.0
483598,15,0,15,1,1,0.0,1.0
484212,3,0,3,1,1,0.0,1.0
484445,1,0,1,1,1,0.0,1.0
484573,2,0,2,1,1,0.0,1.0
485652,2,0,2,1,1,0.0,1.0
486211,4,0,4,1,1,0.0,1.0
486834,1,0,1,1,1,0.0,1.0
487286,1,0,1,1,1,0.0,1.0
487516,2,0,2,1,1,0.0,1.0
489124,1,0,1,1,1,0.0,1.0
489209,3,0,3,1,1,0.0,1.0
489697,2,0,2,1,1,0.0,1.0
489816,1,0,1,1,1,0.0,1.0
490131,18,0,18,1,1,0.0,1.0
490331,1,0,1,1,1,0.0,1.0
491159,1,0,1,1,1,0.0,1.0
491608,1,0,1,1,1,0.0,1.0
491612,4,0,4,1,1,0.0,1.0
492308,1,0,1,1,1,0.0,1.0
492995,2,0,2,1,1,0.0,1.0
493110,3,0,3,1,1,0.0,1.0
493575,2,0,2,1,1,0.0,1.0
493587,34,0,34,1,1,0.0,1.0
493952,2,0,2,1,1,0.0,1.0
494024,1,0,1,1,1,0.0,1.0
494055,1,1,0,0,0,1.0,0.0
494324,1,0,1,1,1,0.0,1.0
494729,5,0,5,1,1,0.0,1.0
495217,5,0,5,1,1,0.0,1.0
495897,5,1,4,1,1,0.2,0.8
496593,2,0,2,1,1,0.0,1.0
496623,2,0,2,1,1,0.0,1.0
496873,1,0,1,1,1,0.0,1.0
497097,2,0,2,1,1,0.0,1.0
497615,2,0,2,1,1,0.0,1.0
497900,2,0,2,1,1,0.0,1.0
497919,2,0,2,1,1,0.0,1.0
499183,1,0,1,1,1,0.0,1.0
499365,1,0,1,1,1,0.0,1.0
499635,1,0,1,1,1,0.0,1.0
500150,1,0,1,1,1,0.0,1.0
500794,1,0,1,1,1,0.0,1.0
501089,2,0,2,1,1,0.0,1.0
501267,1,1,0,0,0,1.0,0.0
501351,1,0,1,1,1,0.0,1.0
501418,1,1,0,0,0,1.0,0.0
501644,2,0,2,1,1,0.0,1.0
502739,6,0,6,1,1,0.0,1.0
502929,6,0,6,1,1,0.0,1.0
503838,1,1,0,0,0,1.0,0.0
505302,1,1,0,0,0,1.0,0.0
506955,1,0,1,1,1,0.0,1.0
507493,5,0,5,1,1,0.0,1.0
507801,1,1,0,0,0,1.0,0.0
508114,1,1,0,0,0,1.0,0.0
509817,2,0,2,1,1,0.0,1.0
509943,7,0,7,1,1,0.0,1.0
510294,2,0,2,1,1,0.0,1.0
512154,2,0,2,1,1,0.0,1.0
512506,3,0,3,1,1,0.0,1.0
512730,2,0,2,1,1,0.0,1.0
513217,1,0,1,1,1,0.0,1.0
514032,5,0,5,1,1,0.0,1.0
515433,2,0,2,1,1,0.0,1.0
515974,1,0,1,1,1,0.0,1.0
516955,1,0,1,1,1,0.0,1.0
518487,1,1,0,0,0,1.0,0.0
518922,1,0,1,1,1,0.0,1.0
518988,6,0,6,1,1,0.0,1.0
519302,1,0,1,1,1,0.0,1.0
521138,1,0,1,1,1,0.0,1.0
521339,2,0,2,1,1,0.0,1.0
521935,2,0,2,1,1,0.0,1.0
522607,6,0,6,1,1,0.0,1.0
522904,6,0,6,1,1,0.0,1.0
523132,6,0,6,1,1,0.0,1.0
523669,3,0,3,1,1,0.0,1.0
524335,1,0,1,1,1,0.0,1.0
525562,2,0,2,1,1,0.0,1.0
525849,2,0,2,1,1,0.0,1.0
